object_id,split,index
2717133723668032087,train_batch_1,0
2697025639635422031,train_batch_1,1
2689998354648490199,train_batch_1,2
2673429640659180447,train_batch_1,3
2692292598651618549,train_batch_1,4
2687626215633207816,train_batch_1,5
2732016874663066226,train_batch_1,6
2671271269651071277,train_batch_1,7
2719376602668193972,train_batch_1,8
2709000536659884221,train_batch_1,9
2695790069638790986,train_batch_1,10
2691678682640223431,train_batch_1,11
2692284883639689742,train_batch_1,12
2732425578664265624,train_batch_1,13
2668411160666380246,train_batch_1,14
2699312927660237194,train_batch_1,15
2697786143648972910,train_batch_1,16
2666394421653088746,train_batch_1,17
2707494015654572996,train_batch_1,18
2703087177667486561,train_batch_1,19
2686414501646042616,train_batch_1,20
2668353160654629065,train_batch_1,21
2658724521660981043,train_batch_1,22
2720520833659051739,train_batch_1,23
2680529565666742770,train_batch_1,24
2704018677663340496,train_batch_1,25
2660221204658934602,train_batch_1,26
2697141826660599298,train_batch_1,27
2680898743639466843,train_batch_1,28
2706925045672227384,train_batch_1,29
2674479008669564862,train_batch_1,30
2679141169652498488,train_batch_1,31
2720642542656857942,train_batch_1,32
2668877579665118923,train_batch_1,33
2722294343666778809,train_batch_1,34
2714272399636413743,train_batch_1,35
2660003552657441849,train_batch_1,36
2686451527676589130,train_batch_1,37
2727251477658797835,train_batch_1,38
2712922543659822329,train_batch_1,39
2694959519664202737,train_batch_1,40
2691943826667687996,train_batch_1,41
2680810570663848224,train_batch_1,42
2673278195659607553,train_batch_1,43
2697845102648551497,train_batch_1,44
2711669760663159541,train_batch_1,45
2690141501659849869,train_batch_1,46
2671893298663615525,train_batch_1,47
2706453127638192005,train_batch_1,48
2702149811674200696,train_batch_1,49
2715967902669431607,train_batch_1,50
2729685961659011671,train_batch_1,51
2683072820664306166,train_batch_1,52
2693267973675414104,train_batch_1,53
2684757918655178969,train_batch_1,54
2715295028660499935,train_batch_1,55
2693306881640530196,train_batch_1,56
2682934017655966739,train_batch_1,57
2691986020653933848,train_batch_1,58
2703017358639999221,train_batch_1,59
2718788749667783264,train_batch_1,60
2707850356635136979,train_batch_1,61
2715999687657662285,train_batch_1,62
2706222326650766112,train_batch_1,63
2704391942660218466,train_batch_1,64
2668763862634009101,train_batch_1,65
2701609697639022681,train_batch_1,66
2732315460652038991,train_batch_1,67
2703157728633096018,train_batch_1,68
2698112914671216456,train_batch_1,69
2683623338638382269,train_batch_1,70
2703867349676608073,train_batch_1,71
2685000337667143733,train_batch_1,72
2697339502673144488,train_batch_1,73
2718786583664369670,train_batch_1,74
2689124211656969158,train_batch_1,75
2671361127660421232,train_batch_1,76
2718937050671731869,train_batch_1,77
2671371613666398913,train_batch_1,78
2687328124655446105,train_batch_1,79
2690515324634249284,train_batch_1,80
2690912129667279200,train_batch_1,81
2722979655673712124,train_batch_1,82
2712682160664453671,train_batch_1,83
2702785025665635733,train_batch_1,84
2722369158661256356,train_batch_1,85
2704693286661403610,train_batch_1,86
2690549565661523186,train_batch_1,87
2662889832653734138,train_batch_1,88
2701440953676043742,train_batch_1,89
2678158917660368124,train_batch_1,90
2677429465660302953,train_batch_1,91
2691578846676744153,train_batch_1,92
2707922037668456244,train_batch_1,93
2715636298668587852,train_batch_1,94
2701703612673241533,train_batch_1,95
2700572099661644099,train_batch_1,96
2675505981646584808,train_batch_1,97
2713181768665356621,train_batch_1,98
2706504331646430145,train_batch_1,99
2675903318652026345,train_batch_1,100
2671328462670590073,train_batch_1,101
2712070024656474341,train_batch_1,102
2719283810649573617,train_batch_1,103
2680625448669228070,train_batch_1,104
2705312886636874440,train_batch_1,105
2692990131656157778,train_batch_1,106
2680062062646418947,train_batch_1,107
2723909352672042189,train_batch_1,108
2672674688635928733,train_batch_1,109
2690952237647603229,train_batch_1,110
2691884391673135564,train_batch_1,111
2697725243637615363,train_batch_1,112
2700335889662326726,train_batch_1,113
2703931410653564026,train_batch_1,114
2736583862655579195,train_batch_1,115
2705103963633841738,train_batch_1,116
2668356573653444377,train_batch_1,117
2662964333656848515,train_batch_1,118
2664212150658357685,train_batch_1,119
2693722550671163948,train_batch_1,120
2699044963674336848,train_batch_1,121
2675737058671743698,train_batch_1,122
2702353472671660426,train_batch_1,123
2712827482671205264,train_batch_1,124
2714773588654873143,train_batch_1,125
2673270555634733721,train_batch_1,126
2702947539651309778,train_batch_1,127
2711600336645858546,train_batch_1,128
2661250133659519953,train_batch_1,129
2727217971662420262,train_batch_1,130
2693847016641923494,train_batch_1,131
2687758435658014898,train_batch_1,132
2669709363653823629,train_batch_1,133
2692721474635001370,train_batch_1,134
2708001460676229665,train_batch_1,135
2683898942652481377,train_batch_1,136
2708144130664090695,train_batch_1,137
2715812329658746007,train_batch_1,138
2729032777670606219,train_batch_1,139
2666394861635026455,train_batch_1,140
2701367605674640313,train_batch_1,141
2679126617659544774,train_batch_1,142
2675269536666065073,train_batch_1,143
2712580989653421612,train_batch_1,144
2689161530636419872,train_batch_1,145
2689065384659390197,train_batch_1,146
2685998625659376386,train_batch_1,147
2680888405651381514,train_batch_1,148
2684180472656666955,train_batch_1,149
2709244809673854365,train_batch_1,150
2724706898662503927,train_batch_1,151
2725243523657236968,train_batch_1,152
2703459441664715287,train_batch_1,153
2682983371638126599,train_batch_1,154
2684181618636575839,train_batch_1,155
2720565015665231630,train_batch_1,156
2674271806666928157,train_batch_1,157
2704242370643359761,train_batch_1,158
2690545644667242991,train_batch_1,159
2691373925663970362,train_batch_1,160
2666575655662301027,train_batch_1,161
2687210667645245349,train_batch_1,162
2682193639645522718,train_batch_1,163
2676127230647901355,train_batch_1,164
2673210690647188195,train_batch_1,165
2712671221665468234,train_batch_1,166
2728797939653351614,train_batch_1,167
2704588150670416402,train_batch_1,168
2663434484662245626,train_batch_1,169
2698703052645687473,train_batch_1,170
2680350493647073944,train_batch_1,171
2719880473653860895,train_batch_1,172
2688172000668364771,train_batch_1,173
2682689501655497643,train_batch_1,174
2674542639662298609,train_batch_1,175
2702351204639781608,train_batch_1,176
2675759084650589137,train_batch_1,177
2679076991663542495,train_batch_1,178
2711574984665943068,train_batch_1,179
2700562518676202505,train_batch_1,180
2704287135667684472,train_batch_1,181
2697871557676913815,train_batch_1,182
2689473539650955666,train_batch_1,183
2684117281673474407,train_batch_1,184
2720618923650208856,train_batch_1,185
2702594196662106711,train_batch_1,186
2727098522651957908,train_batch_1,187
2697184830649857839,train_batch_1,188
2685831228650161462,train_batch_1,189
2723157103653221564,train_batch_1,190
2662338079662104488,train_batch_1,191
2722944913649239683,train_batch_1,192
2680742453663022737,train_batch_1,193
2675566092654977786,train_batch_1,194
2695938951657337600,train_batch_1,195
2668747337663331274,train_batch_1,196
2666417204657352399,train_batch_1,197
2712805928645560017,train_batch_1,198
2700030050653672526,train_batch_1,199
2665258959669580487,train_batch_1,200
2709929209647921988,train_batch_1,201
2691759928665308227,train_batch_1,202
2703517952670270148,train_batch_1,203
2728642318657524613,train_batch_1,204
2704158718664100699,train_batch_1,205
2717758669673519090,train_batch_1,206
2703544980661224814,train_batch_1,207
2695737850668511467,train_batch_1,208
2699590169658929127,train_batch_1,209
2704565143660378510,train_batch_1,210
2736222897657028264,train_batch_1,211
2696642951638577374,train_batch_1,212
2676299539666416404,train_batch_1,213
2691785118677260442,train_batch_1,214
2688780054648393665,train_batch_1,215
2665058415653479597,train_batch_1,216
2669471042667074146,train_batch_1,217
2694490362654934972,train_batch_1,218
2690020078663529498,train_batch_1,219
2673973329664120134,train_batch_1,220
2658553272654659233,train_batch_1,221
2706556366672095119,train_batch_1,222
2661898354657996844,train_batch_1,223
2682094737640277942,train_batch_1,224
2662293994669328159,train_batch_1,225
2672979829669999495,train_batch_1,226
2664621103666262754,train_batch_1,227
2682930035645117404,train_batch_1,228
2677782230663619956,train_batch_1,229
2690181568663646555,train_batch_1,230
2681222547653621523,train_batch_1,231
2680139192639756689,train_batch_1,232
2688459062653158253,train_batch_1,233
2690245295661160494,train_batch_1,234
2672856106652589170,train_batch_1,235
2691895647643442508,train_batch_1,236
2678722225651025431,train_batch_1,237
2702513507664850003,train_batch_1,238
2717014492669506457,train_batch_1,239
2709334093668835063,train_batch_1,240
2717939174659859755,train_batch_1,241
2663040811656033256,train_batch_1,242
2664410287652259228,train_batch_1,243
2704564628653529077,train_batch_1,244
2710375108658052659,train_batch_1,245
2673965164671424625,train_batch_1,246
2701824130652845967,train_batch_1,247
2667663185657435574,train_batch_1,248
2726838842659049323,train_batch_1,249
2671220644659067066,train_batch_1,250
2702663393644874325,train_batch_1,251
2657173346654476300,train_batch_1,252
2670592943632800131,train_batch_1,253
2676899141673720671,train_batch_1,254
2684143686636483972,train_batch_1,255
2719923887646799606,train_batch_1,256
2692359414671730597,train_batch_1,257
2677301941648678629,train_batch_1,258
2724544004664948568,train_batch_1,259
2675482085657262943,train_batch_1,260
2717141732648992041,train_batch_1,261
2711250369635597806,train_batch_1,262
2667772352631420784,train_batch_1,263
2662003708666170959,train_batch_1,264
2696713046637707606,train_batch_1,265
2695549272658658376,train_batch_1,266
2661676929655027974,train_batch_1,267
2706516990650695167,train_batch_1,268
2733889402659643703,train_batch_1,269
2733095892664393931,train_batch_1,270
2662792461667473084,train_batch_1,271
2720457253662163767,train_batch_1,272
2691875850676839207,train_batch_1,273
2679863831637296210,train_batch_1,274
2690238793666126881,train_batch_1,275
2694288287651724248,train_batch_1,276
2661396216652370860,train_batch_1,277
2687198681671107648,train_batch_1,278
2684940231669045188,train_batch_1,279
2707957130645257229,train_batch_1,280
2726076279652150620,train_batch_1,281
2674496023665799401,train_batch_1,282
2704200630664788072,train_batch_1,283
2714501598654630031,train_batch_1,284
2682757179660191806,train_batch_1,285
2684718536670833637,train_batch_1,286
2676925984666872975,train_batch_1,287
2665907440666756377,train_batch_1,288
2675895152637832918,train_batch_1,289
2725544667671034932,train_batch_1,290
2690178335663608434,train_batch_1,291
2718927499669482942,train_batch_1,292
2725253938647844119,train_batch_1,293
2689878327667932426,train_batch_1,294
2715110703668494491,train_batch_1,295
2692792900654924843,train_batch_1,296
2667205702634733829,train_batch_1,297
2674417713637311043,train_batch_1,298
2704444861644538106,train_batch_1,299
2703923472661267415,train_batch_1,300
2693864743641189588,train_batch_1,301
2657149384653125164,train_batch_1,302
2724263240647812670,train_batch_1,303
2694551080652201418,train_batch_1,304
2692604959654876040,train_batch_1,305
2715978007665682773,train_batch_1,306
2707230463664097045,train_batch_1,307
2693286789658431871,train_batch_1,308
2685720361653227483,train_batch_1,309
2709383238659153048,train_batch_1,310
2713880445663354594,train_batch_1,311
2718005707649031847,train_batch_1,312
2710111949655980014,train_batch_1,313
2699860882674588967,train_batch_1,314
2675945574634091492,train_batch_1,315
2716238963657961274,train_batch_1,316
2667716706655596752,train_batch_1,317
2675725496647642358,train_batch_1,318
2717853230650729465,train_batch_1,319
2675473758655662671,train_batch_1,320
2672892299671132225,train_batch_1,321
2703380025645930687,train_batch_1,322
2730812194657321313,train_batch_1,323
2681128788637009626,train_batch_1,324
2705558218672304399,train_batch_1,325
2669912527635205753,train_batch_1,326
2709997256671158365,train_batch_1,327
2694321992674380641,train_batch_1,328
2704967598654212086,train_batch_1,329
2684332793654607003,train_batch_1,330
2695717080664055868,train_batch_1,331
2689056346647475061,train_batch_1,332
2704583838647013383,train_batch_1,333
2691323251676948144,train_batch_1,334
2704802400634433160,train_batch_1,335
2714384319669929576,train_batch_1,336
2677172577650659080,train_batch_1,337
2730315073653508161,train_batch_1,338
2673374250662416096,train_batch_1,339
2678447694672366870,train_batch_1,340
2718899430663677875,train_batch_1,341
2709298039661220764,train_batch_1,342
2659960637665045196,train_batch_1,343
2721174697657068003,train_batch_1,344
2670830098672258086,train_batch_1,345
2682234788667290750,train_batch_1,346
2664102479662532281,train_batch_1,347
2672034010635010437,train_batch_1,348
2682599365669968107,train_batch_1,349
2673899395658323394,train_batch_1,350
2668241231650585472,train_batch_1,351
2730839344656932806,train_batch_1,352
2707972206645240663,train_batch_1,353
2715727837664108532,train_batch_1,354
2669607262666795471,train_batch_1,355
2672535220649723997,train_batch_1,356
2716357021673050836,train_batch_1,357
2698338043652960675,train_batch_1,358
2693384660644640627,train_batch_1,359
2670841254635354646,train_batch_1,360
2696359172674946703,train_batch_1,361
2725253260648564384,train_batch_1,362
2675317709671567105,train_batch_1,363
2709035744661599183,train_batch_1,364
2707975249674050467,train_batch_1,365
2686266120668180423,train_batch_1,366
2712177112637792133,train_batch_1,367
2705805766643748902,train_batch_1,368
2662892182666448953,train_batch_1,369
2707335326646708137,train_batch_1,370
2693806536650783731,train_batch_1,371
2665476481669193498,train_batch_1,372
2669853057667420349,train_batch_1,373
2709789751649532962,train_batch_1,374
2673866216649087142,train_batch_1,375
2687922488648746331,train_batch_1,376
2693197569645784015,train_batch_1,377
2717175553639567054,train_batch_1,378
2725693098660606836,train_batch_1,379
2704366655666250150,train_batch_1,380
2689656321639064511,train_batch_1,381
2674025835648464189,train_batch_1,382
2667552311632035594,train_batch_1,383
2693840455653697121,train_batch_1,384
2687885060655898614,train_batch_1,385
2673052520650576768,train_batch_1,386
2684942985664160939,train_batch_1,387
2696205371640959819,train_batch_1,388
2736078390663921962,train_batch_1,389
2722325644653128249,train_batch_1,390
2717088138662259204,train_batch_1,391
2680255282639438167,train_batch_1,392
2696176723663399312,train_batch_1,393
2708982278636455482,train_batch_1,394
2672447517658761647,train_batch_1,395
2687499257675672462,train_batch_1,396
2695664836643626477,train_batch_1,397
2719437330668122795,train_batch_1,398
2663628772632314175,train_batch_1,399
2683697353666410197,train_batch_1,400
2705007986664237907,train_batch_1,401
2664550895655178976,train_batch_1,402
2681246549636972209,train_batch_1,403
2720503136663764108,train_batch_1,404
2664785340654765487,train_batch_1,405
2713800483652053266,train_batch_1,406
2670499435633229177,train_batch_1,407
2718061977653747215,train_batch_1,408
2689694025637744956,train_batch_1,409
2704768674648677504,train_batch_1,410
2692944768655218772,train_batch_1,411
2664662112655782075,train_batch_1,412
2724599413650323605,train_batch_1,413
2697500960667187214,train_batch_1,414
2683385573659544719,train_batch_1,415
2723678433650963270,train_batch_1,416
2725152936648481428,train_batch_1,417
2687675889651759934,train_batch_1,418
2698471357672560224,train_batch_1,419
2696551861635453573,train_batch_1,420
2691075583668674747,train_batch_1,421
2701957433659333571,train_batch_1,422
2684380770633717347,train_batch_1,423
2664741107631454407,train_batch_1,424
2677477800656013170,train_batch_1,425
2726910973663701718,train_batch_1,426
2704415681665845059,train_batch_1,427
2672599394659544887,train_batch_1,428
2684426612675783174,train_batch_1,429
2670384835661554451,train_batch_1,430
2686931777651069868,train_batch_1,431
2730307515670431729,train_batch_1,432
2667639850652017343,train_batch_1,433
2679874703638689051,train_batch_1,434
2720536641650269553,train_batch_1,435
2697917906654882721,train_batch_1,436
2689030921650303598,train_batch_1,437
2697901844648560095,train_batch_1,438
2715002669658208675,train_batch_1,439
2698895293649162109,train_batch_1,440
2713867894638249259,train_batch_1,441
2672292371673531254,train_batch_1,442
2724987343657237951,train_batch_1,443
2668954691664014588,train_batch_1,444
2730037002665430330,train_batch_1,445
2704508551671662082,train_batch_1,446
2702512551663239228,train_batch_1,447
2668117359654765125,train_batch_1,448
2664697283661592508,train_batch_1,449
2706471952655861607,train_batch_1,450
2694104216675056146,train_batch_1,451
2667133980659947657,train_batch_1,452
2723014138659223821,train_batch_1,453
2697926715666677154,train_batch_1,454
2669128734633415993,train_batch_1,455
2702724840675713464,train_batch_1,456
2693913964634854103,train_batch_1,457
2673463502636691010,train_batch_1,458
2671646368661430874,train_batch_1,459
2719959341660620084,train_batch_1,460
2677657889664773640,train_batch_1,461
2705520993635919211,train_batch_1,462
2674540237669963183,train_batch_1,463
2685163821672054186,train_batch_1,464
2722661491659707160,train_batch_1,465
2695795916636121367,train_batch_1,466
2717386376660071708,train_batch_1,467
2721968848670782245,train_batch_1,468
2731488416654821938,train_batch_1,469
2670989550666480251,train_batch_1,470
2704363171657903328,train_batch_1,471
2693050174651582492,train_batch_1,472
2707824120648447134,train_batch_1,473
2679054099670455952,train_batch_1,474
2704046352636783870,train_batch_1,475
2671369747657302179,train_batch_1,476
2695525884646487056,train_batch_1,477
2683674751651776366,train_batch_1,478
2719460318665569359,train_batch_1,479
2695390895671767207,train_batch_1,480
2698012649655324044,train_batch_1,481
2713291321654726129,train_batch_1,482
2677662128652700169,train_batch_1,483
2733366821655225550,train_batch_1,484
2729706739657550645,train_batch_1,485
2700778070649107536,train_batch_1,486
2698326651674666990,train_batch_1,487
2679159137652418506,train_batch_1,488
2702168451651563850,train_batch_1,489
2695982891655440444,train_batch_1,490
2726257465652915920,train_batch_1,491
2669737128653304131,train_batch_1,492
2717467312650647267,train_batch_1,493
2690644021648396249,train_batch_1,494
2701036369659726305,train_batch_1,495
2663500850657552060,train_batch_1,496
2708639505668165744,train_batch_1,497
2706266611652742733,train_batch_1,498
2664027581663824311,train_batch_1,499
2669602381649752164,train_batch_2,0
2675573705638489136,train_batch_2,1
2727177270655456155,train_batch_2,2
2722600622654987600,train_batch_2,3
2697096582639921711,train_batch_2,4
2672912982655435069,train_batch_2,5
2718006439653961068,train_batch_2,6
2728697029670650693,train_batch_2,7
2707268908660169927,train_batch_2,8
2684047518645679782,train_batch_2,9
2680348904644167858,train_batch_2,10
2700670835634237498,train_batch_2,11
2702265317676999515,train_batch_2,12
2675199503651236752,train_batch_2,13
2674472166633784981,train_batch_2,14
2705053658647886667,train_batch_2,15
2715464228665121316,train_batch_2,16
2735808015664651934,train_batch_2,17
2708411557645055375,train_batch_2,18
2704209769650443589,train_batch_2,19
2725499439657111120,train_batch_2,20
2675301563658496958,train_batch_2,21
2676226959654161257,train_batch_2,22
2687052034650831328,train_batch_2,23
2719376273666791818,train_batch_2,24
2709417751655354777,train_batch_2,25
2659552818661267922,train_batch_2,26
2681472955636872214,train_batch_2,27
2710872149646625052,train_batch_2,28
2700673612642161456,train_batch_2,29
2672111156633226915,train_batch_2,30
2687872524651264109,train_batch_2,31
2670852513662911743,train_batch_2,32
2666470792632996082,train_batch_2,33
2708503839637208740,train_batch_2,34
2726850843654196128,train_batch_2,35
2687597819675590993,train_batch_2,36
2709582989668197884,train_batch_2,37
2668268719652603062,train_batch_2,38
2719465224659722005,train_batch_2,39
2687679739634800805,train_batch_2,40
2707359774648678511,train_batch_2,41
2675873650671549681,train_batch_2,42
2690440588640837124,train_batch_2,43
2702748267666668969,train_batch_2,44
2672161564666469144,train_batch_2,45
2696909973638116581,train_batch_2,46
2705044473636798794,train_batch_2,47
2713724712664471713,train_batch_2,48
2667276397669789382,train_batch_2,49
2702962708659293973,train_batch_2,50
2707012536648954940,train_batch_2,51
2672175112666420668,train_batch_2,52
2690598028648163127,train_batch_2,53
2708482210659314663,train_batch_2,54
2675367303665226619,train_batch_2,55
2713715317647043863,train_batch_2,56
2698907210672702564,train_batch_2,57
2712341767663026797,train_batch_2,58
2726752608669003803,train_batch_2,59
2707355320635052455,train_batch_2,60
2687242595650893337,train_batch_2,61
2678605446668855637,train_batch_2,62
2697937520645543068,train_batch_2,63
2688095289649741794,train_batch_2,64
2685268377649100562,train_batch_2,65
2668426853666399631,train_batch_2,66
2737871882665339244,train_batch_2,67
2658311326664439271,train_batch_2,68
2711758712647561381,train_batch_2,69
2672429875665617062,train_batch_2,70
2718103272653754598,train_batch_2,71
2711005707654894162,train_batch_2,72
2692019751646179472,train_batch_2,73
2722138596664761344,train_batch_2,74
2699023462673158608,train_batch_2,75
2691308783664129797,train_batch_2,76
2695502505642402363,train_batch_2,77
2728013518656641706,train_batch_2,78
2717662675655981701,train_batch_2,79
2706340769663886690,train_batch_2,80
2691964218650757598,train_batch_2,81
2717292155655932974,train_batch_2,82
2693758354644536652,train_batch_2,83
2677182377668469689,train_batch_2,84
2702473343640533614,train_batch_2,85
2666679833662231207,train_batch_2,86
2700133167659773390,train_batch_2,87
2674602772650707076,train_batch_2,88
2705729255647254570,train_batch_2,89
2662427993656067963,train_batch_2,90
2727788659651374316,train_batch_2,91
2724991802662787046,train_batch_2,92
2689807261673347469,train_batch_2,93
2684205556670661219,train_batch_2,94
2701502958641339683,train_batch_2,95
2725476377660497295,train_batch_2,96
2674263606647139283,train_batch_2,97
2705382823670448279,train_batch_2,98
2731239896664794398,train_batch_2,99
2677598368637807259,train_batch_2,100
2717857882646734119,train_batch_2,101
2710037507659962962,train_batch_2,102
2662225461660929857,train_batch_2,103
2695758174636665734,train_batch_2,104
2722040388666012352,train_batch_2,105
2669303670649919468,train_batch_2,106
2711184604653819376,train_batch_2,107
2703175024664388471,train_batch_2,108
2727892725672009349,train_batch_2,109
2696519795641849242,train_batch_2,110
2690932259637499120,train_batch_2,111
2684457130661693800,train_batch_2,112
2701903877663509689,train_batch_2,113
2716056946663511670,train_batch_2,114
2662415812666655340,train_batch_2,115
2665767792659024954,train_batch_2,116
2715348704670790646,train_batch_2,117
2678532413659485092,train_batch_2,118
2678179029650897569,train_batch_2,119
2675008560656188434,train_batch_2,120
2712926565654795407,train_batch_2,121
2700940608636338596,train_batch_2,122
2710617098635643708,train_batch_2,123
2692202082635151218,train_batch_2,124
2702240957654281423,train_batch_2,125
2712302291649834925,train_batch_2,126
2703019107662818165,train_batch_2,127
2698223548640237372,train_batch_2,128
2697238145662440389,train_batch_2,129
2669676289652221145,train_batch_2,130
2695832467637483809,train_batch_2,131
2693225021644994361,train_batch_2,132
2699403087661148083,train_batch_2,133
2686700739645788422,train_batch_2,134
2668385847666709343,train_batch_2,135
2698044576650541603,train_batch_2,136
2708634638672572337,train_batch_2,137
2665053276663870913,train_batch_2,138
2706832918648851689,train_batch_2,139
2688330474656321419,train_batch_2,140
2678772351639233092,train_batch_2,141
2678672568663210707,train_batch_2,142
2732715407660896004,train_batch_2,143
2710708296658150328,train_batch_2,144
2694324889660963781,train_batch_2,145
2722571781651391329,train_batch_2,146
2704803396674881439,train_batch_2,147
2662245989660329940,train_batch_2,148
2667715352666191798,train_batch_2,149
2722623069650956724,train_batch_2,150
2698287011653118834,train_batch_2,151
2681017752658961236,train_batch_2,152
2670800408659447073,train_batch_2,153
2689306137649933295,train_batch_2,154
2666697487670960075,train_batch_2,155
2682713300649775234,train_batch_2,156
2658106276665851298,train_batch_2,157
2692903689667444675,train_batch_2,158
2680330747672031210,train_batch_2,159
2696929610655652105,train_batch_2,160
2710739517659691813,train_batch_2,161
2726316773661333080,train_batch_2,162
2698525130635878245,train_batch_2,163
2687613196663849184,train_batch_2,164
2661089242665266687,train_batch_2,165
2705529785666073823,train_batch_2,166
2705720133639304790,train_batch_2,167
2716004588656937986,train_batch_2,168
2678067958652126971,train_batch_2,169
2711859870662395117,train_batch_2,170
2717782398656033580,train_batch_2,171
2671492464632981112,train_batch_2,172
2717900648636814121,train_batch_2,173
2670180698652191180,train_batch_2,174
2724924277657219884,train_batch_2,175
2713990199670040448,train_batch_2,176
2669139509661717754,train_batch_2,177
2666758818668391384,train_batch_2,178
2661374549653469342,train_batch_2,179
2698757681651344844,train_batch_2,180
2692897998666538830,train_batch_2,181
2723949455654193796,train_batch_2,182
2703062612645870930,train_batch_2,183
2670320057658282597,train_batch_2,184
2676138035663184454,train_batch_2,185
2685513159634414942,train_batch_2,186
2702035699639249453,train_batch_2,187
2677316876656387122,train_batch_2,188
2659128134657366009,train_batch_2,189
2726286907655011425,train_batch_2,190
2683026816652675393,train_batch_2,191
2708532865635694270,train_batch_2,192
2677755158648965456,train_batch_2,193
2724314290666674508,train_batch_2,194
2729001539654312820,train_batch_2,195
2695330526644633645,train_batch_2,196
2701673800652679965,train_batch_2,197
2712228356650872005,train_batch_2,198
2724011376668942055,train_batch_2,199
2706888394637172697,train_batch_2,200
2708354408659142693,train_batch_2,201
2713874939671751963,train_batch_2,202
2698315856643637400,train_batch_2,203
2719443561649190241,train_batch_2,204
2670341917660436110,train_batch_2,205
2700956853657273113,train_batch_2,206
2658262866655327195,train_batch_2,207
2710244723635869820,train_batch_2,208
2667349649658169217,train_batch_2,209
2700597234660543459,train_batch_2,210
2716999579651974086,train_batch_2,211
2681575385653612354,train_batch_2,212
2693904113636773889,train_batch_2,213
2692737756652080177,train_batch_2,214
2708757389649477757,train_batch_2,215
2702285905638923745,train_batch_2,216
2725153410656121739,train_batch_2,217
2691974384656607837,train_batch_2,218
2684549847666663740,train_batch_2,219
2708665834661491236,train_batch_2,220
2663703015669021246,train_batch_2,221
2732324093657473265,train_batch_2,222
2680870357664326914,train_batch_2,223
2696981828665747396,train_batch_2,224
2680782704670471125,train_batch_2,225
2706472432651505586,train_batch_2,226
2688635907652531421,train_batch_2,227
2715864507649437375,train_batch_2,228
2731182059658497480,train_batch_2,229
2726993352665937219,train_batch_2,230
2728850815655541703,train_batch_2,231
2657879030665918046,train_batch_2,232
2699343692655036830,train_batch_2,233
2689872839638505148,train_batch_2,234
2678015755664126853,train_batch_2,235
2685836587643940786,train_batch_2,236
2734644573655128344,train_batch_2,237
2685566996639089652,train_batch_2,238
2679543692639326432,train_batch_2,239
2687842569651269837,train_batch_2,240
2714160088666067803,train_batch_2,241
2678746967652489738,train_batch_2,242
2716980606668959655,train_batch_2,243
2701523655654373921,train_batch_2,244
2711316830648805002,train_batch_2,245
2695825939647338208,train_batch_2,246
2735597197654007143,train_batch_2,247
2689349763656110495,train_batch_2,248
2693773488662601157,train_batch_2,249
2725145033665110093,train_batch_2,250
2709247696644732237,train_batch_2,251
2663231466659368059,train_batch_2,252
2665832295653145844,train_batch_2,253
2662776034666376287,train_batch_2,254
2688808180671002982,train_batch_2,255
2668849623663903613,train_batch_2,256
2672385964633152155,train_batch_2,257
2683933326648386290,train_batch_2,258
2695321659672567633,train_batch_2,259
2691156692664899866,train_batch_2,260
2711278648668423239,train_batch_2,261
2668644262651000308,train_batch_2,262
2704559682669861976,train_batch_2,263
2716529819661319368,train_batch_2,264
2675140695648763642,train_batch_2,265
2686267664648545008,train_batch_2,266
2694008029636044779,train_batch_2,267
2690737227670044857,train_batch_2,268
2714502147672416038,train_batch_2,269
2679703251636030250,train_batch_2,270
2700551667640643326,train_batch_2,271
2725831904660673508,train_batch_2,272
2728027496650610362,train_batch_2,273
2684550569652299066,train_batch_2,274
2687866599651038106,train_batch_2,275
2703399039672291013,train_batch_2,276
2683916664649360621,train_batch_2,277
2701815239647354007,train_batch_2,278
2662926026660895417,train_batch_2,279
2722194441650772781,train_batch_2,280
2718426231665177407,train_batch_2,281
2694204689639927675,train_batch_2,282
2680213177649777008,train_batch_2,283
2709384093650256458,train_batch_2,284
2679939296635246557,train_batch_2,285
2658865401656973606,train_batch_2,286
2691002263667297522,train_batch_2,287
2699843474636100745,train_batch_2,288
2688632393666575660,train_batch_2,289
2683458320675213422,train_batch_2,290
2678737296669883961,train_batch_2,291
2667599117668369825,train_batch_2,292
2696266257657559036,train_batch_2,293
2696874161664238517,train_batch_2,294
2705389828661356287,train_batch_2,295
2697541835638913590,train_batch_2,296
2693712251652344687,train_batch_2,297
2710642946670943136,train_batch_2,298
2705007167660319440,train_batch_2,299
2681067385669220243,train_batch_2,300
2660882632653523711,train_batch_2,301
2715532143667522319,train_batch_2,302
2720930683665429634,train_batch_2,303
2707276647637129802,train_batch_2,304
2667622269634944499,train_batch_2,305
2717244463656870283,train_batch_2,306
2724473358666748623,train_batch_2,307
2733879072665932778,train_batch_2,308
2697491285665045057,train_batch_2,309
2670623767657672563,train_batch_2,310
2714272639659289287,train_batch_2,311
2724916158668607625,train_batch_2,312
2688239698659474068,train_batch_2,313
2704240629669216571,train_batch_2,314
2703681226638988263,train_batch_2,315
2718185873656145261,train_batch_2,316
2733186855653313950,train_batch_2,317
2738000106659898152,train_batch_2,318
2668556658660422080,train_batch_2,319
2694070794645073958,train_batch_2,320
2685330744655077253,train_batch_2,321
2699576248648229501,train_batch_2,322
2690071840639524526,train_batch_2,323
2678119528638722627,train_batch_2,324
2674822065669668577,train_batch_2,325
2664506431664543674,train_batch_2,326
2707399310646358696,train_batch_2,327
2685902718650386856,train_batch_2,328
2675467046634679783,train_batch_2,329
2727564961665695243,train_batch_2,330
2666809736671671157,train_batch_2,331
2690021132667753845,train_batch_2,332
2717415293654921227,train_batch_2,333
2679378074653346679,train_batch_2,334
2698176160660338410,train_batch_2,335
2669693848658480984,train_batch_2,336
2685964122662217420,train_batch_2,337
2672508494660285468,train_batch_2,338
2688866873675211462,train_batch_2,339
2692107897654315034,train_batch_2,340
2681733738662572188,train_batch_2,341
2699128517668054652,train_batch_2,342
2724369907660266860,train_batch_2,343
2673162651661769993,train_batch_2,344
2686280762664639378,train_batch_2,345
2699707103656873953,train_batch_2,346
2692087619647576539,train_batch_2,347
2696575708651306688,train_batch_2,348
2688114939649593710,train_batch_2,349
2725761838657533315,train_batch_2,350
2686656762640796717,train_batch_2,351
2696947116654278508,train_batch_2,352
2707792564658981984,train_batch_2,353
2697982719654853960,train_batch_2,354
2723318377671466910,train_batch_2,355
2670478109667866497,train_batch_2,356
2700769182675167454,train_batch_2,357
2679885505636309391,train_batch_2,358
2722498074650561748,train_batch_2,359
2679172935656146604,train_batch_2,360
2685555349636121633,train_batch_2,361
2666954981633431877,train_batch_2,362
2679122038659995083,train_batch_2,363
2693249387657787049,train_batch_2,364
2729990636664916106,train_batch_2,365
2722307860653904201,train_batch_2,366
2664635166658733533,train_batch_2,367
2682806858670498389,train_batch_2,368
2708822278659949719,train_batch_2,369
2685917836656394971,train_batch_2,370
2676683521651109306,train_batch_2,371
2673159850671163263,train_batch_2,372
2705119482637137486,train_batch_2,373
2694636675635633575,train_batch_2,374
2736118007658072010,train_batch_2,375
2722811822664432835,train_batch_2,376
2709585651674203854,train_batch_2,377
2670374567648544244,train_batch_2,378
2710700274655000348,train_batch_2,379
2705364894647737442,train_batch_2,380
2680255255652295698,train_batch_2,381
2701329511660147734,train_batch_2,382
2697308100647857803,train_batch_2,383
2688685801648170763,train_batch_2,384
2727942292653437408,train_batch_2,385
2691726590653634769,train_batch_2,386
2708466241659876846,train_batch_2,387
2737199745655204194,train_batch_2,388
2680659418663051694,train_batch_2,389
2687589805652053982,train_batch_2,390
2662827088651070938,train_batch_2,391
2686535097649759543,train_batch_2,392
2701191083653772950,train_batch_2,393
2723962252648638050,train_batch_2,394
2680851806655485845,train_batch_2,395
2681436634666451823,train_batch_2,396
2702511882667075229,train_batch_2,397
2689500286657904740,train_batch_2,398
2664041976663128212,train_batch_2,399
2683550507651762106,train_batch_2,400
2735147799661180093,train_batch_2,401
2696388209674863720,train_batch_2,402
2694393064666865319,train_batch_2,403
2730620943663469536,train_batch_2,404
2705361882673426867,train_batch_2,405
2711780653636976999,train_batch_2,406
2670141317656296326,train_batch_2,407
2669676445655211254,train_batch_2,408
2690536757670710312,train_batch_2,409
2711329503635749251,train_batch_2,410
2693308431648789796,train_batch_2,411
2662928661667959908,train_batch_2,412
2696664360636361141,train_batch_2,413
2659296559665723482,train_batch_2,414
2702794016676314841,train_batch_2,415
2720917620656496447,train_batch_2,416
2668581709671536319,train_batch_2,417
2711397030671229772,train_batch_2,418
2722640657655049592,train_batch_2,419
2708935474668931242,train_batch_2,420
2703158427654599587,train_batch_2,421
2727458074651856473,train_batch_2,422
2700171031667571530,train_batch_2,423
2672374865633361051,train_batch_2,424
2695807486650412174,train_batch_2,425
2677015082650908903,train_batch_2,426
2682498528644276603,train_batch_2,427
2699644007646362844,train_batch_2,428
2665860496660333105,train_batch_2,429
2705445368652879016,train_batch_2,430
2712518987663922299,train_batch_2,431
2672227039664183643,train_batch_2,432
2699978358656047406,train_batch_2,433
2673712434646296587,train_batch_2,434
2662518048665567418,train_batch_2,435
2688774184634106554,train_batch_2,436
2698436600651548596,train_batch_2,437
2669330108663149197,train_batch_2,438
2692230678646341346,train_batch_2,439
2684162876648772199,train_batch_2,440
2701769798661007308,train_batch_2,441
2682232275633186414,train_batch_2,442
2707201914661081101,train_batch_2,443
2720077533669582743,train_batch_2,444
2720859830650477339,train_batch_2,445
2662688846660249563,train_batch_2,446
2705535944668618060,train_batch_2,447
2678823340637448887,train_batch_2,448
2683211247633598614,train_batch_2,449
2664766820631743619,train_batch_2,450
2719802863660952350,train_batch_2,451
2675305542656280696,train_batch_2,452
2674209955633740687,train_batch_2,453
2666695755653903904,train_batch_2,454
2724889330666502422,train_batch_2,455
2722051940658296334,train_batch_2,456
2692795038667791760,train_batch_2,457
2679606220650659938,train_batch_2,458
2720031822650962156,train_batch_2,459
2687810754654945521,train_batch_2,460
2698875657650146722,train_batch_2,461
2668143110665969902,train_batch_2,462
2687569666662299415,train_batch_2,463
2670470317656692052,train_batch_2,464
2736734690656035425,train_batch_2,465
2694470612647924047,train_batch_2,466
2691267083637862380,train_batch_2,467
2715526773672710482,train_batch_2,468
2679918510652227120,train_batch_2,469
2715936961669388785,train_batch_2,470
2670535297667157989,train_batch_2,471
2730697277656487277,train_batch_2,472
2728934903655528098,train_batch_2,473
2691104701673985766,train_batch_2,474
2666817229664610196,train_batch_2,475
2684887941659770067,train_batch_2,476
2699757050638977249,train_batch_2,477
2714309489660340062,train_batch_2,478
2723654468664229137,train_batch_2,479
2709296823650699694,train_batch_2,480
2701523070650750299,train_batch_2,481
2671908889653209841,train_batch_2,482
2703853153673058942,train_batch_2,483
2683735108665933805,train_batch_2,484
2708576182655022527,train_batch_2,485
2705865624675337935,train_batch_2,486
2680700826640313994,train_batch_2,487
2719441081648759840,train_batch_2,488
2699859762656737801,train_batch_2,489
2699009200653765792,train_batch_2,490
2668423798651912538,train_batch_2,491
2679448734635936245,train_batch_2,492
2732071547668044644,train_batch_2,493
2725099035664549850,train_batch_2,494
2702730628649339647,train_batch_2,495
2717268604655337934,train_batch_2,496
2728945136663900784,train_batch_2,497
2671831467661753369,train_batch_2,498
2691053792660425132,train_batch_2,499
2723616128657201729,train_batch_3,0
2671535051667427630,train_batch_3,1
2691165850638904946,train_batch_3,2
2700324463637290602,train_batch_3,3
2674089854635351350,train_batch_3,4
2718425206650040164,train_batch_3,5
2697269829666837742,train_batch_3,6
2679322178652047158,train_batch_3,7
2709220395647617354,train_batch_3,8
2670782452662414123,train_batch_3,9
2697303234636867406,train_batch_3,10
2675384504634264674,train_batch_3,11
2682091720668255171,train_batch_3,12
2694626291651467491,train_batch_3,13
2720885443666619258,train_batch_3,14
2731455958661487067,train_batch_3,15
2725106744656341449,train_batch_3,16
2673579305660747734,train_batch_3,17
2704756777636344050,train_batch_3,18
2679593926656872776,train_batch_3,19
2693759709652255944,train_batch_3,20
2664776052653260066,train_batch_3,21
2729925629664044368,train_batch_3,22
2685497857654879048,train_batch_3,23
2676815534638511138,train_batch_3,24
2704977107636768675,train_batch_3,25
2665132588651675424,train_batch_3,26
2686812196639759621,train_batch_3,27
2712758621650799889,train_batch_3,28
2695150014643962367,train_batch_3,29
2693548369645408159,train_batch_3,30
2699719797646361627,train_batch_3,31
2698662483662221995,train_batch_3,32
2673111654663921068,train_batch_3,33
2713469949645327877,train_batch_3,34
2699957978640844153,train_batch_3,35
2707734865636645155,train_batch_3,36
2707040773656304842,train_batch_3,37
2716727957666546064,train_batch_3,38
2720799205670502908,train_batch_3,39
2705286031657975634,train_batch_3,40
2713926458648298677,train_batch_3,41
2709293012659626073,train_batch_3,42
2718291747664421581,train_batch_3,43
2732864983653049600,train_batch_3,44
2693325302675509109,train_batch_3,45
2720674132648595876,train_batch_3,46
2680856078633896012,train_batch_3,47
2711705577650945235,train_batch_3,48
2711369845658608243,train_batch_3,49
2691434899650289186,train_batch_3,50
2658929651659345594,train_batch_3,51
2696097262674665948,train_batch_3,52
2664947902632130884,train_batch_3,53
2708262916647852767,train_batch_3,54
2662419965659336893,train_batch_3,55
2702693944664599061,train_batch_3,56
2684766515653930786,train_batch_3,57
2720443869660472898,train_batch_3,58
2734252450655975680,train_batch_3,59
2722657977660985744,train_batch_3,60
2667564593654669021,train_batch_3,61
2690319200675133337,train_batch_3,62
2710602213661305020,train_batch_3,63
2687516858641492236,train_batch_3,64
2689743985676911930,train_batch_3,65
2688404112645982537,train_batch_3,66
2676071573637160497,train_batch_3,67
2670744367648488161,train_batch_3,68
2717087790660489393,train_batch_3,69
2675749065635839073,train_batch_3,70
2720671503656787305,train_batch_3,71
2681438900649467058,train_batch_3,72
2700657387657228792,train_batch_3,73
2712604499637702345,train_batch_3,74
2692419945646203185,train_batch_3,75
2691602044660271079,train_batch_3,76
2727022929654845017,train_batch_3,77
2734252731656376444,train_batch_3,78
2680464743668596453,train_batch_3,79
2678806118647220243,train_batch_3,80
2684422426637763726,train_batch_3,81
2683287050662029525,train_batch_3,82
2684001948658521621,train_batch_3,83
2721357060638008810,train_batch_3,84
2680211076668794590,train_batch_3,85
2699160218676432324,train_batch_3,86
2709588374671144054,train_batch_3,87
2677713714645574163,train_batch_3,88
2697265761671949854,train_batch_3,89
2701675255636532908,train_batch_3,90
2688552843664343111,train_batch_3,91
2711837568661304117,train_batch_3,92
2672501603659918453,train_batch_3,93
2702178015637436372,train_batch_3,94
2711348139670538990,train_batch_3,95
2671171887673913671,train_batch_3,96
2682474654665692088,train_batch_3,97
2707438986675159037,train_batch_3,98
2685844906662060617,train_batch_3,99
2701435561659401585,train_batch_3,100
2714143391657742598,train_batch_3,101
2693394536634751253,train_batch_3,102
2717823279662578171,train_batch_3,103
2680521798655126208,train_batch_3,104
2717775376657951475,train_batch_3,105
2701217411661242443,train_batch_3,106
2722687837652439977,train_batch_3,107
2690338689673639341,train_batch_3,108
2677469158649973826,train_batch_3,109
2732742647664360705,train_batch_3,110
2657278068658324539,train_batch_3,111
2656380585661411109,train_batch_3,112
2723939965663159136,train_batch_3,113
2670548396651583657,train_batch_3,114
2705158025659491545,train_batch_3,115
2672789411662032464,train_batch_3,116
2720354643638616970,train_batch_3,117
2712917220672505278,train_batch_3,118
2696189376644169086,train_batch_3,119
2707284049634365994,train_batch_3,120
2680205370662778746,train_batch_3,121
2717429012670791591,train_batch_3,122
2689706709640567828,train_batch_3,123
2697363283647585832,train_batch_3,124
2726295811657660184,train_batch_3,125
2689896081664115021,train_batch_3,126
2691755587646885009,train_batch_3,127
2676781220674454765,train_batch_3,128
2706586242664403180,train_batch_3,129
2662536648663992905,train_batch_3,130
2701833498637279522,train_batch_3,131
2699536326652744210,train_batch_3,132
2696881214642347255,train_batch_3,133
2686757697667708791,train_batch_3,134
2703849275657651133,train_batch_3,135
2735966619661902762,train_batch_3,136
2725037220649328241,train_batch_3,137
2662440004652743956,train_batch_3,138
2690996705652837180,train_batch_3,139
2686006801637515059,train_batch_3,140
2672592013648626325,train_batch_3,141
2697472402637401518,train_batch_3,142
2663603397660354228,train_batch_3,143
2664301710661400097,train_batch_3,144
2699685737667213285,train_batch_3,145
2678939669652321381,train_batch_3,146
2691756907669633326,train_batch_3,147
2664777567654785509,train_batch_3,148
2701460787674864083,train_batch_3,149
2683112285648348211,train_batch_3,150
2664943359652151075,train_batch_3,151
2732946148657519165,train_batch_3,152
2682193116668591255,train_batch_3,153
2693222459657390249,train_batch_3,154
2721545177671331310,train_batch_3,155
2717656249661582617,train_batch_3,156
2716486238670511221,train_batch_3,157
2720720992649780834,train_batch_3,158
2699418139654596836,train_batch_3,159
2697326518663598845,train_batch_3,160
2697288368662802939,train_batch_3,161
2709380331653433436,train_batch_3,162
2669544979658485502,train_batch_3,163
2694408838653080171,train_batch_3,164
2683833623662980556,train_batch_3,165
2711480929673081520,train_batch_3,166
2663681276659674334,train_batch_3,167
2731491928661226524,train_batch_3,168
2672873638666223245,train_batch_3,169
2672120980660895382,train_batch_3,170
2712997132659798155,train_batch_3,171
2689852464670226038,train_batch_3,172
2715677503637033573,train_batch_3,173
2712737323655493463,train_batch_3,174
2704127438665810957,train_batch_3,175
2696973289659003301,train_batch_3,176
2715418266646743723,train_batch_3,177
2681730687653738611,train_batch_3,178
2719766422652728020,train_batch_3,179
2702198700650152610,train_batch_3,180
2709853640658083005,train_batch_3,181
2686326207666756732,train_batch_3,182
2698611472637147200,train_batch_3,183
2691371982647629697,train_batch_3,184
2736944730659416836,train_batch_3,185
2686421291646687106,train_batch_3,186
2735782246667425003,train_batch_3,187
2677876684672675954,train_batch_3,188
2702646043655741510,train_batch_3,189
2720225357654068657,train_batch_3,190
2667016296654360270,train_batch_3,191
2714984302672563680,train_batch_3,192
2693357373676090141,train_batch_3,193
2684927674653037187,train_batch_3,194
2728797950656656890,train_batch_3,195
2710762366656796766,train_batch_3,196
2728000970658551235,train_batch_3,197
2688246917635705805,train_batch_3,198
2711364232646427656,train_batch_3,199
2717809543659759985,train_batch_3,200
2667889489635548782,train_batch_3,201
2683750611657170349,train_batch_3,202
2724028583649646188,train_batch_3,203
2678901911640113213,train_batch_3,204
2719401028669091017,train_batch_3,205
2694666377661400284,train_batch_3,206
2670563846654662108,train_batch_3,207
2663912973655899243,train_batch_3,208
2692950594651373646,train_batch_3,209
2667950387631890263,train_batch_3,210
2734480643654880266,train_batch_3,211
2687178960653139714,train_batch_3,212
2684104032637010521,train_batch_3,213
2675904774650219971,train_batch_3,214
2678963596649117740,train_batch_3,215
2668780049656276056,train_batch_3,216
2689041090649005710,train_batch_3,217
2688854001645414332,train_batch_3,218
2718645150645836249,train_batch_3,219
2687440916658999409,train_batch_3,220
2712738265650171398,train_batch_3,221
2706244071645733128,train_batch_3,222
2673484235657377955,train_batch_3,223
2721903541667782278,train_batch_3,224
2690720675656774958,train_batch_3,225
2716658500638884940,train_batch_3,226
2697709131652082610,train_batch_3,227
2697122331676351102,train_batch_3,228
2692127809644369238,train_batch_3,229
2697922399672085430,train_batch_3,230
2688549016635697113,train_batch_3,231
2705352152665987984,train_batch_3,232
2680811870648815165,train_batch_3,233
2695882767675275346,train_batch_3,234
2739182130658654057,train_batch_3,235
2668623392666657858,train_batch_3,236
2702328593635794813,train_batch_3,237
2722964450669395926,train_batch_3,238
2665233866665072420,train_batch_3,239
2688077572665614204,train_batch_3,240
2691652508666755349,train_batch_3,241
2692160709657754381,train_batch_3,242
2701439766633584796,train_batch_3,243
2672054250670742732,train_batch_3,244
2707608225658322744,train_batch_3,245
2677813841666390164,train_batch_3,246
2676377656652759104,train_batch_3,247
2695417342648374169,train_batch_3,248
2723009880662135295,train_batch_3,249
2681072887652509501,train_batch_3,250
2706176799660455724,train_batch_3,251
2677365026671443566,train_batch_3,252
2662267237665615592,train_batch_3,253
2731857741659313339,train_batch_3,254
2711299220668036358,train_batch_3,255
2693233746641355233,train_batch_3,256
2687919443655110938,train_batch_3,257
2714899725637556655,train_batch_3,258
2671505896635728087,train_batch_3,259
2713565145657109432,train_batch_3,260
2703160913651665141,train_batch_3,261
2725320572654836654,train_batch_3,262
2672650177632944220,train_batch_3,263
2660733986658676522,train_batch_3,264
2692950284648919167,train_batch_3,265
2707362190668338392,train_batch_3,266
2685903506638494809,train_batch_3,267
2681679392645746772,train_batch_3,268
2699609425654702016,train_batch_3,269
2711642888656552823,train_batch_3,270
2677884030651445169,train_batch_3,271
2731409122651245626,train_batch_3,272
2718220796668364983,train_batch_3,273
2730297823663068559,train_batch_3,274
2671715050635959432,train_batch_3,275
2679187325659474783,train_batch_3,276
2694009902643705795,train_batch_3,277
2666647330631351495,train_batch_3,278
2669611023657741490,train_batch_3,279
2705516461672867274,train_batch_3,280
2712327116655906806,train_batch_3,281
2706459341670094196,train_batch_3,282
2720954448647829311,train_batch_3,283
2668794630647948168,train_batch_3,284
2670930488656162774,train_batch_3,285
2702271773662819087,train_batch_3,286
2678975997651782091,train_batch_3,287
2664385584653465181,train_batch_3,288
2679204146637098215,train_batch_3,289
2714130115672995112,train_batch_3,290
2686332731636166356,train_batch_3,291
2709168868667919196,train_batch_3,292
2724469776659349177,train_batch_3,293
2689797513650248594,train_batch_3,294
2675960822659948614,train_batch_3,295
2711477792672504785,train_batch_3,296
2689456255657391679,train_batch_3,297
2717872017667859500,train_batch_3,298
2710976809667914307,train_batch_3,299
2714480477636785421,train_batch_3,300
2690828977658835353,train_batch_3,301
2676556050673797554,train_batch_3,302
2675979095671703787,train_batch_3,303
2686044752644545497,train_batch_3,304
2677989184637729192,train_batch_3,305
2686594366666567867,train_batch_3,306
2721875120668073051,train_batch_3,307
2711741994649680993,train_batch_3,308
2729588607663208402,train_batch_3,309
2718999231667106910,train_batch_3,310
2700066055669006674,train_batch_3,311
2725227549666486966,train_batch_3,312
2701420677639109266,train_batch_3,313
2724554235666546432,train_batch_3,314
2697758982667901328,train_batch_3,315
2724473126662103354,train_batch_3,316
2683461253663015712,train_batch_3,317
2676491956646208113,train_batch_3,318
2705156933671721436,train_batch_3,319
2712803845667471098,train_batch_3,320
2673268737651596181,train_batch_3,321
2700147271657374238,train_batch_3,322
2689145193654720775,train_batch_3,323
2665774550660306450,train_batch_3,324
2732046944660156812,train_batch_3,325
2724816998655218152,train_batch_3,326
2677314605652771506,train_batch_3,327
2707787634666191239,train_batch_3,328
2669777724651437336,train_batch_3,329
2698705797673078249,train_batch_3,330
2705931212637784362,train_batch_3,331
2717175959664368976,train_batch_3,332
2688090743662724892,train_batch_3,333
2705225690638743416,train_batch_3,334
2708587655672306655,train_batch_3,335
2693179653646451426,train_batch_3,336
2710351708636576018,train_batch_3,337
2673678196670651445,train_batch_3,338
2684106401660898518,train_batch_3,339
2666963975652731611,train_batch_3,340
2670786079655993254,train_batch_3,341
2704300054659595517,train_batch_3,342
2666341053664183135,train_batch_3,343
2679293414645888330,train_batch_3,344
2728764444661821178,train_batch_3,345
2728834640661059234,train_batch_3,346
2698034578653215365,train_batch_3,347
2688313381662491122,train_batch_3,348
2694972474636727705,train_batch_3,349
2698142792637020869,train_batch_3,350
2679208816659475748,train_batch_3,351
2658390620664158870,train_batch_3,352
2723548726661286640,train_batch_3,353
2676069708670580935,train_batch_3,354
2673230508648216778,train_batch_3,355
2679510363659525179,train_batch_3,356
2673964072662183074,train_batch_3,357
2678902129674120098,train_batch_3,358
2691472313673228811,train_batch_3,359
2672176669663660369,train_batch_3,360
2706760753645085428,train_batch_3,361
2726658422651079149,train_batch_3,362
2685806544650357678,train_batch_3,363
2687684706644759651,train_batch_3,364
2716492516655728545,train_batch_3,365
2675709171669877174,train_batch_3,366
2719174402664718841,train_batch_3,367
2672859179664276437,train_batch_3,368
2685942441649810941,train_batch_3,369
2688028795650790331,train_batch_3,370
2669217900662818531,train_batch_3,371
2672869048668929759,train_batch_3,372
2675908841663577820,train_batch_3,373
2686160691651263424,train_batch_3,374
2688223056655077466,train_batch_3,375
2682557340645076825,train_batch_3,376
2698308643653723104,train_batch_3,377
2731732116661974715,train_batch_3,378
2685135122668783115,train_batch_3,379
2683748953663769281,train_batch_3,380
2733898855656141527,train_batch_3,381
2675152936673987361,train_batch_3,382
2680227022652908281,train_batch_3,383
2715254142672734931,train_batch_3,384
2716288870667493024,train_batch_3,385
2673535389659185703,train_batch_3,386
2707317777654408224,train_batch_3,387
2699521293643838029,train_batch_3,388
2722165130651951512,train_batch_3,389
2672708231664148100,train_batch_3,390
2709740802650302804,train_batch_3,391
2714179652657100321,train_batch_3,392
2716486324659631024,train_batch_3,393
2680594019674961790,train_batch_3,394
2717823801668077780,train_batch_3,395
2673708792656631122,train_batch_3,396
2730727346659922740,train_batch_3,397
2705745564634875427,train_batch_3,398
2705382087662330908,train_batch_3,399
2702097295643813479,train_batch_3,400
2733484727665976632,train_batch_3,401
2706044037639931592,train_batch_3,402
2667677863667615703,train_batch_3,403
2734951563655987861,train_batch_3,404
2696889076653983900,train_batch_3,405
2715831199670577250,train_batch_3,406
2691367946661224600,train_batch_3,407
2690476965644673300,train_batch_3,408
2733182058655043944,train_batch_3,409
2691562964662202167,train_batch_3,410
2699934438675240435,train_batch_3,411
2701262208635134917,train_batch_3,412
2662276431656006022,train_batch_3,413
2696294351674990771,train_batch_3,414
2722519132664690329,train_batch_3,415
2664467609664137345,train_batch_3,416
2694467481650561129,train_batch_3,417
2677849131647196735,train_batch_3,418
2673464240666938117,train_batch_3,419
2716721759661152230,train_batch_3,420
2694937451652474852,train_batch_3,421
2694811082653317967,train_batch_3,422
2675110339638622120,train_batch_3,423
2709752914659552273,train_batch_3,424
2733470602655014841,train_batch_3,425
2730486235659791307,train_batch_3,426
2706019163645465479,train_batch_3,427
2681870896657095599,train_batch_3,428
2680172394646460166,train_batch_3,429
2704373550634217509,train_batch_3,430
2675085061650433209,train_batch_3,431
2715958009660898986,train_batch_3,432
2668888983656120189,train_batch_3,433
2704782742634855513,train_batch_3,434
2718999818657623682,train_batch_3,435
2716559733654603692,train_batch_3,436
2668300782667397059,train_batch_3,437
2690778954661933375,train_batch_3,438
2686997760635622192,train_batch_3,439
2709890056655986706,train_batch_3,440
2696241933649730602,train_batch_3,441
2690285065637875286,train_batch_3,442
2670244773662264008,train_batch_3,443
2690173336670779114,train_batch_3,444
2700397809651854590,train_batch_3,445
2709683967650933578,train_batch_3,446
2693458893665888023,train_batch_3,447
2692677987645756694,train_batch_3,448
2687070374634137179,train_batch_3,449
2714083806655369040,train_batch_3,450
2724409745673052685,train_batch_3,451
2711890088636279406,train_batch_3,452
2668673579671962243,train_batch_3,453
2718537531655471577,train_batch_3,454
2691475766667666810,train_batch_3,455
2664850059669225744,train_batch_3,456
2669408659656859159,train_batch_3,457
2726719132670063531,train_batch_3,458
2689019316647170198,train_batch_3,459
2662723552651314286,train_batch_3,460
2704412346636251449,train_batch_3,461
2707135275651774698,train_batch_3,462
2717247353656706354,train_batch_3,463
2719998750653590007,train_batch_3,464
2706760375662823165,train_batch_3,465
2693742002651708395,train_batch_3,466
2704667790636847400,train_batch_3,467
2663736866662065210,train_batch_3,468
2716295949656286312,train_batch_3,469
2698117579640377339,train_batch_3,470
2707159116637035733,train_batch_3,471
2670651622633414729,train_batch_3,472
2688727426674244759,train_batch_3,473
2695357250674990826,train_batch_3,474
2697972166635660818,train_batch_3,475
2706847537670257202,train_batch_3,476
2713539595653186680,train_batch_3,477
2695425148639645967,train_batch_3,478
2719651051663739423,train_batch_3,479
2701025757637238551,train_batch_3,480
2725419521651618898,train_batch_3,481
2687352269639763155,train_batch_3,482
2716976823671352682,train_batch_3,483
2734384707654661671,train_batch_3,484
2695683548661786342,train_batch_3,485
2687394114666228444,train_batch_3,486
2715618917637190914,train_batch_3,487
2694780934647943508,train_batch_3,488
2699460309650837843,train_batch_3,489
2700712016653286256,train_batch_3,490
2674860918633769051,train_batch_3,491
2690965517647925040,train_batch_3,492
2696157185665691109,train_batch_3,493
2676446677660358890,train_batch_3,494
2678049667656174626,train_batch_3,495
2676071800673690809,train_batch_3,496
2704628582634712279,train_batch_3,497
2677783436675354515,train_batch_3,498
2707566412658173878,train_batch_3,499
2673763053636302687,train_batch_4,0
2676968603636072501,train_batch_4,1
2699136869650661918,train_batch_4,2
2677025445663427188,train_batch_4,3
2681051048647266903,train_batch_4,4
2669967888672002842,train_batch_4,5
2712777690666661391,train_batch_4,6
2706741161638723703,train_batch_4,7
2665251125671601927,train_batch_4,8
2668733473655881888,train_batch_4,9
2699148673649839669,train_batch_4,10
2720096160662181857,train_batch_4,11
2673171970662002151,train_batch_4,12
2683696495675081627,train_batch_4,13
2694723301638302700,train_batch_4,14
2701431622669192737,train_batch_4,15
2702492846647177276,train_batch_4,16
2695829183661499941,train_batch_4,17
2691252287663721552,train_batch_4,18
2695064252639538977,train_batch_4,19
2723723885655540777,train_batch_4,20
2713096460647728514,train_batch_4,21
2720245356656331088,train_batch_4,22
2690241030654498752,train_batch_4,23
2662970955654060148,train_batch_4,24
2706765801663594756,train_batch_4,25
2714182213672091793,train_batch_4,26
2701597240651509636,train_batch_4,27
2666415685656632630,train_batch_4,28
2699651234645087104,train_batch_4,29
2673977136647913656,train_batch_4,30
2716763433671050421,train_batch_4,31
2689624488674120268,train_batch_4,32
2713622832662084386,train_batch_4,33
2683701365672864886,train_batch_4,34
2708989516661162245,train_batch_4,35
2721800201658735346,train_batch_4,36
2715855061654792456,train_batch_4,37
2695515912661481347,train_batch_4,38
2664861406630859837,train_batch_4,39
2683033653652788053,train_batch_4,40
2685940703649915930,train_batch_4,41
2684839617673434196,train_batch_4,42
2679818888640095459,train_batch_4,43
2667178481651748290,train_batch_4,44
2723251130667875434,train_batch_4,45
2657575139658695020,train_batch_4,46
2683210504648677166,train_batch_4,47
2672450099633622362,train_batch_4,48
2721279670654622847,train_batch_4,49
2686259809652631669,train_batch_4,50
2715100541667437351,train_batch_4,51
2666777844664599365,train_batch_4,52
2675491938672501250,train_batch_4,53
2664125431655719183,train_batch_4,54
2676580623652258832,train_batch_4,55
2686856354647648976,train_batch_4,56
2667133697660377153,train_batch_4,57
2735808772656023688,train_batch_4,58
2710652090662401753,train_batch_4,59
2712946763667123586,train_batch_4,60
2663526521664295216,train_batch_4,61
2680306579635492211,train_batch_4,62
2714792529665583594,train_batch_4,63
2665202375654131036,train_batch_4,64
2679307430646192769,train_batch_4,65
2669464624658873167,train_batch_4,66
2699370603638837029,train_batch_4,67
2683623199638413843,train_batch_4,68
2699283243672463191,train_batch_4,69
2674116099668124920,train_batch_4,70
2670931008660298740,train_batch_4,71
2695804737658088182,train_batch_4,72
2698259608649562732,train_batch_4,73
2666969774660427862,train_batch_4,74
2680175221644956720,train_batch_4,75
2706539529659491268,train_batch_4,76
2699457467656896624,train_batch_4,77
2664803793655781722,train_batch_4,78
2683082098633543421,train_batch_4,79
2695970676648074007,train_batch_4,80
2725374372663702546,train_batch_4,81
2679268743653268708,train_batch_4,82
2712039091657175970,train_batch_4,83
2725828978670144328,train_batch_4,84
2673922940660506465,train_batch_4,85
2702622814670672293,train_batch_4,86
2675705529656152846,train_batch_4,87
2683897297663996180,train_batch_4,88
2680238606653401645,train_batch_4,89
2695511616636659051,train_batch_4,90
2710954107671709087,train_batch_4,91
2697787153658281298,train_batch_4,92
2688112380633419144,train_batch_4,93
2695459453672606059,train_batch_4,94
2727985384657925360,train_batch_4,95
2674188404649195134,train_batch_4,96
2702553798653802759,train_batch_4,97
2704168582657591522,train_batch_4,98
2692874806668745068,train_batch_4,99
2665538973654978240,train_batch_4,100
2692736337644938252,train_batch_4,101
2726807837652481364,train_batch_4,102
2718946584669577639,train_batch_4,103
2713428068666781131,train_batch_4,104
2667975677670761436,train_batch_4,105
2668508280646657886,train_batch_4,106
2700625030646979248,train_batch_4,107
2677706066664845478,train_batch_4,108
2692786473657088686,train_batch_4,109
2685781941654867805,train_batch_4,110
2719499304656814462,train_batch_4,111
2697552758672625345,train_batch_4,112
2672995641662042822,train_batch_4,113
2684664492661156192,train_batch_4,114
2674431685666991405,train_batch_4,115
2658219338655121850,train_batch_4,116
2680728443638509042,train_batch_4,117
2722529297669464443,train_batch_4,118
2713383171637336485,train_batch_4,119
2727517460658666138,train_batch_4,120
2703927384671756901,train_batch_4,121
2713866488664193021,train_batch_4,122
2689550524668238169,train_batch_4,123
2699382704674455672,train_batch_4,124
2669131068660144489,train_batch_4,125
2720284075652626949,train_batch_4,126
2665378895670881252,train_batch_4,127
2669144597663948073,train_batch_4,128
2691428006663586871,train_batch_4,129
2668823758665157898,train_batch_4,130
2670623378663972737,train_batch_4,131
2693034435665652681,train_batch_4,132
2699499295652301432,train_batch_4,133
2680283979655139525,train_batch_4,134
2699224675650225667,train_batch_4,135
2670407222636771050,train_batch_4,136
2710172631653916847,train_batch_4,137
2692304881671681720,train_batch_4,138
2703896629643119309,train_batch_4,139
2692054726674473398,train_batch_4,140
2708598707636533031,train_batch_4,141
2704613404645850592,train_batch_4,142
2717272622655243446,train_batch_4,143
2725936711661566858,train_batch_4,144
2721002181668438017,train_batch_4,145
2696188775660130741,train_batch_4,146
2727358187669835509,train_batch_4,147
2695259307651604027,train_batch_4,148
2709032378636541940,train_batch_4,149
2678244050664665185,train_batch_4,150
2671564494648942137,train_batch_4,151
2690326284666617414,train_batch_4,152
2683587180652416427,train_batch_4,153
2736915908664072941,train_batch_4,154
2698319444653902437,train_batch_4,155
2682815828649347961,train_batch_4,156
2686672230636841961,train_batch_4,157
2722140799671919111,train_batch_4,158
2686459520667502077,train_batch_4,159
2683264197672415410,train_batch_4,160
2721506101669485970,train_batch_4,161
2699058681644229761,train_batch_4,162
2730060724663010113,train_batch_4,163
2721982619668631856,train_batch_4,164
2681115452652775796,train_batch_4,165
2676452687657385283,train_batch_4,166
2696060213673785250,train_batch_4,167
2718259853663666995,train_batch_4,168
2721183863669341675,train_batch_4,169
2667161854663951347,train_batch_4,170
2657363397657655947,train_batch_4,171
2685665305644810813,train_batch_4,172
2665974918651892928,train_batch_4,173
2694994859655135865,train_batch_4,174
2675421563652815751,train_batch_4,175
2669183077657148356,train_batch_4,176
2687742534663853210,train_batch_4,177
2681993601634846217,train_batch_4,178
2719262886662404046,train_batch_4,179
2703998850644791737,train_batch_4,180
2670947452667816541,train_batch_4,181
2679409185647539022,train_batch_4,182
2704417004673955273,train_batch_4,183
2691568586664072145,train_batch_4,184
2681494150647395085,train_batch_4,185
2719509241658604696,train_batch_4,186
2714281028663817972,train_batch_4,187
2718567587648958391,train_batch_4,188
2705071410654903734,train_batch_4,189
2713151893649983861,train_batch_4,190
2709638493657680491,train_batch_4,191
2674863182636240562,train_batch_4,192
2686240144652702739,train_batch_4,193
2708608900651427177,train_batch_4,194
2714170095663369414,train_batch_4,195
2714278210672883779,train_batch_4,196
2704573507640794038,train_batch_4,197
2721945113662985414,train_batch_4,198
2729412674654822027,train_batch_4,199
2703630389646474050,train_batch_4,200
2717356037656243544,train_batch_4,201
2692045460662882874,train_batch_4,202
2681948742674463238,train_batch_4,203
2700667222639466712,train_batch_4,204
2657150601655420338,train_batch_4,205
2663603075653790059,train_batch_4,206
2684309490636432942,train_batch_4,207
2679711978639861701,train_batch_4,208
2723548985672391594,train_batch_4,209
2664501741653754047,train_batch_4,210
2729828458657621818,train_batch_4,211
2703616005635870307,train_batch_4,212
2698301536663923495,train_batch_4,213
2672623319658990738,train_batch_4,214
2684340491669987602,train_batch_4,215
2681527708674001682,train_batch_4,216
2709827760662049465,train_batch_4,217
2694937828673314690,train_batch_4,218
2665388239658106807,train_batch_4,219
2663547372668338965,train_batch_4,220
2696261899677816040,train_batch_4,221
2716417825672404349,train_batch_4,222
2672192474653304062,train_batch_4,223
2695615608667184076,train_batch_4,224
2700948888653037842,train_batch_4,225
2680506835637464638,train_batch_4,226
2697874923635651936,train_batch_4,227
2712829367636849276,train_batch_4,228
2731050886667368187,train_batch_4,229
2699851253654910582,train_batch_4,230
2660438624660955629,train_batch_4,231
2725530706657615788,train_batch_4,232
2692532604670199378,train_batch_4,233
2714636838659836216,train_batch_4,234
2669249588667515276,train_batch_4,235
2703823621657711507,train_batch_4,236
2689612799646156937,train_batch_4,237
2670637522655347616,train_batch_4,238
2667110965671017032,train_batch_4,239
2690301877634556166,train_batch_4,240
2686519237645993805,train_batch_4,241
2711692240664912085,train_batch_4,242
2675593194674642086,train_batch_4,243
2702846788670661221,train_batch_4,244
2674615856655708708,train_batch_4,245
2703314315633699465,train_batch_4,246
2703780817647200184,train_batch_4,247
2688283013649916736,train_batch_4,248
2705461772657861550,train_batch_4,249
2693590772637023648,train_batch_4,250
2700464277665571530,train_batch_4,251
2674840204670740617,train_batch_4,252
2693096661638820517,train_batch_4,253
2686428443632726266,train_batch_4,254
2711187988654239825,train_batch_4,255
2698309175661107241,train_batch_4,256
2680739182655602203,train_batch_4,257
2696565331672333912,train_batch_4,258
2719429555652117315,train_batch_4,259
2707514308657050277,train_batch_4,260
2731680471666000370,train_batch_4,261
2677325836668600635,train_batch_4,262
2688540345672507936,train_batch_4,263
2665501812651464770,train_batch_4,264
2694111618659273551,train_batch_4,265
2678591171670734562,train_batch_4,266
2726115426650144834,train_batch_4,267
2676032189657874426,train_batch_4,268
2717635231656005479,train_batch_4,269
2731234936659696708,train_batch_4,270
2689702250665849043,train_batch_4,271
2723113394647897347,train_batch_4,272
2686890501634195566,train_batch_4,273
2685356924636849628,train_batch_4,274
2693685497644193741,train_batch_4,275
2702295108671109272,train_batch_4,276
2661124493665501035,train_batch_4,277
2690471602637898582,train_batch_4,278
2670104923658410284,train_batch_4,279
2681391097660589836,train_batch_4,280
2700362597656229175,train_batch_4,281
2702831035653229869,train_batch_4,282
2667697544671823738,train_batch_4,283
2696994676677040473,train_batch_4,284
2700277236661516304,train_batch_4,285
2718696418647416564,train_batch_4,286
2681720968665120388,train_batch_4,287
2730904932658500470,train_batch_4,288
2685399632652199266,train_batch_4,289
2663377231658611081,train_batch_4,290
2684696165665410461,train_batch_4,291
2686644161673901156,train_batch_4,292
2678055865648083121,train_batch_4,293
2690668274669863516,train_batch_4,294
2681255941661956256,train_batch_4,295
2714983534636932909,train_batch_4,296
2674056750650372075,train_batch_4,297
2673740648664606881,train_batch_4,298
2688772999650320186,train_batch_4,299
2720720811662650392,train_batch_4,300
2676215448672353512,train_batch_4,301
2694231010658219504,train_batch_4,302
2676278367647211030,train_batch_4,303
2677603890671773844,train_batch_4,304
2672803654649962203,train_batch_4,305
2688395824665903288,train_batch_4,306
2701313177653440120,train_batch_4,307
2712713801668593120,train_batch_4,308
2692710718673050754,train_batch_4,309
2698141195650153346,train_batch_4,310
2722725375657075554,train_batch_4,311
2707497499658238837,train_batch_4,312
2704346531647108346,train_batch_4,313
2690228753676142260,train_batch_4,314
2720409938665653675,train_batch_4,315
2723971284667939067,train_batch_4,316
2710251320653795946,train_batch_4,317
2699283996637444893,train_batch_4,318
2728735471657682753,train_batch_4,319
2705539761647498321,train_batch_4,320
2693437744674768010,train_batch_4,321
2694937248638372027,train_batch_4,322
2706157950638690146,train_batch_4,323
2721860281665282310,train_batch_4,324
2704037589635542111,train_batch_4,325
2669319573670278319,train_batch_4,326
2736605729658879523,train_batch_4,327
2698013275665518829,train_batch_4,328
2719412865660543212,train_batch_4,329
2711698987635389326,train_batch_4,330
2671153722635617878,train_batch_4,331
2701769737644382597,train_batch_4,332
2703081486644507237,train_batch_4,333
2693250639655830713,train_batch_4,334
2698587546655835073,train_batch_4,335
2675488099648447963,train_batch_4,336
2696194642668912659,train_batch_4,337
2701447176656866406,train_batch_4,338
2720797388647437800,train_batch_4,339
2660468239664602352,train_batch_4,340
2683707587649356872,train_batch_4,341
2701160412671078768,train_batch_4,342
2658514630658495871,train_batch_4,343
2696539194658487139,train_batch_4,344
2686176037640421188,train_batch_4,345
2721818293666930981,train_batch_4,346
2724964708650508681,train_batch_4,347
2722053154667375654,train_batch_4,348
2683474033672305289,train_batch_4,349
2716252997657680986,train_batch_4,350
2732212705652793947,train_batch_4,351
2704753793643741382,train_batch_4,352
2682428685661701957,train_batch_4,353
2700432168665882957,train_batch_4,354
2710351714653528612,train_batch_4,355
2695124295650293574,train_batch_4,356
2679609739652110563,train_batch_4,357
2679272183655976830,train_batch_4,358
2697260030657946580,train_batch_4,359
2715612121670344699,train_batch_4,360
2687534764651229111,train_batch_4,361
2705307359654723261,train_batch_4,362
2691163482659344325,train_batch_4,363
2683262248672574992,train_batch_4,364
2729430323650038666,train_batch_4,365
2728257474651599821,train_batch_4,366
2695735142660937857,train_batch_4,367
2725873606663256866,train_batch_4,368
2656903160658269352,train_batch_4,369
2674685405672722610,train_batch_4,370
2717068168662580604,train_batch_4,371
2695101221659848294,train_batch_4,372
2675268239667539904,train_batch_4,373
2682659401636197152,train_batch_4,374
2733956116661757091,train_batch_4,375
2697749863645977252,train_batch_4,376
2704901986657664884,train_batch_4,377
2667506773654315916,train_batch_4,378
2694398839636100411,train_batch_4,379
2679968325672442374,train_batch_4,380
2720224226661820941,train_batch_4,381
2681499388638946746,train_batch_4,382
2658564249660642852,train_batch_4,383
2699665608638027688,train_batch_4,384
2694048390648522455,train_batch_4,385
2712787486652028481,train_batch_4,386
2710820926669080903,train_batch_4,387
2707608070673463727,train_batch_4,388
2726147173663314685,train_batch_4,389
2709260854634519553,train_batch_4,390
2681432676635414675,train_batch_4,391
2700259694645377792,train_batch_4,392
2718802035666989576,train_batch_4,393
2703265711663084380,train_batch_4,394
2705485354634542371,train_batch_4,395
2681243295667555714,train_batch_4,396
2704500002670436788,train_batch_4,397
2700137920670120231,train_batch_4,398
2695569467657353235,train_batch_4,399
2694640040648699976,train_batch_4,400
2693865477645852852,train_batch_4,401
2719527626636908150,train_batch_4,402
2687802663662283896,train_batch_4,403
2694557902652273966,train_batch_4,404
2665933295657964319,train_batch_4,405
2685139044661487173,train_batch_4,406
2680996481658611206,train_batch_4,407
2685236095640071739,train_batch_4,408
2678422642637730691,train_batch_4,409
2697236384650301924,train_batch_4,410
2715667846670586949,train_batch_4,411
2729883922659440231,train_batch_4,412
2675931603636282376,train_batch_4,413
2692342007664949951,train_batch_4,414
2712703613662128609,train_batch_4,415
2686420547667020010,train_batch_4,416
2723716493665077672,train_batch_4,417
2718801630659640233,train_batch_4,418
2656117743660807417,train_batch_4,419
2674053070652153181,train_batch_4,420
2715119790660083215,train_batch_4,421
2668410062671382650,train_batch_4,422
2725659210662810012,train_batch_4,423
2676618362673907790,train_batch_4,424
2713697755672148657,train_batch_4,425
2726526337666638636,train_batch_4,426
2683376253670392988,train_batch_4,427
2699102233665251355,train_batch_4,428
2703762643634253937,train_batch_4,429
2667323413664460141,train_batch_4,430
2713566157657041235,train_batch_4,431
2725888184658796633,train_batch_4,432
2720292379664186786,train_batch_4,433
2722320538648097515,train_batch_4,434
2701926039668626413,train_batch_4,435
2692424324634420968,train_batch_4,436
2661404386656667383,train_batch_4,437
2667969703662804594,train_batch_4,438
2681725593652288238,train_batch_4,439
2695279937653855068,train_batch_4,440
2665512040662231929,train_batch_4,441
2714890713653346542,train_batch_4,442
2677285151671647787,train_batch_4,443
2662941256650967736,train_batch_4,444
2702853207633202894,train_batch_4,445
2698202220650708696,train_batch_4,446
2706362478671850629,train_batch_4,447
2705628946654988801,train_batch_4,448
2719283749636958731,train_batch_4,449
2677567582637390391,train_batch_4,450
2721456447659180503,train_batch_4,451
2716970788658219746,train_batch_4,452
2681303742634127615,train_batch_4,453
2706675648650515093,train_batch_4,454
2667185191653374409,train_batch_4,455
2689995157661361741,train_batch_4,456
2684066803656365530,train_batch_4,457
2668394616633908457,train_batch_4,458
2687251814672597425,train_batch_4,459
2660638972654923168,train_batch_4,460
2718408488662568200,train_batch_4,461
2701402274672824600,train_batch_4,462
2661058477665203557,train_batch_4,463
2709682037652502230,train_batch_4,464
2688933331650422954,train_batch_4,465
2699565628642049390,train_batch_4,466
2705575513670342222,train_batch_4,467
2703072565650643218,train_batch_4,468
2681851323650666823,train_batch_4,469
2707079300673684764,train_batch_4,470
2709642094667549977,train_batch_4,471
2687726959647542435,train_batch_4,472
2691620595660674359,train_batch_4,473
2667456856667619503,train_batch_4,474
2722159247662684042,train_batch_4,475
2687577668650278961,train_batch_4,476
2674148420660676706,train_batch_4,477
2666772680672389125,train_batch_4,478
2697033489670825266,train_batch_4,479
2693393831664958256,train_batch_4,480
2660821478659686742,train_batch_4,481
2708467308638799031,train_batch_4,482
2705616479648442933,train_batch_4,483
2714466724661010161,train_batch_4,484
2687965472648469763,train_batch_4,485
2699028554662675001,train_batch_4,486
2675783006656773633,train_batch_4,487
2690102874665707201,train_batch_4,488
2708093336656999869,train_batch_4,489
2668166729661498387,train_batch_4,490
2711836816662779500,train_batch_4,491
2712339614662163596,train_batch_4,492
2711870419668051321,train_batch_4,493
2683096816632828046,train_batch_4,494
2712332686664858306,train_batch_4,495
2723063691656117834,train_batch_4,496
2716770340659578308,train_batch_4,497
2678954127660882511,train_batch_4,498
2663888933656591694,train_batch_4,499
2664108427664265272,train_batch_5,0
2686280580645456135,train_batch_5,1
2697730859665981048,train_batch_5,2
2677572468669191219,train_batch_5,3
2716763949662491288,train_batch_5,4
2685262703641133585,train_batch_5,5
2692941042674553886,train_batch_5,6
2684325041660117033,train_batch_5,7
2729930828655825570,train_batch_5,8
2713632691652473130,train_batch_5,9
2673424641649135302,train_batch_5,10
2695111346675508187,train_batch_5,11
2712157182646916806,train_batch_5,12
2693882860649660560,train_batch_5,13
2725460179653752694,train_batch_5,14
2698189449636935472,train_batch_5,15
2720605184663383228,train_batch_5,16
2694637362638237730,train_batch_5,17
2678194650657189449,train_batch_5,18
2690765607673546434,train_batch_5,19
2728509065651487918,train_batch_5,20
2700322690661927812,train_batch_5,21
2700956559646999610,train_batch_5,22
2668813135659985889,train_batch_5,23
2689703052663089634,train_batch_5,24
2720285277638035675,train_batch_5,25
2713756845637279485,train_batch_5,26
2709357513672759495,train_batch_5,27
2716973912651976957,train_batch_5,28
2694775705637129391,train_batch_5,29
2732204192660154086,train_batch_5,30
2683770439665886523,train_batch_5,31
2664624959661855943,train_batch_5,32
2722806416658548431,train_batch_5,33
2716838579663950399,train_batch_5,34
2701945258653996936,train_batch_5,35
2703805066634043664,train_batch_5,36
2669908056665546827,train_batch_5,37
2679199390662387898,train_batch_5,38
2713244856669907877,train_batch_5,39
2732295785666701017,train_batch_5,40
2674329079668675883,train_batch_5,41
2702415758658528461,train_batch_5,42
2677232654672285918,train_batch_5,43
2693994405663678104,train_batch_5,44
2700564123653801653,train_batch_5,45
2696939035635663947,train_batch_5,46
2703363641654575198,train_batch_5,47
2698599741675089176,train_batch_5,48
2676050674646462036,train_batch_5,49
2666994421660404570,train_batch_5,50
2704480652667131029,train_batch_5,51
2657037937660591371,train_batch_5,52
2705702275654262378,train_batch_5,53
2712870989648886491,train_batch_5,54
2667935178659826785,train_batch_5,55
2723578387671517081,train_batch_5,56
2686702052653610369,train_batch_5,57
2719415668656049005,train_batch_5,58
2700396701650821860,train_batch_5,59
2669305309663222887,train_batch_5,60
2665720500652052725,train_batch_5,61
2703499161645217208,train_batch_5,62
2679854444656034280,train_batch_5,63
2692168714638388199,train_batch_5,64
2688825898649664288,train_batch_5,65
2709848152655678052,train_batch_5,66
2664725668631204412,train_batch_5,67
2680136665657888295,train_batch_5,68
2693171001660817965,train_batch_5,69
2675047340668725268,train_batch_5,70
2696820238638615627,train_batch_5,71
2682850668651726238,train_batch_5,72
2669898124649245218,train_batch_5,73
2719900326668413333,train_batch_5,74
2674068157649808698,train_batch_5,75
2685522673634286770,train_batch_5,76
2724667419664668121,train_batch_5,77
2675580378655081089,train_batch_5,78
2670300725647535816,train_batch_5,79
2712044806637314424,train_batch_5,80
2667910326660940623,train_batch_5,81
2715956317658111945,train_batch_5,82
2665820528657031146,train_batch_5,83
2671575041658890607,train_batch_5,84
2686922138663344609,train_batch_5,85
2712396834638633159,train_batch_5,86
2682788401655024179,train_batch_5,87
2669567327657497887,train_batch_5,88
2725612306648688749,train_batch_5,89
2693125675651901032,train_batch_5,90
2702851239648930379,train_batch_5,91
2722315442667567930,train_batch_5,92
2664117645659125980,train_batch_5,93
2727240165654706882,train_batch_5,94
2708728304647797694,train_batch_5,95
2726479139669238545,train_batch_5,96
2725493180655409340,train_batch_5,97
2687427111668154099,train_batch_5,98
2699351795661505515,train_batch_5,99
2671982869659679607,train_batch_5,100
2675418163651090913,train_batch_5,101
2682570750673842645,train_batch_5,102
2722245165654945146,train_batch_5,103
2720521441666679641,train_batch_5,104
2728669839668772670,train_batch_5,105
2687221996664159903,train_batch_5,106
2685644813664405450,train_batch_5,107
2668299079632029303,train_batch_5,108
2686656066664154951,train_batch_5,109
2673953826634098204,train_batch_5,110
2708922275662378932,train_batch_5,111
2715385240638273470,train_batch_5,112
2685929544667793675,train_batch_5,113
2685005846655945617,train_batch_5,114
2676157574660228079,train_batch_5,115
2717376673660896994,train_batch_5,116
2675036815633820069,train_batch_5,117
2679441135669362143,train_batch_5,118
2716502501669594584,train_batch_5,119
2687326178647213701,train_batch_5,120
2691797493668467470,train_batch_5,121
2697703897670486149,train_batch_5,122
2658160898661872846,train_batch_5,123
2706146828669220699,train_batch_5,124
2700997733636069605,train_batch_5,125
2726165172649784723,train_batch_5,126
2684041056656404911,train_batch_5,127
2736883693656115553,train_batch_5,128
2672278953652545885,train_batch_5,129
2670059320661132407,train_batch_5,130
2727080392653698140,train_batch_5,131
2688931728663066462,train_batch_5,132
2658330339660201868,train_batch_5,133
2724559757652539065,train_batch_5,134
2706027043673718436,train_batch_5,135
2679776298653278874,train_batch_5,136
2695689836668559521,train_batch_5,137
2691363809643634573,train_batch_5,138
2700930862665541824,train_batch_5,139
2683360593646450579,train_batch_5,140
2676276597673684561,train_batch_5,141
2715183276663808645,train_batch_5,142
2666620210654489558,train_batch_5,143
2672641154656114036,train_batch_5,144
2688542197657947050,train_batch_5,145
2670561470648094505,train_batch_5,146
2688981068645406004,train_batch_5,147
2732051634658377132,train_batch_5,148
2681106394638613378,train_batch_5,149
2684051881640748476,train_batch_5,150
2700766884636387019,train_batch_5,151
2705241993643461319,train_batch_5,152
2715666134659172177,train_batch_5,153
2674506583668471763,train_batch_5,154
2723866779671723679,train_batch_5,155
2733212462655784384,train_batch_5,156
2679893383672982386,train_batch_5,157
2677022640672476634,train_batch_5,158
2668436094650598830,train_batch_5,159
2667461813655291527,train_batch_5,160
2719050973654177928,train_batch_5,161
2680945930664300718,train_batch_5,162
2694871243650681336,train_batch_5,163
2692552026663990902,train_batch_5,164
2675985894638349922,train_batch_5,165
2673179497671151811,train_batch_5,166
2692117175667457832,train_batch_5,167
2718205928645461865,train_batch_5,168
2662575075651614192,train_batch_5,169
2686201960651319200,train_batch_5,170
2692376560640578431,train_batch_5,171
2678287021657519365,train_batch_5,172
2672517900647501185,train_batch_5,173
2714556562648174211,train_batch_5,174
2671905743673821935,train_batch_5,175
2681809860634433670,train_batch_5,176
2670588500663202965,train_batch_5,177
2666987702632141431,train_batch_5,178
2699778837646595614,train_batch_5,179
2721626778660518063,train_batch_5,180
2721458311664820463,train_batch_5,181
2669828451657269873,train_batch_5,182
2707210418636905477,train_batch_5,183
2708439364655454779,train_batch_5,184
2696586079657693537,train_batch_5,185
2709033956669108491,train_batch_5,186
2732984707656003084,train_batch_5,187
2689063542672896479,train_batch_5,188
2681419083653134565,train_batch_5,189
2699342891658031771,train_batch_5,190
2673368439662222633,train_batch_5,191
2716500049670562872,train_batch_5,192
2673171233633101270,train_batch_5,193
2688230209633549709,train_batch_5,194
2674931434659990352,train_batch_5,195
2724842372661745563,train_batch_5,196
2707887411639317172,train_batch_5,197
2669314610655726827,train_batch_5,198
2714200897673061466,train_batch_5,199
2671950584653340044,train_batch_5,200
2669832710655258633,train_batch_5,201
2683452346655326622,train_batch_5,202
2706129401648456245,train_batch_5,203
2732165368658916065,train_batch_5,204
2720899485668998723,train_batch_5,205
2728421004655364984,train_batch_5,206
2704326595639412703,train_batch_5,207
2704330334659326228,train_batch_5,208
2732726924660511125,train_batch_5,209
2721145360660016372,train_batch_5,210
2692687109669982586,train_batch_5,211
2723449157650543167,train_batch_5,212
2679951622654695931,train_batch_5,213
2687365443672832258,train_batch_5,214
2698484785645673358,train_batch_5,215
2695251093636759274,train_batch_5,216
2702186534673021777,train_batch_5,217
2680819943670439332,train_batch_5,218
2714281392670913403,train_batch_5,219
2695622714656092971,train_batch_5,220
2674498260652073410,train_batch_5,221
2673308455660025899,train_batch_5,222
2676095266670937834,train_batch_5,223
2699391179641656978,train_batch_5,224
2687385829648458067,train_batch_5,225
2685293693651943412,train_batch_5,226
2687541465669981222,train_batch_5,227
2676631918652286773,train_batch_5,228
2719112353664082115,train_batch_5,229
2685473204657461383,train_batch_5,230
2692413485673987439,train_batch_5,231
2675091625651599647,train_batch_5,232
2716428843671603201,train_batch_5,233
2664911929655679256,train_batch_5,234
2687870938651630175,train_batch_5,235
2713424522651141305,train_batch_5,236
2726219059673080538,train_batch_5,237
2726007571658978528,train_batch_5,238
2693839488676605927,train_batch_5,239
2737104738659215042,train_batch_5,240
2718197782655861409,train_batch_5,241
2705189464651214977,train_batch_5,242
2677181413655287049,train_batch_5,243
2682054577669733169,train_batch_5,244
2719297987667163948,train_batch_5,245
2670078402648699031,train_batch_5,246
2725721608658686187,train_batch_5,247
2675402948656229934,train_batch_5,248
2685846823660762359,train_batch_5,249
2723752155647893706,train_batch_5,250
2661690209651709358,train_batch_5,251
2698169776675537452,train_batch_5,252
2712584374655018819,train_batch_5,253
2677002809662137803,train_batch_5,254
2657270376660091018,train_batch_5,255
2664953816632892983,train_batch_5,256
2677850617652499989,train_batch_5,257
2694626982639130659,train_batch_5,258
2665990185656248158,train_batch_5,259
2677526619657111077,train_batch_5,260
2703547769666040114,train_batch_5,261
2704370449662842112,train_batch_5,262
2685026889637361872,train_batch_5,263
2707910126652516829,train_batch_5,264
2698802164646616326,train_batch_5,265
2715993371669433807,train_batch_5,266
2689565148659879537,train_batch_5,267
2675949530663202641,train_batch_5,268
2696536512651580332,train_batch_5,269
2708376333655228720,train_batch_5,270
2674499612656840836,train_batch_5,271
2702749118666256813,train_batch_5,272
2665576870632356118,train_batch_5,273
2682483769648135744,train_batch_5,274
2669346290654731559,train_batch_5,275
2704568904639815874,train_batch_5,276
2712605228648040567,train_batch_5,277
2671717204649266509,train_batch_5,278
2694385663661839355,train_batch_5,279
2670364299664269561,train_batch_5,280
2691389977661696766,train_batch_5,281
2688814227658683122,train_batch_5,282
2687379622637752111,train_batch_5,283
2695310550636722573,train_batch_5,284
2682914417654643503,train_batch_5,285
2688227500665404614,train_batch_5,286
2703990626674890931,train_batch_5,287
2708588531651187698,train_batch_5,288
2664883423659424440,train_batch_5,289
2728757370660764671,train_batch_5,290
2721165667657646282,train_batch_5,291
2695758737674686897,train_batch_5,292
2706060111645234144,train_batch_5,293
2699116028643368162,train_batch_5,294
2702545908639912421,train_batch_5,295
2704028831668103065,train_batch_5,296
2717969127670159783,train_batch_5,297
2683534198673398024,train_batch_5,298
2672892178673357775,train_batch_5,299
2698830816671063849,train_batch_5,300
2680683966648876478,train_batch_5,301
2682573634665931067,train_batch_5,302
2671726523664384740,train_batch_5,303
2724187616672522891,train_batch_5,304
2675364776665213621,train_batch_5,305
2703342536657753622,train_batch_5,306
2699695481653039637,train_batch_5,307
2679281391648672030,train_batch_5,308
2706385240671843503,train_batch_5,309
2701576297659506564,train_batch_5,310
2709174643645515733,train_batch_5,311
2709089844648032645,train_batch_5,312
2690000330648435313,train_batch_5,313
2686322256676745863,train_batch_5,314
2707595568656994137,train_batch_5,315
2675687191672442822,train_batch_5,316
2706330449643791741,train_batch_5,317
2677877237653166083,train_batch_5,318
2676670486673053820,train_batch_5,319
2691355273653576027,train_batch_5,320
2718467308661070902,train_batch_5,321
2728776251654334779,train_batch_5,322
2705606237667538244,train_batch_5,323
2688877557650847886,train_batch_5,324
2674705473662495659,train_batch_5,325
2672057533662908598,train_batch_5,326
2707648804671786181,train_batch_5,327
2709464348658109433,train_batch_5,328
2726435505660284752,train_batch_5,329
2676085022667858975,train_batch_5,330
2690324800649161245,train_batch_5,331
2700443817667055064,train_batch_5,332
2733952023653631813,train_batch_5,333
2681095944674018577,train_batch_5,334
2693008672639299374,train_batch_5,335
2671550772662270335,train_batch_5,336
2684834179645201517,train_batch_5,337
2721648182650541507,train_batch_5,338
2711388322657936331,train_batch_5,339
2679652714672797706,train_batch_5,340
2734918290657428686,train_batch_5,341
2675740398655252034,train_batch_5,342
2701323245655608034,train_batch_5,343
2720302537664199225,train_batch_5,344
2682658271633213446,train_batch_5,345
2695454651674274161,train_batch_5,346
2676697127665928533,train_batch_5,347
2672770611659495352,train_batch_5,348
2728216090667029569,train_batch_5,349
2712357932658828871,train_batch_5,350
2662521241658960856,train_batch_5,351
2718412585658966227,train_batch_5,352
2715194604657507185,train_batch_5,353
2694794089644381025,train_batch_5,354
2682789885665748584,train_batch_5,355
2722788201669370669,train_batch_5,356
2695877133638042774,train_batch_5,357
2713690542668778289,train_batch_5,358
2667381019666876125,train_batch_5,359
2699469223673248308,train_batch_5,360
2673773809665116058,train_batch_5,361
2676559738665399733,train_batch_5,362
2674734214664252818,train_batch_5,363
2711383237660554107,train_batch_5,364
2693024298639181953,train_batch_5,365
2698218600676929238,train_batch_5,366
2674221478661310795,train_batch_5,367
2680366712661148060,train_batch_5,368
2692611251664008921,train_batch_5,369
2690229181660696618,train_batch_5,370
2672207384667450825,train_batch_5,371
2673612191637710916,train_batch_5,372
2704988006634674767,train_batch_5,373
2707492703657930644,train_batch_5,374
2736703906659256028,train_batch_5,375
2704656476655171798,train_batch_5,376
2678387253650417055,train_batch_5,377
2662001639661788470,train_batch_5,378
2704767100657628615,train_batch_5,379
2727008514667114692,train_batch_5,380
2695518314662234409,train_batch_5,381
2687027652672937549,train_batch_5,382
2702785585667245345,train_batch_5,383
2668072368648724266,train_batch_5,384
2676323909647805044,train_batch_5,385
2671275641664662142,train_batch_5,386
2662902663660410927,train_batch_5,387
2705002750657665617,train_batch_5,388
2723981658661672673,train_batch_5,389
2664888643661723874,train_batch_5,390
2729929049651381916,train_batch_5,391
2698270000637068201,train_batch_5,392
2705604248658667461,train_batch_5,393
2712285886672485022,train_batch_5,394
2676535947668520301,train_batch_5,395
2690988818669615684,train_batch_5,396
2699186219650372408,train_batch_5,397
2729384878653338460,train_batch_5,398
2698837356672634372,train_batch_5,399
2737289158656445355,train_batch_5,400
2688836473662307398,train_batch_5,401
2691917619638490155,train_batch_5,402
2732016670653875431,train_batch_5,403
2722111960655013041,train_batch_5,404
2670698010652908385,train_batch_5,405
2726771459650480508,train_batch_5,406
2701444763649393575,train_batch_5,407
2734347190655740826,train_batch_5,408
2701615905637327786,train_batch_5,409
2713483509647476066,train_batch_5,410
2677554554674687430,train_batch_5,411
2671706438658451482,train_batch_5,412
2703166521634561959,train_batch_5,413
2687485590661387212,train_batch_5,414
2664703917669806661,train_batch_5,415
2699543620659292094,train_batch_5,416
2712381970660789910,train_batch_5,417
2705437339647028841,train_batch_5,418
2692967628656561423,train_batch_5,419
2727021459655641206,train_batch_5,420
2725670559660132226,train_batch_5,421
2681821607662648165,train_batch_5,422
2677456625671501756,train_batch_5,423
2689373385651275942,train_batch_5,424
2682024890636140616,train_batch_5,425
2674932619648714285,train_batch_5,426
2712830793670310440,train_batch_5,427
2719798784669220822,train_batch_5,428
2702868930663110963,train_batch_5,429
2701623628649173874,train_batch_5,430
2693310247660292280,train_batch_5,431
2686934482659967317,train_batch_5,432
2697478127672930986,train_batch_5,433
2714104586646285545,train_batch_5,434
2686058521676541917,train_batch_5,435
2723211537661040583,train_batch_5,436
2690923076649335673,train_batch_5,437
2670368931662771935,train_batch_5,438
2703008893667291782,train_batch_5,439
2700688581673101432,train_batch_5,440
2720439052661172464,train_batch_5,441
2715633418655105867,train_batch_5,442
2688168096637580580,train_batch_5,443
2717595444636538779,train_batch_5,444
2683276930671138914,train_batch_5,445
2692697001655886531,train_batch_5,446
2731008937665671367,train_batch_5,447
2688037001647633387,train_batch_5,448
2702768038652219115,train_batch_5,449
2675582057655133144,train_batch_5,450
2656605554659815096,train_batch_5,451
2698652355676183917,train_batch_5,452
2677804514647117129,train_batch_5,453
2709496092638084354,train_batch_5,454
2685953945674557382,train_batch_5,455
2710380390652874581,train_batch_5,456
2730081117659143999,train_batch_5,457
2667797402652366444,train_batch_5,458
2729869152657199472,train_batch_5,459
2698931506676865687,train_batch_5,460
2677578728655379124,train_batch_5,461
2664913467655968719,train_batch_5,462
2714254359654997274,train_batch_5,463
2718353364663018390,train_batch_5,464
2693668611644570840,train_batch_5,465
2676694829654690322,train_batch_5,466
2691401316663846892,train_batch_5,467
2673391185649157295,train_batch_5,468
2694676843653055365,train_batch_5,469
2681401608647674025,train_batch_5,470
2709498291646874484,train_batch_5,471
2683846387649887679,train_batch_5,472
2719726942647600610,train_batch_5,473
2694032739644949783,train_batch_5,474
2729194473665622027,train_batch_5,475
2700739147662132265,train_batch_5,476
2712146200666709266,train_batch_5,477
2678561435648301010,train_batch_5,478
2668240513659687946,train_batch_5,479
2702958551674945361,train_batch_5,480
2713747124657464019,train_batch_5,481
2684282948669605685,train_batch_5,482
2733211889653329595,train_batch_5,483
2736131938660588101,train_batch_5,484
2695029356644611796,train_batch_5,485
2685377738673348336,train_batch_5,486
2687874155653274983,train_batch_5,487
2728124116658390504,train_batch_5,488
2693540025643556896,train_batch_5,489
2725855226657528227,train_batch_5,490
2687099493634423623,train_batch_5,491
2734215201660978476,train_batch_5,492
2707060075652819495,train_batch_5,493
2722780292647510969,train_batch_5,494
2709067096634813054,train_batch_5,495
2714940427654319408,train_batch_5,496
2703010756656139531,train_batch_5,497
2676758716634277719,train_batch_5,498
2719307338669358412,train_batch_5,499
2714093528666991411,train_batch_6,0
2708671366661154677,train_batch_6,1
2686037852655117765,train_batch_6,2
2693704876676285004,train_batch_6,3
2664493050659638108,train_batch_6,4
2680932712664697516,train_batch_6,5
2694502679647045115,train_batch_6,6
2700181176653054247,train_batch_6,7
2702286951656376066,train_batch_6,8
2719493181648505605,train_batch_6,9
2670306791652699693,train_batch_6,10
2707331790653908981,train_batch_6,11
2686055122639444376,train_batch_6,12
2690400259665945459,train_batch_6,13
2695770809656954323,train_batch_6,14
2721050022667629108,train_batch_6,15
2703081233633373140,train_batch_6,16
2721078363664326495,train_batch_6,17
2670970535660675558,train_batch_6,18
2722197910672888821,train_batch_6,19
2715965173667582917,train_batch_6,20
2676617325664248828,train_batch_6,21
2691814494656085144,train_batch_6,22
2683486917657185759,train_batch_6,23
2684517052646827832,train_batch_6,24
2660608546655812168,train_batch_6,25
2699416708658128135,train_batch_6,26
2671518500657685620,train_batch_6,27
2688246829650778929,train_batch_6,28
2720071897655014333,train_batch_6,29
2678488587653881157,train_batch_6,30
2728857271658070449,train_batch_6,31
2688847303664314629,train_batch_6,32
2701144828652209505,train_batch_6,33
2708999896655526166,train_batch_6,34
2681509447637144799,train_batch_6,35
2727579960659589317,train_batch_6,36
2697854506638261269,train_batch_6,37
2688763393638925424,train_batch_6,38
2729545363657385835,train_batch_6,39
2733314756656346884,train_batch_6,40
2693584272672602320,train_batch_6,41
2714210704658461353,train_batch_6,42
2675310137653440097,train_batch_6,43
2689467290653735852,train_batch_6,44
2723555242647076885,train_batch_6,45
2691669656671268976,train_batch_6,46
2698796527677159552,train_batch_6,47
2691810313646000388,train_batch_6,48
2735862864659623035,train_batch_6,49
2689135439649009914,train_batch_6,50
2729232066656942143,train_batch_6,51
2713609054662296384,train_batch_6,52
2719997659664424807,train_batch_6,53
2711835628657184468,train_batch_6,54
2657748383659891894,train_batch_6,55
2677322386656296318,train_batch_6,56
2687717248652530619,train_batch_6,57
2674971429668773755,train_batch_6,58
2696657260663134175,train_batch_6,59
2675516849669286832,train_batch_6,60
2708051893659074270,train_batch_6,61
2689825274644208261,train_batch_6,62
2701921957674733502,train_batch_6,63
2715184718656594567,train_batch_6,64
2690177939667663091,train_batch_6,65
2705028578643670609,train_batch_6,66
2714085611637852534,train_batch_6,67
2713799139660243768,train_batch_6,68
2682936447662249785,train_batch_6,69
2698453989661258600,train_batch_6,70
2726732921655693625,train_batch_6,71
2681783224639776189,train_batch_6,72
2700262812659798799,train_batch_6,73
2715795702651793366,train_batch_6,74
2671928377663350163,train_batch_6,75
2691399993641345488,train_batch_6,76
2679958091669150878,train_batch_6,77
2707120686660991901,train_batch_6,78
2687161340653771694,train_batch_6,79
2714342378658357195,train_batch_6,80
2702486932636657487,train_batch_6,81
2677886727636302008,train_batch_6,82
2689354922662218350,train_batch_6,83
2663107251661405611,train_batch_6,84
2696614712653919039,train_batch_6,85
2681958935654716162,train_batch_6,86
2706933562645334052,train_batch_6,87
2692179907636016326,train_batch_6,88
2685415613637375327,train_batch_6,89
2731245828655114592,train_batch_6,90
2693222559648116939,train_batch_6,91
2660194298655258884,train_batch_6,92
2700108072647489990,train_batch_6,93
2692649432662299161,train_batch_6,94
2664191795652720398,train_batch_6,95
2696278434675963611,train_batch_6,96
2721509304661585295,train_batch_6,97
2713690818668382239,train_batch_6,98
2726633315671148421,train_batch_6,99
2706676667634670717,train_batch_6,100
2705715419635630136,train_batch_6,101
2669703776653409774,train_batch_6,102
2736008287657997431,train_batch_6,103
2720374434668300394,train_batch_6,104
2670531184664728406,train_batch_6,105
2699787848636042186,train_batch_6,106
2663052947654463532,train_batch_6,107
2738533775663773750,train_batch_6,108
2724037889657728838,train_batch_6,109
2710118286666143919,train_batch_6,110
2703580456664282666,train_batch_6,111
2726668768652971111,train_batch_6,112
2709023356654383428,train_batch_6,113
2727927229661647226,train_batch_6,114
2707319991645661281,train_batch_6,115
2701429322657430108,train_batch_6,116
2715707808648537779,train_batch_6,117
2700071761671574906,train_batch_6,118
2699043532639412065,train_batch_6,119
2675244709658100496,train_batch_6,120
2688304052660938283,train_batch_6,121
2662853718660598707,train_batch_6,122
2727723733655001931,train_batch_6,123
2695441224636793253,train_batch_6,124
2673710646671753916,train_batch_6,125
2688556268665497720,train_batch_6,126
2723960284672917551,train_batch_6,127
2698813260658128353,train_batch_6,128
2702721348666913119,train_batch_6,129
2710796239667885496,train_batch_6,130
2685466586648798445,train_batch_6,131
2693137508652335732,train_batch_6,132
2699844721673936728,train_batch_6,133
2669249010663100114,train_batch_6,134
2713074233667087889,train_batch_6,135
2679345720672064058,train_batch_6,136
2712431781653980243,train_batch_6,137
2667994450632280443,train_batch_6,138
2717067347650460621,train_batch_6,139
2723503579671360367,train_batch_6,140
2678921099652336703,train_batch_6,141
2714869621638821389,train_batch_6,142
2711438947664532762,train_batch_6,143
2712187646646958053,train_batch_6,144
2679959097646091112,train_batch_6,145
2708438666673687120,train_batch_6,146
2711848419654753006,train_batch_6,147
2696796108636320016,train_batch_6,148
2716148472663381326,train_batch_6,149
2674522770651923789,train_batch_6,150
2733341425653934498,train_batch_6,151
2710002992670561972,train_batch_6,152
2678550765672755869,train_batch_6,153
2684525888665632578,train_batch_6,154
2678194209663341766,train_batch_6,155
2699881347676073272,train_batch_6,156
2706960222649257822,train_batch_6,157
2668519793664253716,train_batch_6,158
2720599949673908258,train_batch_6,159
2666226191631228659,train_batch_6,160
2664448437667195131,train_batch_6,161
2703068246673210131,train_batch_6,162
2670483858633925180,train_batch_6,163
2695052934637500511,train_batch_6,164
2733752854653793556,train_batch_6,165
2723453979666578269,train_batch_6,166
2713467594665212941,train_batch_6,167
2673705428672691765,train_batch_6,168
2720979512655314520,train_batch_6,169
2675388503638616633,train_batch_6,170
2709075165660014761,train_batch_6,171
2678796780673656573,train_batch_6,172
2679429178649660575,train_batch_6,173
2701529770673158749,train_batch_6,174
2709286136668521608,train_batch_6,175
2668382400652474921,train_batch_6,176
2666717426654120752,train_batch_6,177
2690163111657666465,train_batch_6,178
2714239330655721831,train_batch_6,179
2697205051655027051,train_batch_6,180
2706678486663894572,train_batch_6,181
2669090350667346665,train_batch_6,182
2734088318655793876,train_batch_6,183
2705899854667559316,train_batch_6,184
2692994924673962565,train_batch_6,185
2719333186661357834,train_batch_6,186
2677803643646425484,train_batch_6,187
2682101458656902149,train_batch_6,188
2657094746660881690,train_batch_6,189
2677287386656364123,train_batch_6,190
2730940386659082973,train_batch_6,191
2687778319675346973,train_batch_6,192
2717394361665947628,train_batch_6,193
2720059009651368494,train_batch_6,194
2694534561660169402,train_batch_6,195
2674071508651582732,train_batch_6,196
2685695365655904567,train_batch_6,197
2701036797657511012,train_batch_6,198
2689128031634282433,train_batch_6,199
2715719097637225368,train_batch_6,200
2715989036656632508,train_batch_6,201
2692854668638192223,train_batch_6,202
2713723374670284497,train_batch_6,203
2661108291665184879,train_batch_6,204
2674860537658578688,train_batch_6,205
2709451095637363163,train_batch_6,206
2695597969667959712,train_batch_6,207
2717344735672026829,train_batch_6,208
2675016598662004926,train_batch_6,209
2725957122673063509,train_batch_6,210
2693996938665870069,train_batch_6,211
2694400749655642244,train_batch_6,212
2707420165635469190,train_batch_6,213
2716443540636900254,train_batch_6,214
2715857494654877085,train_batch_6,215
2668952264662432749,train_batch_6,216
2667825311655098556,train_batch_6,217
2674426813635405459,train_batch_6,218
2714644602672457225,train_batch_6,219
2733170287662209765,train_batch_6,220
2692445908664001931,train_batch_6,221
2721462609646395167,train_batch_6,222
2683715265632687594,train_batch_6,223
2706935437639945128,train_batch_6,224
2701475312674431579,train_batch_6,225
2714787071666259968,train_batch_6,226
2724519827666911102,train_batch_6,227
2672148103662703105,train_batch_6,228
2674029434647507051,train_batch_6,229
2681514784657687143,train_batch_6,230
2701749390640011527,train_batch_6,231
2703679155664816079,train_batch_6,232
2690197782661339759,train_batch_6,233
2689032571664340845,train_batch_6,234
2721165811665708049,train_batch_6,235
2661771892662528041,train_batch_6,236
2704365102664955446,train_batch_6,237
2710479954648601297,train_batch_6,238
2719801176649314362,train_batch_6,239
2699140204639043070,train_batch_6,240
2682341557645153677,train_batch_6,241
2665170171668092728,train_batch_6,242
2660760342667559251,train_batch_6,243
2705070423634027825,train_batch_6,244
2671117782671144344,train_batch_6,245
2713086181657803561,train_batch_6,246
2708918159660144306,train_batch_6,247
2672759863662088564,train_batch_6,248
2726487474652939197,train_batch_6,249
2706487637661621129,train_batch_6,250
2716722184656434602,train_batch_6,251
2716873201653573804,train_batch_6,252
2710997714651021388,train_batch_6,253
2689476460666269370,train_batch_6,254
2665109799661423431,train_batch_6,255
2704209976633958973,train_batch_6,256
2680861982655258873,train_batch_6,257
2716869104672623886,train_batch_6,258
2722321743650900894,train_batch_6,259
2712339698663232761,train_batch_6,260
2668482186653070062,train_batch_6,261
2675870168662166847,train_batch_6,262
2707532708646723071,train_batch_6,263
2674481142653298729,train_batch_6,264
2695235945643245006,train_batch_6,265
2701242316659531595,train_batch_6,266
2675854425649686942,train_batch_6,267
2665409206651488083,train_batch_6,268
2723220117671262357,train_batch_6,269
2717931741650273739,train_batch_6,270
2736360327661092672,train_batch_6,271
2670891278659519457,train_batch_6,272
2676046945652184172,train_batch_6,273
2711876612672577121,train_batch_6,274
2689800257639551890,train_batch_6,275
2666851334631467205,train_batch_6,276
2701736854674497847,train_batch_6,277
2719253091653094334,train_batch_6,278
2691040081643778936,train_batch_6,279
2718976139659190903,train_batch_6,280
2710312084672322184,train_batch_6,281
2695624477659986923,train_batch_6,282
2703664932633168503,train_batch_6,283
2668993806665726297,train_batch_6,284
2676614368650706386,train_batch_6,285
2700607633639868083,train_batch_6,286
2715352111649396687,train_batch_6,287
2672307875647956977,train_batch_6,288
2678885348654407394,train_batch_6,289
2693718191653717205,train_batch_6,290
2697263343674050105,train_batch_6,291
2658919278656253353,train_batch_6,292
2702474161659244088,train_batch_6,293
2713219704636630267,train_batch_6,294
2663778650663379457,train_batch_6,295
2691246349649064870,train_batch_6,296
2665210627659106279,train_batch_6,297
2662092681650825811,train_batch_6,298
2724757391649673347,train_batch_6,299
2689562871652303157,train_batch_6,300
2696585704657682627,train_batch_6,301
2684202147669423724,train_batch_6,302
2679484333650968371,train_batch_6,303
2686444144649632169,train_batch_6,304
2718930953656536904,train_batch_6,305
2688975019672210897,train_batch_6,306
2720327182660565889,train_batch_6,307
2721594228654429969,train_batch_6,308
2699085565658716524,train_batch_6,309
2672349161633512658,train_batch_6,310
2718175982647566249,train_batch_6,311
2676515337657105455,train_batch_6,312
2718587392646933478,train_batch_6,313
2677705942655969117,train_batch_6,314
2732235195666306390,train_batch_6,315
2682460046637627169,train_batch_6,316
2693635493645560348,train_batch_6,317
2689311698645966449,train_batch_6,318
2662178834658088819,train_batch_6,319
2689162473650018613,train_batch_6,320
2687391118661434490,train_batch_6,321
2707398888674456869,train_batch_6,322
2693794020640128730,train_batch_6,323
2707712750660928979,train_batch_6,324
2712085209673392266,train_batch_6,325
2682728473647289115,train_batch_6,326
2684294824638039983,train_batch_6,327
2720463911650336426,train_batch_6,328
2677300148649379231,train_batch_6,329
2694164857652300071,train_batch_6,330
2679291606662199482,train_batch_6,331
2732784065657928323,train_batch_6,332
2702725028635946560,train_batch_6,333
2715680922651236259,train_batch_6,334
2716772828637984719,train_batch_6,335
2669133170660079174,train_batch_6,336
2726280260660081444,train_batch_6,337
2703033710652702582,train_batch_6,338
2673011204667697065,train_batch_6,339
2700167722669847734,train_batch_6,340
2685427513670305095,train_batch_6,341
2699704327647885445,train_batch_6,342
2677908716667769033,train_batch_6,343
2710230496671729914,train_batch_6,344
2711463019646629595,train_batch_6,345
2702018958663282157,train_batch_6,346
2711264694666449565,train_batch_6,347
2696837428647167183,train_batch_6,348
2711813162637737494,train_batch_6,349
2709093037635425301,train_batch_6,350
2730684174664110832,train_batch_6,351
2697729671662699489,train_batch_6,352
2695419537648349442,train_batch_6,353
2665016880654526458,train_batch_6,354
2709631788636357630,train_batch_6,355
2698684509639364713,train_batch_6,356
2674066503673964228,train_batch_6,357
2706337793634481002,train_batch_6,358
2735144770661949113,train_batch_6,359
2712941288671040589,train_batch_6,360
2676304077656354939,train_batch_6,361
2678272088671341886,train_batch_6,362
2669708339667028597,train_batch_6,363
2705679174636947843,train_batch_6,364
2691907803651263243,train_batch_6,365
2678399519657278393,train_batch_6,366
2714545223646815590,train_batch_6,367
2696529410641393036,train_batch_6,368
2729760693655557755,train_batch_6,369
2696576983653501171,train_batch_6,370
2718592762654621472,train_batch_6,371
2677146296672420094,train_batch_6,372
2727171198649012402,train_batch_6,373
2690649855668493054,train_batch_6,374
2688621910668342716,train_batch_6,375
2722219038658717291,train_batch_6,376
2718688172646593352,train_batch_6,377
2710388800659612790,train_batch_6,378
2705806387636518587,train_batch_6,379
2693603571640861625,train_batch_6,380
2706019790672964746,train_batch_6,381
2724758677659637182,train_batch_6,382
2664190594659783173,train_batch_6,383
2733264100653008013,train_batch_6,384
2721212150672044502,train_batch_6,385
2724334416655875683,train_batch_6,386
2669866612663963364,train_batch_6,387
2685383261651420731,train_batch_6,388
2698282455637263779,train_batch_6,389
2676999047654706830,train_batch_6,390
2669126107666393715,train_batch_6,391
2662668738669089347,train_batch_6,392
2664715656656296517,train_batch_6,393
2660168853657219811,train_batch_6,394
2704440694644529129,train_batch_6,395
2679721196659240474,train_batch_6,396
2670972197666413288,train_batch_6,397
2715147520662890394,train_batch_6,398
2663923868653413690,train_batch_6,399
2707969742656175947,train_batch_6,400
2715043126672577313,train_batch_6,401
2698766132641506034,train_batch_6,402
2736329250654364185,train_batch_6,403
2661655722668087767,train_batch_6,404
2686388906667967898,train_batch_6,405
2695133383661471426,train_batch_6,406
2708487414661728683,train_batch_6,407
2666164037655732162,train_batch_6,408
2681684350671850516,train_batch_6,409
2672354666652230221,train_batch_6,410
2662620512655734297,train_batch_6,411
2726159420653985948,train_batch_6,412
2701883320673759819,train_batch_6,413
2681174102639255694,train_batch_6,414
2673923896658330323,train_batch_6,415
2665351354654661034,train_batch_6,416
2720564332667696554,train_batch_6,417
2723576076653453336,train_batch_6,418
2723310721654413945,train_batch_6,419
2699437101671135277,train_batch_6,420
2730112235666957459,train_batch_6,421
2684751428660303922,train_batch_6,422
2703264518664399600,train_batch_6,423
2685223146656573112,train_batch_6,424
2705954250646649530,train_batch_6,425
2669970376668352176,train_batch_6,426
2665210350658870473,train_batch_6,427
2721232288649833138,train_batch_6,428
2718930371660677195,train_batch_6,429
2691516255638974077,train_batch_6,430
2685151375648314238,train_batch_6,431
2683287608667443213,train_batch_6,432
2675166801648538008,train_batch_6,433
2715805953647348679,train_batch_6,434
2707723855651858667,train_batch_6,435
2732543834666827550,train_batch_6,436
2726228712659244657,train_batch_6,437
2692076880656138207,train_batch_6,438
2695027568672744300,train_batch_6,439
2714566256657560011,train_batch_6,440
2700758293664809694,train_batch_6,441
2698280881668100133,train_batch_6,442
2677408132660010501,train_batch_6,443
2727606856656787577,train_batch_6,444
2729871749655491219,train_batch_6,445
2720622220669494166,train_batch_6,446
2689099609639263900,train_batch_6,447
2701578379639473938,train_batch_6,448
2715795591655680456,train_batch_6,449
2682952135654201696,train_batch_6,450
2697437643646034695,train_batch_6,451
2684845557672569537,train_batch_6,452
2715869709661081634,train_batch_6,453
2693314540665257182,train_batch_6,454
2690549676661209473,train_batch_6,455
2729645507671168584,train_batch_6,456
2701595187644553204,train_batch_6,457
2705533932649924880,train_batch_6,458
2708191957669082077,train_batch_6,459
2661901493654224625,train_batch_6,460
2718024280666364408,train_batch_6,461
2678164410673550058,train_batch_6,462
2668371607651416110,train_batch_6,463
2720099443672977029,train_batch_6,464
2697814081656986818,train_batch_6,465
2735440597656721717,train_batch_6,466
2715738264658357930,train_batch_6,467
2697907634635845596,train_batch_6,468
2692711013650177506,train_batch_6,469
2697992965666797165,train_batch_6,470
2674812574658425745,train_batch_6,471
2702345980650563644,train_batch_6,472
2669782757656238772,train_batch_6,473
2700398154652163730,train_batch_6,474
2685684063663208784,train_batch_6,475
2680019073656551403,train_batch_6,476
2730235050658399417,train_batch_6,477
2670319627654919127,train_batch_6,478
2707402347649204452,train_batch_6,479
2722894396651732871,train_batch_6,480
2715174218657858973,train_batch_6,481
2713795586665595597,train_batch_6,482
2702616274670516852,train_batch_6,483
2676496599653514015,train_batch_6,484
2670711635654015580,train_batch_6,485
2696221339659101586,train_batch_6,486
2669127707654238476,train_batch_6,487
2670353255652674423,train_batch_6,488
2661676791658682959,train_batch_6,489
2667488574654610730,train_batch_6,490
2713535268637852199,train_batch_6,491
2694828035652167962,train_batch_6,492
2711255112658810997,train_batch_6,493
2694587868666539886,train_batch_6,494
2707683741672584228,train_batch_6,495
2705137935665783585,train_batch_6,496
2696452244650735797,train_batch_6,497
2714291831659255347,train_batch_6,498
2720712707664944764,train_batch_6,499
2697483821659070706,train_batch_7,0
2691408165655864815,train_batch_7,1
2702251086634636462,train_batch_7,2
2715602601672378217,train_batch_7,3
2711268723662562719,train_batch_7,4
2694348435669749622,train_batch_7,5
2717282278657482530,train_batch_7,6
2694394735635205297,train_batch_7,7
2735541474661155594,train_batch_7,8
2722288944647151479,train_batch_7,9
2688713232670578533,train_batch_7,10
2715109983671471370,train_batch_7,11
2720664185665467767,train_batch_7,12
2667366554668161653,train_batch_7,13
2735631999659973480,train_batch_7,14
2671682370655378831,train_batch_7,15
2701856267650818617,train_batch_7,16
2697855947638290797,train_batch_7,17
2698468151671218069,train_batch_7,18
2710509933663535364,train_batch_7,19
2715460604657279442,train_batch_7,20
2663037848670134319,train_batch_7,21
2724389090669934862,train_batch_7,22
2679706172654902290,train_batch_7,23
2664734104654511515,train_batch_7,24
2685341108658008459,train_batch_7,25
2667588427664311378,train_batch_7,26
2682927184664017190,train_batch_7,27
2670576115663092267,train_batch_7,28
2688836387648594950,train_batch_7,29
2664470152650676642,train_batch_7,30
2721168214658517129,train_batch_7,31
2724587642660368608,train_batch_7,32
2697263513669378080,train_batch_7,33
2687817329638657507,train_batch_7,34
2732392321654115567,train_batch_7,35
2721111929658092497,train_batch_7,36
2720144307665795634,train_batch_7,37
2683334032659317855,train_batch_7,38
2676926316672674905,train_batch_7,39
2676720463635927080,train_batch_7,40
2709504273648824704,train_batch_7,41
2713872748663006986,train_batch_7,42
2704312325644733487,train_batch_7,43
2711483316636931027,train_batch_7,44
2720598135653890308,train_batch_7,45
2727445979665876760,train_batch_7,46
2683630829672293535,train_batch_7,47
2686650964639902140,train_batch_7,48
2702073765673519341,train_batch_7,49
2695126074648254060,train_batch_7,50
2658460342658554963,train_batch_7,51
2727061390663693436,train_batch_7,52
2670143299669569557,train_batch_7,53
2707149253668120175,train_batch_7,54
2728702138649806057,train_batch_7,55
2672853409662532734,train_batch_7,56
2697583084650029670,train_batch_7,57
2683565274674004630,train_batch_7,58
2723959534664056564,train_batch_7,59
2687835268666746696,train_batch_7,60
2698284562652893564,train_batch_7,61
2669556121664794636,train_batch_7,62
2659970070653955831,train_batch_7,63
2698264806657249652,train_batch_7,64
2688012453633478585,train_batch_7,65
2681516974659266439,train_batch_7,66
2727634073668128640,train_batch_7,67
2685128182640414411,train_batch_7,68
2687422484674108255,train_batch_7,69
2668068248655376135,train_batch_7,70
2661562232665799143,train_batch_7,71
2671803955662109560,train_batch_7,72
2676001636651238171,train_batch_7,73
2687340105676453127,train_batch_7,74
2718817395648536296,train_batch_7,75
2664922031652431368,train_batch_7,76
2660268252664189256,train_batch_7,77
2699389990644189183,train_batch_7,78
2725663351653592535,train_batch_7,79
2666539136659713058,train_batch_7,80
2659915532662576891,train_batch_7,81
2711935935657199264,train_batch_7,82
2708753947661087026,train_batch_7,83
2698779079653087428,train_batch_7,84
2709875639637563804,train_batch_7,85
2681923506645304202,train_batch_7,86
2713112045667191636,train_batch_7,87
2689314638663833351,train_batch_7,88
2672955729633425034,train_batch_7,89
2703498314651744215,train_batch_7,90
2721729616652639454,train_batch_7,91
2712551247670990821,train_batch_7,92
2694180247668750509,train_batch_7,93
2665326087665802832,train_batch_7,94
2667596748662187959,train_batch_7,95
2669352482654487591,train_batch_7,96
2722454964650288914,train_batch_7,97
2681238498639026581,train_batch_7,98
2729478908666006629,train_batch_7,99
2672956541671277336,train_batch_7,100
2712285966654081668,train_batch_7,101
2723415101651266762,train_batch_7,102
2716868729658762867,train_batch_7,103
2667356165631456180,train_batch_7,104
2689278793677324183,train_batch_7,105
2669988814633106796,train_batch_7,106
2714628079653471435,train_batch_7,107
2708118077651209414,train_batch_7,108
2722352859650914426,train_batch_7,109
2671096958632993843,train_batch_7,110
2686920260647450712,train_batch_7,111
2703678977651264743,train_batch_7,112
2682337826645310475,train_batch_7,113
2689816685647486247,train_batch_7,114
2668673740655866225,train_batch_7,115
2678080505656351220,train_batch_7,116
2673456740633144757,train_batch_7,117
2688420414671719334,train_batch_7,118
2698997323645375276,train_batch_7,119
2723210726647427622,train_batch_7,120
2699613786673385392,train_batch_7,121
2675900876649532010,train_batch_7,122
2683479527665011887,train_batch_7,123
2692148166663494018,train_batch_7,124
2667776789657213046,train_batch_7,125
2683208433650256372,train_batch_7,126
2698310775644102589,train_batch_7,127
2681389640662369375,train_batch_7,128
2711898424664416446,train_batch_7,129
2700712987637524400,train_batch_7,130
2698206566640859146,train_batch_7,131
2703341315636671798,train_batch_7,132
2671800067651362786,train_batch_7,133
2663876571667406387,train_batch_7,134
2731210071658083091,train_batch_7,135
2702918469646123297,train_batch_7,136
2690222097635880462,train_batch_7,137
2699401268674313949,train_batch_7,138
2733863012658423811,train_batch_7,139
2701497667664233771,train_batch_7,140
2728271342666879254,train_batch_7,141
2671791004649122539,train_batch_7,142
2683160223636137279,train_batch_7,143
2705793022636143822,train_batch_7,144
2732916354668355220,train_batch_7,145
2671112050648889730,train_batch_7,146
2705640136660188061,train_batch_7,147
2729251638667272555,train_batch_7,148
2675775646647408691,train_batch_7,149
2727313648655490267,train_batch_7,150
2722026107656810274,train_batch_7,151
2713083993650154474,train_batch_7,152
2702730171655314845,train_batch_7,153
2690837400666678461,train_batch_7,154
2698130335663737745,train_batch_7,155
2701570955658060890,train_batch_7,156
2675962267669773934,train_batch_7,157
2695120577637491004,train_batch_7,158
2676696275674773429,train_batch_7,159
2735342094666137074,train_batch_7,160
2702904840648483763,train_batch_7,161
2694907209667110536,train_batch_7,162
2667813754662776876,train_batch_7,163
2693556675664749161,train_batch_7,164
2705424012667418149,train_batch_7,165
2711415145654084996,train_batch_7,166
2675167547663794702,train_batch_7,167
2700055597639300865,train_batch_7,168
2676950647668331509,train_batch_7,169
2722932309650289656,train_batch_7,170
2675797111650773239,train_batch_7,171
2710078518673031054,train_batch_7,172
2684571592648755030,train_batch_7,173
2705616125665078571,train_batch_7,174
2704423388644586233,train_batch_7,175
2713630564648024738,train_batch_7,176
2672310527657097250,train_batch_7,177
2674240307664767321,train_batch_7,178
2698043145642183568,train_batch_7,179
2694235575647261976,train_batch_7,180
2705181882655761603,train_batch_7,181
2702517323643986291,train_batch_7,182
2707350918654652318,train_batch_7,183
2726644494655759801,train_batch_7,184
2704348539637597414,train_batch_7,185
2733506400661467479,train_batch_7,186
2719834322654610143,train_batch_7,187
2682876494634201060,train_batch_7,188
2722430655670511545,train_batch_7,189
2671600151663101304,train_batch_7,190
2701005542650309395,train_batch_7,191
2668987576635350131,train_batch_7,192
2734156643655602342,train_batch_7,193
2673813075666887697,train_batch_7,194
2719562435655411033,train_batch_7,195
2682431681659361455,train_batch_7,196
2707049368661023234,train_batch_7,197
2700996072677003253,train_batch_7,198
2713815526665652724,train_batch_7,199
2683087926633582758,train_batch_7,200
2703629453667278999,train_batch_7,201
2686599039633774693,train_batch_7,202
2693145102638535834,train_batch_7,203
2663113043664271978,train_batch_7,204
2707140745645622680,train_batch_7,205
2694276073673218949,train_batch_7,206
2702737955666683414,train_batch_7,207
2700606429669014663,train_batch_7,208
2666697626666818578,train_batch_7,209
2716342615638631338,train_batch_7,210
2699526470663359377,train_batch_7,211
2683868312663805766,train_batch_7,212
2688913889649018230,train_batch_7,213
2713759276649500516,train_batch_7,214
2678899359674079714,train_batch_7,215
2733400587667359253,train_batch_7,216
2666751199654094205,train_batch_7,217
2682618684668516890,train_batch_7,218
2705138423670399591,train_batch_7,219
2666373118652154119,train_batch_7,220
2709964295647306555,train_batch_7,221
2656473128662010529,train_batch_7,222
2698868303656719782,train_batch_7,223
2692125658677186358,train_batch_7,224
2686558333671971082,train_batch_7,225
2701395361636706489,train_batch_7,226
2665707522670807362,train_batch_7,227
2696852294663644460,train_batch_7,228
2702616618640898022,train_batch_7,229
2723795165665132504,train_batch_7,230
2727834347654576410,train_batch_7,231
2669817502664974756,train_batch_7,232
2681892135640047859,train_batch_7,233
2706368003651768272,train_batch_7,234
2707826471664914938,train_batch_7,235
2669877828672990298,train_batch_7,236
2706594563648760684,train_batch_7,237
2722714565661629799,train_batch_7,238
2663485193661277174,train_batch_7,239
2694182148635774383,train_batch_7,240
2725564720661543702,train_batch_7,241
2714185204635790485,train_batch_7,242
2667029232655413002,train_batch_7,243
2700564636639104972,train_batch_7,244
2720063915647374526,train_batch_7,245
2707869621648468872,train_batch_7,246
2695687567653951970,train_batch_7,247
2668908143665559518,train_batch_7,248
2696814665641512916,train_batch_7,249
2705683417649208722,train_batch_7,250
2675305647636263331,train_batch_7,251
2723505748670368814,train_batch_7,252
2657782214658112787,train_batch_7,253
2733521108661984022,train_batch_7,254
2701976725663713041,train_batch_7,255
2719203641653102101,train_batch_7,256
2681843925645754266,train_batch_7,257
2672396250657837632,train_batch_7,258
2693267551637239917,train_batch_7,259
2719516635651182148,train_batch_7,260
2698170082656329032,train_batch_7,261
2703395779655678558,train_batch_7,262
2691913945651730350,train_batch_7,263
2712445537654948870,train_batch_7,264
2669505176655249017,train_batch_7,265
2734110482657831999,train_batch_7,266
2689994764674592663,train_batch_7,267
2674408896658598691,train_batch_7,268
2707721676663818158,train_batch_7,269
2665715502666659613,train_batch_7,270
2681972904664032677,train_batch_7,271
2722890747663606569,train_batch_7,272
2728537461656510652,train_batch_7,273
2682800603636509203,train_batch_7,274
2694555115640160075,train_batch_7,275
2707958769652974630,train_batch_7,276
2666095926656966928,train_batch_7,277
2721057728671191771,train_batch_7,278
2682058190671115873,train_batch_7,279
2679258178653319210,train_batch_7,280
2693138324661023319,train_batch_7,281
2685806958653656238,train_batch_7,282
2728705690653100205,train_batch_7,283
2675180005655380549,train_batch_7,284
2721093876649911231,train_batch_7,285
2704290655670960967,train_batch_7,286
2677873362651373087,train_batch_7,287
2725438082669886336,train_batch_7,288
2688425174650072004,train_batch_7,289
2727829184656990881,train_batch_7,290
2665575365668905056,train_batch_7,291
2737824508659312243,train_batch_7,292
2681508297662538395,train_batch_7,293
2708468669635404461,train_batch_7,294
2705719991672316076,train_batch_7,295
2670281916658139578,train_batch_7,296
2732344850654172413,train_batch_7,297
2704807495635496754,train_batch_7,298
2679567739649109797,train_batch_7,299
2661603826667130870,train_batch_7,300
2671440689660879340,train_batch_7,301
2723534225653975894,train_batch_7,302
2687779502669959069,train_batch_7,303
2707349858637264124,train_batch_7,304
2684910015672373522,train_batch_7,305
2698126837648491941,train_batch_7,306
2677754707657490919,train_batch_7,307
2674761063660593033,train_batch_7,308
2720668203657509938,train_batch_7,309
2723134179666213577,train_batch_7,310
2696558223673045026,train_batch_7,311
2709068665665438008,train_batch_7,312
2726499104662003723,train_batch_7,313
2664807789654520543,train_batch_7,314
2678938140665114070,train_batch_7,315
2709473313635305111,train_batch_7,316
2666951490666511321,train_batch_7,317
2716231088669117650,train_batch_7,318
2673383553635409008,train_batch_7,319
2695183203654918083,train_batch_7,320
2672319462648162820,train_batch_7,321
2674996117637090576,train_batch_7,322
2667359427652178101,train_batch_7,323
2708771697651497966,train_batch_7,324
2683630386634132221,train_batch_7,325
2731147137653013804,train_batch_7,326
2696659162649398409,train_batch_7,327
2697681322654370570,train_batch_7,328
2692334981650903182,train_batch_7,329
2696395875669374935,train_batch_7,330
2683931289669343558,train_batch_7,331
2682074466632745763,train_batch_7,332
2691070044641034602,train_batch_7,333
2669611248664595465,train_batch_7,334
2712091762650343537,train_batch_7,335
2692855900667766103,train_batch_7,336
2700578934640472515,train_batch_7,337
2679988925655250768,train_batch_7,338
2713925032672773761,train_batch_7,339
2670241486660610615,train_batch_7,340
2672331426662678129,train_batch_7,341
2678849505673991980,train_batch_7,342
2693531927654500851,train_batch_7,343
2716467036666653812,train_batch_7,344
2717627879649209904,train_batch_7,345
2691508440675546910,train_batch_7,346
2671323733663291228,train_batch_7,347
2702285933654876259,train_batch_7,348
2692742356649088569,train_batch_7,349
2684747519663176455,train_batch_7,350
2667751885657569958,train_batch_7,351
2699382685638176556,train_batch_7,352
2682765161665743206,train_batch_7,353
2679576312639125362,train_batch_7,354
2703824680674750978,train_batch_7,355
2681079829669016100,train_batch_7,356
2705430072675862159,train_batch_7,357
2662542107656824031,train_batch_7,358
2686483923659773808,train_batch_7,359
2665274937667870526,train_batch_7,360
2723618736665143687,train_batch_7,361
2681630697672123827,train_batch_7,362
2685674225656397778,train_batch_7,363
2665209556651987777,train_batch_7,364
2692187248667064568,train_batch_7,365
2693447231672583927,train_batch_7,366
2725880129655319124,train_batch_7,367
2727788391650439675,train_batch_7,368
2666083990656421923,train_batch_7,369
2701808740640118407,train_batch_7,370
2704934420647610858,train_batch_7,371
2669044604655950461,train_batch_7,372
2719990240661659797,train_batch_7,373
2670933517660689357,train_batch_7,374
2670832724661805711,train_batch_7,375
2727606652651277901,train_batch_7,376
2703038981645228937,train_batch_7,377
2695380774662115511,train_batch_7,378
2700698129648204759,train_batch_7,379
2673389973671141819,train_batch_7,380
2686678033632902962,train_batch_7,381
2710450367666756887,train_batch_7,382
2689671679659180427,train_batch_7,383
2674854379651549479,train_batch_7,384
2682837321655260240,train_batch_7,385
2673107275654132065,train_batch_7,386
2672160127674736369,train_batch_7,387
2675786350638216500,train_batch_7,388
2705340003646815178,train_batch_7,389
2662167032652572912,train_batch_7,390
2695330842653061947,train_batch_7,391
2696117827673955282,train_batch_7,392
2685147805664168426,train_batch_7,393
2696740924638318108,train_batch_7,394
2704641335649996328,train_batch_7,395
2666242488668091746,train_batch_7,396
2676747922659399024,train_batch_7,397
2691528222664838210,train_batch_7,398
2713979857658830283,train_batch_7,399
2732361803652984516,train_batch_7,400
2693214958644535668,train_batch_7,401
2729128928658556747,train_batch_7,402
2688063770641683711,train_batch_7,403
2680820157636136212,train_batch_7,404
2686106452644304710,train_batch_7,405
2691842866676593953,train_batch_7,406
2696863974644071187,train_batch_7,407
2691559053670133290,train_batch_7,408
2681058932648568666,train_batch_7,409
2680121836672403757,train_batch_7,410
2664965066654808620,train_batch_7,411
2669020770656882827,train_batch_7,412
2666178002661000590,train_batch_7,413
2737280042664812100,train_batch_7,414
2699921711675795662,train_batch_7,415
2674455402646495467,train_batch_7,416
2690422166650239526,train_batch_7,417
2684666278661123880,train_batch_7,418
2664093192660776060,train_batch_7,419
2700353145659786024,train_batch_7,420
2674997555654183323,train_batch_7,421
2684146116653865289,train_batch_7,422
2700417931649389002,train_batch_7,423
2690099420637098319,train_batch_7,424
2722492913663701060,train_batch_7,425
2697106610674194096,train_batch_7,426
2663377723652802308,train_batch_7,427
2710786646673792072,train_batch_7,428
2686979354661240033,train_batch_7,429
2703141512675459492,train_batch_7,430
2700565463654617323,train_batch_7,431
2659962484666825071,train_batch_7,432
2717833277664485605,train_batch_7,433
2699453397671028337,train_batch_7,434
2689838575660550880,train_batch_7,435
2670079803656270601,train_batch_7,436
2733535998655074354,train_batch_7,437
2677886550670238314,train_batch_7,438
2695571282635658110,train_batch_7,439
2668437118668227082,train_batch_7,440
2673397717658771743,train_batch_7,441
2675014509671466397,train_batch_7,442
2673052377658845395,train_batch_7,443
2684422503648501243,train_batch_7,444
2683259774634894907,train_batch_7,445
2709126296646696281,train_batch_7,446
2702132266636390821,train_batch_7,447
2719784028638349205,train_batch_7,448
2726469603668243346,train_batch_7,449
2690388566660750982,train_batch_7,450
2667813594636077323,train_batch_7,451
2710004519660171136,train_batch_7,452
2691628354667724791,train_batch_7,453
2700715034667679326,train_batch_7,454
2679683938666961945,train_batch_7,455
2656201174659577018,train_batch_7,456
2706051540638868644,train_batch_7,457
2665053088658820477,train_batch_7,458
2674628738674024163,train_batch_7,459
2723859793649299730,train_batch_7,460
2720206936659113568,train_batch_7,461
2662601401664614078,train_batch_7,462
2666429248667372904,train_batch_7,463
2731077895664121611,train_batch_7,464
2669549441651090604,train_batch_7,465
2677521573650116118,train_batch_7,466
2691889599663353028,train_batch_7,467
2720841795667542213,train_batch_7,468
2718276265657025171,train_batch_7,469
2720384314653978584,train_batch_7,470
2684898578649096840,train_batch_7,471
2675185309654888991,train_batch_7,472
2710065452669697570,train_batch_7,473
2665721234656701567,train_batch_7,474
2719347803657244854,train_batch_7,475
2699215288667105118,train_batch_7,476
2712390947673238819,train_batch_7,477
2724891662650857014,train_batch_7,478
2720086536648529112,train_batch_7,479
2703359882659194935,train_batch_7,480
2682557478639416934,train_batch_7,481
2700333701651850779,train_batch_7,482
2692749903649619913,train_batch_7,483
2691046241670302761,train_batch_7,484
2668277564651748552,train_batch_7,485
2717053289651622031,train_batch_7,486
2656939330662804053,train_batch_7,487
2689949565653337793,train_batch_7,488
2689518035668190587,train_batch_7,489
2722146705655017829,train_batch_7,490
2678519521653149825,train_batch_7,491
2664231360666575299,train_batch_7,492
2722022138660130868,train_batch_7,493
2695069621672921641,train_batch_7,494
2690788457675009372,train_batch_7,495
2728772017666708310,train_batch_7,496
2686281078645231105,train_batch_7,497
2727337082663789412,train_batch_7,498
2692232266671950430,train_batch_7,499
2704088760667549907,train_batch_8,0
2666748709672510059,train_batch_8,1
2711966547650037333,train_batch_8,2
2723942513660071918,train_batch_8,3
2676483383639662353,train_batch_8,4
2728273701657978078,train_batch_8,5
2702837155659082152,train_batch_8,6
2725973193660783183,train_batch_8,7
2676859332663832223,train_batch_8,8
2705356946652163584,train_batch_8,9
2687828499647251834,train_batch_8,10
2695660699658975076,train_batch_8,11
2701955993673287583,train_batch_8,12
2697787907646157046,train_batch_8,13
2706213571675087194,train_batch_8,14
2673624809667340862,train_batch_8,15
2683188356635870395,train_batch_8,16
2690869882647015538,train_batch_8,17
2674206508659796114,train_batch_8,18
2732101421668001471,train_batch_8,19
2710570363645841089,train_batch_8,20
2669106324655528775,train_batch_8,21
2712802822668243212,train_batch_8,22
2663449276667189980,train_batch_8,23
2675883210657701732,train_batch_8,24
2712938865644897866,train_batch_8,25
2717992853656034185,train_batch_8,26
2681805179672918196,train_batch_8,27
2712397629652173742,train_batch_8,28
2714119041664449417,train_batch_8,29
2710452291634920101,train_batch_8,30
2683608785663670151,train_batch_8,31
2685452023649843538,train_batch_8,32
2674967701658656480,train_batch_8,33
2691869288658820601,train_batch_8,34
2696392627642107203,train_batch_8,35
2711785109672308355,train_batch_8,36
2727917603660677769,train_batch_8,37
2698341245635641074,train_batch_8,38
2682405999658469501,train_batch_8,39
2720456220658810067,train_batch_8,40
2693017968666906879,train_batch_8,41
2725538199661204660,train_batch_8,42
2672077823663237524,train_batch_8,43
2683951371658180045,train_batch_8,44
2725282383673038187,train_batch_8,45
2709559551654306619,train_batch_8,46
2714572362636451479,train_batch_8,47
2697572871654795270,train_batch_8,48
2671575279650056442,train_batch_8,49
2719177207668526786,train_batch_8,50
2703333414656279757,train_batch_8,51
2692133472658348534,train_batch_8,52
2724050970652780303,train_batch_8,53
2698647304676513966,train_batch_8,54
2708867165635250424,train_batch_8,55
2702130288663219765,train_batch_8,56
2681676152635931264,train_batch_8,57
2723810500664166060,train_batch_8,58
2710764029648698579,train_batch_8,59
2696406882668370092,train_batch_8,60
2684347084636772233,train_batch_8,61
2656849174660608830,train_batch_8,62
2728096251667352225,train_batch_8,63
2723919751671492838,train_batch_8,64
2706058096636947884,train_batch_8,65
2710555526658524730,train_batch_8,66
2661765008653258049,train_batch_8,67
2668421544655462740,train_batch_8,68
2709980889672377597,train_batch_8,69
2707617530673395805,train_batch_8,70
2716443417667679749,train_batch_8,71
2716398867651007828,train_batch_8,72
2692316137662055225,train_batch_8,73
2661520595665162896,train_batch_8,74
2687091765673699478,train_batch_8,75
2701029861659072715,train_batch_8,76
2695533335665198565,train_batch_8,77
2722697461672276644,train_batch_8,78
2680760391647869950,train_batch_8,79
2665852198663355212,train_batch_8,80
2708933512655637158,train_batch_8,81
2658762364656367185,train_batch_8,82
2683951955635819314,train_batch_8,83
2691469575667391828,train_batch_8,84
2686793113660063331,train_batch_8,85
2692481447659687534,train_batch_8,86
2696895617646369796,train_batch_8,87
2682897383654696956,train_batch_8,88
2676677490655129796,train_batch_8,89
2672784394634299939,train_batch_8,90
2686500429633603397,train_batch_8,91
2673553666673003020,train_batch_8,92
2711188607659376536,train_batch_8,93
2724128601657055360,train_batch_8,94
2675077101654659504,train_batch_8,95
2705402716639169478,train_batch_8,96
2671850090656742392,train_batch_8,97
2719201740650796131,train_batch_8,98
2683790154667662978,train_batch_8,99
2684954673647387836,train_batch_8,100
2667264838655635203,train_batch_8,101
2697401365637326479,train_batch_8,102
2715331401671808712,train_batch_8,103
2703537781639379304,train_batch_8,104
2696070353660038131,train_batch_8,105
2676041217666862883,train_batch_8,106
2714969785654804874,train_batch_8,107
2668995018657103636,train_batch_8,108
2696157839635496993,train_batch_8,109
2728738072658342415,train_batch_8,110
2708390443675482986,train_batch_8,111
2693100930664245537,train_batch_8,112
2711183510653012637,train_batch_8,113
2703647616658137703,train_batch_8,114
2720727713666014632,train_batch_8,115
2724401744651708992,train_batch_8,116
2665749202631146509,train_batch_8,117
2708247232646600975,train_batch_8,118
2682190076672267698,train_batch_8,119
2723765597666831247,train_batch_8,120
2716035066666141465,train_batch_8,121
2697391073676286665,train_batch_8,122
2698650058638528503,train_batch_8,123
2701359492638062806,train_batch_8,124
2728795944667930426,train_batch_8,125
2669617027672300829,train_batch_8,126
2713984547669599133,train_batch_8,127
2669100597672038000,train_batch_8,128
2712665019673114597,train_batch_8,129
2730295687653201418,train_batch_8,130
2713225567667762813,train_batch_8,131
2689310213651151388,train_batch_8,132
2697126778672657570,train_batch_8,133
2688620036650721658,train_batch_8,134
2682097704662935613,train_batch_8,135
2670081064655751983,train_batch_8,136
2716636455655429856,train_batch_8,137
2733778496662281487,train_batch_8,138
2666702608653643743,train_batch_8,139
2698167678652827554,train_batch_8,140
2716376740668456315,train_batch_8,141
2702075413636119178,train_batch_8,142
2676700811653618956,train_batch_8,143
2717033431659747260,train_batch_8,144
2664255928666714834,train_batch_8,145
2689237620673574423,train_batch_8,146
2673832954672447297,train_batch_8,147
2668226817651115008,train_batch_8,148
2701321698675605353,train_batch_8,149
2720159004659719795,train_batch_8,150
2664756540653246605,train_batch_8,151
2669743670664305520,train_batch_8,152
2678780121657359309,train_batch_8,153
2732687212653382286,train_batch_8,154
2732621023667411915,train_batch_8,155
2719289293649930652,train_batch_8,156
2676437822671990428,train_batch_8,157
2664945325658497646,train_batch_8,158
2698160746673953588,train_batch_8,159
2670075653665475912,train_batch_8,160
2680290563647160841,train_batch_8,161
2670015352658281395,train_batch_8,162
2724334373661624083,train_batch_8,163
2705913770666819268,train_batch_8,164
2719170117668475944,train_batch_8,165
2693472804665526261,train_batch_8,166
2690155383635395522,train_batch_8,167
2675682846670232957,train_batch_8,168
2725935280664906430,train_batch_8,169
2680782226670267171,train_batch_8,170
2725257725672030018,train_batch_8,171
2675615689652825187,train_batch_8,172
2724568258650337555,train_batch_8,173
2714831209670639318,train_batch_8,174
2687542313634470484,train_batch_8,175
2738688974664566966,train_batch_8,176
2682489333637782011,train_batch_8,177
2709629887652668579,train_batch_8,178
2700061636638440097,train_batch_8,179
2698292417655620065,train_batch_8,180
2704998559634013808,train_batch_8,181
2663199409666580737,train_batch_8,182
2661879585658064502,train_batch_8,183
2688818757663950007,train_batch_8,184
2725034911658615295,train_batch_8,185
2680887030636254904,train_batch_8,186
2680882303659536701,train_batch_8,187
2698334707665812384,train_batch_8,188
2670714092656362503,train_batch_8,189
2664417375659330051,train_batch_8,190
2689107771661440562,train_batch_8,191
2723241137661286942,train_batch_8,192
2702669931658804232,train_batch_8,193
2684325064648560843,train_batch_8,194
2692311568652250746,train_batch_8,195
2681545881673021340,train_batch_8,196
2714109937639082907,train_batch_8,197
2683661539638407407,train_batch_8,198
2667756720650582499,train_batch_8,199
2711824866654657059,train_batch_8,200
2668014643669222052,train_batch_8,201
2675285774649072479,train_batch_8,202
2697313590636275776,train_batch_8,203
2712895142636221514,train_batch_8,204
2667715878666422042,train_batch_8,205
2696981346652968928,train_batch_8,206
2711248427663415541,train_batch_8,207
2716417712658040381,train_batch_8,208
2681245845652153582,train_batch_8,209
2708298898654284946,train_batch_8,210
2678612072672335059,train_batch_8,211
2671138190659145609,train_batch_8,212
2705347299675505198,train_batch_8,213
2681355412658460341,train_batch_8,214
2701219085634733884,train_batch_8,215
2687208059638811690,train_batch_8,216
2692931422645451393,train_batch_8,217
2699285799655154726,train_batch_8,218
2671717792650301561,train_batch_8,219
2698999395646473217,train_batch_8,220
2674304773669734882,train_batch_8,221
2686306762672788000,train_batch_8,222
2715197505646678401,train_batch_8,223
2673698268665742364,train_batch_8,224
2705618679668034231,train_batch_8,225
2734363684665902115,train_batch_8,226
2703788697651651497,train_batch_8,227
2715275292637157881,train_batch_8,228
2694601875654858187,train_batch_8,229
2716285526663821357,train_batch_8,230
2665020770652404133,train_batch_8,231
2724177706670538301,train_batch_8,232
2687235942669569273,train_batch_8,233
2698293039637901619,train_batch_8,234
2661320958657393697,train_batch_8,235
2671443451672945593,train_batch_8,236
2706916670648882021,train_batch_8,237
2727489151667932597,train_batch_8,238
2714384486653624035,train_batch_8,239
2665397154658246556,train_batch_8,240
2668638984663242778,train_batch_8,241
2670131372665494094,train_batch_8,242
2676114784670904980,train_batch_8,243
2698711028674475644,train_batch_8,244
2671120489657315465,train_batch_8,245
2677504963656107401,train_batch_8,246
2664293620670868595,train_batch_8,247
2679335112652090993,train_batch_8,248
2696474395649852845,train_batch_8,249
2700302628666149365,train_batch_8,250
2692249168639368167,train_batch_8,251
2657779056662754062,train_batch_8,252
2691994400634817777,train_batch_8,253
2723625545662514853,train_batch_8,254
2719086724656580172,train_batch_8,255
2672891888650611533,train_batch_8,256
2712119171637820307,train_batch_8,257
2730063735661782866,train_batch_8,258
2680333228655439916,train_batch_8,259
2700676641666978318,train_batch_8,260
2700375369651606485,train_batch_8,261
2702234185671118146,train_batch_8,262
2668613810664347244,train_batch_8,263
2687539285670006140,train_batch_8,264
2668373160655066985,train_batch_8,265
2662761968664108066,train_batch_8,266
2672735234659127514,train_batch_8,267
2674401525663296458,train_batch_8,268
2693783978651355614,train_batch_8,269
2719503473662301808,train_batch_8,270
2719202990670972707,train_batch_8,271
2718883605668184099,train_batch_8,272
2700363258673956009,train_batch_8,273
2682051360664968970,train_batch_8,274
2682451441668741422,train_batch_8,275
2692108559650730467,train_batch_8,276
2715331853672935976,train_batch_8,277
2688608773649268309,train_batch_8,278
2712879101646178423,train_batch_8,279
2679256383660933393,train_batch_8,280
2716095434637938690,train_batch_8,281
2729621347657883231,train_batch_8,282
2719832549664682007,train_batch_8,283
2691742872668477198,train_batch_8,284
2734050372654918128,train_batch_8,285
2695907820638535803,train_batch_8,286
2714824194664452463,train_batch_8,287
2713780017661901793,train_batch_8,288
2682692749669280501,train_batch_8,289
2666457060633011380,train_batch_8,290
2672355434652785445,train_batch_8,291
2701669464637906347,train_batch_8,292
2714456467668353335,train_batch_8,293
2697146232670018766,train_batch_8,294
2719732274656809580,train_batch_8,295
2670735944666734560,train_batch_8,296
2690004369652806753,train_batch_8,297
2683853224650402748,train_batch_8,298
2710961259637721549,train_batch_8,299
2723749356661308770,train_batch_8,300
2666619154661484118,train_batch_8,301
2666786758652316632,train_batch_8,302
2679523322647054416,train_batch_8,303
2677853585653660000,train_batch_8,304
2701594847645425713,train_batch_8,305
2707380286655961078,train_batch_8,306
2662640607668285615,train_batch_8,307
2675729226660377763,train_batch_8,308
2680695926657684349,train_batch_8,309
2691432863663792703,train_batch_8,310
2722426110661255673,train_batch_8,311
2690097282639870935,train_batch_8,312
2687848869646814821,train_batch_8,313
2706829596671999153,train_batch_8,314
2668539098670053214,train_batch_8,315
2671719311636625288,train_batch_8,316
2661393070665426105,train_batch_8,317
2696660929648861617,train_batch_8,318
2699590752642068510,train_batch_8,319
2691682332650237109,train_batch_8,320
2670723765651146788,train_batch_8,321
2710106996659904108,train_batch_8,322
2722227541652229850,train_batch_8,323
2703693354665475958,train_batch_8,324
2737409787656988168,train_batch_8,325
2719373454668268928,train_batch_8,326
2700115851653068505,train_batch_8,327
2727775997649656180,train_batch_8,328
2671660634655560413,train_batch_8,329
2690116207644718849,train_batch_8,330
2728214735664311395,train_batch_8,331
2690393991660434852,train_batch_8,332
2689670695657247802,train_batch_8,333
2699868660656151320,train_batch_8,334
2709247979670521436,train_batch_8,335
2700447821663021017,train_batch_8,336
2716633163671252711,train_batch_8,337
2673381215657178221,train_batch_8,338
2666435001651520883,train_batch_8,339
2695567919660375142,train_batch_8,340
2689043273676335749,train_batch_8,341
2669638767667065026,train_batch_8,342
2706345618673885766,train_batch_8,343
2680047882653570209,train_batch_8,344
2684342697654297508,train_batch_8,345
2668549021666640897,train_batch_8,346
2698163787637342192,train_batch_8,347
2661851689664734260,train_batch_8,348
2699886531645210122,train_batch_8,349
2730272506651763075,train_batch_8,350
2701039022655974957,train_batch_8,351
2734115673657431866,train_batch_8,352
2676130799671877553,train_batch_8,353
2728069893655573749,train_batch_8,354
2705156406638320029,train_batch_8,355
2663027204631994200,train_batch_8,356
2706911436633842142,train_batch_8,357
2729762712660015639,train_batch_8,358
2722380721669077761,train_batch_8,359
2707980960659088818,train_batch_8,360
2703772979646272894,train_batch_8,361
2714825427666297985,train_batch_8,362
2663283670653225541,train_batch_8,363
2680806203636174614,train_batch_8,364
2686426206661062811,train_batch_8,365
2718819356657248130,train_batch_8,366
2719188817668710427,train_batch_8,367
2710309249660695429,train_batch_8,368
2723677492650003073,train_batch_8,369
2664757973652740744,train_batch_8,370
2697873659657201906,train_batch_8,371
2671110928651793860,train_batch_8,372
2673545917659677916,train_batch_8,373
2688743055676412731,train_batch_8,374
2675257472672187769,train_batch_8,375
2695445608676035164,train_batch_8,376
2685236900636283610,train_batch_8,377
2660412987660464865,train_batch_8,378
2680912040655159404,train_batch_8,379
2687976771634080589,train_batch_8,380
2693754975649147102,train_batch_8,381
2658408213658806153,train_batch_8,382
2697975498675523570,train_batch_8,383
2727465527655310437,train_batch_8,384
2703393638658699018,train_batch_8,385
2695278438658562476,train_batch_8,386
2685843148660341397,train_batch_8,387
2683143730651948059,train_batch_8,388
2696896745648090877,train_batch_8,389
2683729877632188875,train_batch_8,390
2702058496662007447,train_batch_8,391
2663745818652246636,train_batch_8,392
2703248129670197401,train_batch_8,393
2722471102655294155,train_batch_8,394
2689182534637232252,train_batch_8,395
2693691664634528310,train_batch_8,396
2738458695657020226,train_batch_8,397
2673039323647272418,train_batch_8,398
2706006702672604708,train_batch_8,399
2666398850669452448,train_batch_8,400
2712709937658266140,train_batch_8,401
2669083802649859094,train_batch_8,402
2684295481636942493,train_batch_8,403
2668681822662763653,train_batch_8,404
2690849298661616817,train_batch_8,405
2707259984658669036,train_batch_8,406
2725264928667070372,train_batch_8,407
2700594998647020903,train_batch_8,408
2671602118656506586,train_batch_8,409
2687693419651840892,train_batch_8,410
2722188361646664756,train_batch_8,411
2705193036666681187,train_batch_8,412
2697706616647814550,train_batch_8,413
2686370904653816938,train_batch_8,414
2709587398658291897,train_batch_8,415
2663877401663730426,train_batch_8,416
2716504163646116290,train_batch_8,417
2698707184641593858,train_batch_8,418
2696415350667195317,train_batch_8,419
2732636641652289601,train_batch_8,420
2677272201674070757,train_batch_8,421
2669263745669986598,train_batch_8,422
2706333927645206014,train_batch_8,423
2707200815666700201,train_batch_8,424
2669340405653533384,train_batch_8,425
2669927043654827199,train_batch_8,426
2700002666638627931,train_batch_8,427
2671312004649034081,train_batch_8,428
2671477066651640653,train_batch_8,429
2701027428675716238,train_batch_8,430
2663341109650266192,train_batch_8,431
2689269796647622491,train_batch_8,432
2708476575657331738,train_batch_8,433
2710049040647212611,train_batch_8,434
2722302614661726226,train_batch_8,435
2684936726646772683,train_batch_8,436
2726160992652416267,train_batch_8,437
2664243555653052890,train_batch_8,438
2673555818636017559,train_batch_8,439
2681354759645748101,train_batch_8,440
2717484586670793046,train_batch_8,441
2679746519652887377,train_batch_8,442
2728492199659217961,train_batch_8,443
2688537353635946605,train_batch_8,444
2684672000666530668,train_batch_8,445
2659510599660146725,train_batch_8,446
2728814870661042784,train_batch_8,447
2672044642670281960,train_batch_8,448
2678225622649938638,train_batch_8,449
2713505368638169136,train_batch_8,450
2720152406653718930,train_batch_8,451
2678948228659624710,train_batch_8,452
2694064588649783811,train_batch_8,453
2707748921649759492,train_batch_8,454
2690318324675037744,train_batch_8,455
2672145068652808463,train_batch_8,456
2675783300667481384,train_batch_8,457
2661158153665318347,train_batch_8,458
2666850415656275091,train_batch_8,459
2708681182658236307,train_batch_8,460
2728772482656964528,train_batch_8,461
2717725912656544645,train_batch_8,462
2673070810670331753,train_batch_8,463
2727704138663323901,train_batch_8,464
2706188716658410969,train_batch_8,465
2667862444662006310,train_batch_8,466
2669266797668853660,train_batch_8,467
2680701039646087629,train_batch_8,468
2715694807671707184,train_batch_8,469
2719834465665807757,train_batch_8,470
2716887366671097788,train_batch_8,471
2680038157645872989,train_batch_8,472
2692240603668032561,train_batch_8,473
2667740501668751404,train_batch_8,474
2684289546650062077,train_batch_8,475
2688721192645049227,train_batch_8,476
2690041357655180668,train_batch_8,477
2726744904667426468,train_batch_8,478
2707824931657746130,train_batch_8,479
2711942696656991627,train_batch_8,480
2680075458661144703,train_batch_8,481
2668817812665167257,train_batch_8,482
2706765272638301126,train_batch_8,483
2669095118672026779,train_batch_8,484
2709208846656841596,train_batch_8,485
2686786601666915464,train_batch_8,486
2717503829656916740,train_batch_8,487
2694355764640777511,train_batch_8,488
2716005644671779104,train_batch_8,489
2696856899651626160,train_batch_8,490
2670376155664781604,train_batch_8,491
2686927373663332073,train_batch_8,492
2709518154666401871,train_batch_8,493
2721067352637544568,train_batch_8,494
2685723974641012285,train_batch_8,495
2668028960656600695,train_batch_8,496
2730062345663159303,train_batch_8,497
2680395486672805786,train_batch_8,498
2701223598651822650,train_batch_8,499
2696271042657342895,train_batch_9,0
2721674613655099013,train_batch_9,1
2683553776651834142,train_batch_9,2
2682943816659003629,train_batch_9,3
2689522350659958502,train_batch_9,4
2722900953657976860,train_batch_9,5
2692247083636158617,train_batch_9,6
2676672607668439135,train_batch_9,7
2679899154673826653,train_batch_9,8
2691460760645727922,train_batch_9,9
2667469448660373232,train_batch_9,10
2699192067663461626,train_batch_9,11
2700721633650560920,train_batch_9,12
2716243494639223423,train_batch_9,13
2722423116662308092,train_batch_9,14
2705612178675908569,train_batch_9,15
2672226425635981748,train_batch_9,16
2666275915668901308,train_batch_9,17
2713053218672546025,train_batch_9,18
2694837531661374867,train_batch_9,19
2691159395644875606,train_batch_9,20
2728980172656241870,train_batch_9,21
2697845822659139955,train_batch_9,22
2733295832660978432,train_batch_9,23
2677275966672395547,train_batch_9,24
2661342919662041319,train_batch_9,25
2664019999650739947,train_batch_9,26
2689036708652729044,train_batch_9,27
2729864576670585522,train_batch_9,28
2731957024660640597,train_batch_9,29
2703379087672960057,train_batch_9,30
2717228547649108918,train_batch_9,31
2696995796671835430,train_batch_9,32
2696338726645819426,train_batch_9,33
2712869481653403666,train_batch_9,34
2666977952660473290,train_batch_9,35
2675458274646000739,train_batch_9,36
2716647377667766055,train_batch_9,37
2673727824646399595,train_batch_9,38
2699789589635448884,train_batch_9,39
2679295281655650218,train_batch_9,40
2729867487663593308,train_batch_9,41
2712532978651676277,train_batch_9,42
2699663924650949901,train_batch_9,43
2683165084665727825,train_batch_9,44
2696534643648336443,train_batch_9,45
2708329059655207947,train_batch_9,46
2691384516655969799,train_batch_9,47
2693307406654722174,train_batch_9,48
2717512866659577904,train_batch_9,49
2710922080658176937,train_batch_9,50
2702598208661845050,train_batch_9,51
2727017544672021627,train_batch_9,52
2688654840670534745,train_batch_9,53
2670387335672031046,train_batch_9,54
2724213403654178675,train_batch_9,55
2669108224668742049,train_batch_9,56
2678497559669541146,train_batch_9,57
2699536200675528924,train_batch_9,58
2720245457652971215,train_batch_9,59
2682827478673426524,train_batch_9,60
2737304952665698715,train_batch_9,61
2676896044638107141,train_batch_9,62
2685119396668726989,train_batch_9,63
2672317511666934188,train_batch_9,64
2727165905662912772,train_batch_9,65
2689053766648677844,train_batch_9,66
2680864599661374585,train_batch_9,67
2683171597657987198,train_batch_9,68
2690835711654195109,train_batch_9,69
2722162380664772074,train_batch_9,70
2682889368659090340,train_batch_9,71
2665221329653714727,train_batch_9,72
2696061429651929818,train_batch_9,73
2686622579659931274,train_batch_9,74
2686529265649638642,train_batch_9,75
2665171461663974984,train_batch_9,76
2686271177641026667,train_batch_9,77
2699538699673643410,train_batch_9,78
2699480376646645393,train_batch_9,79
2695490243639334474,train_batch_9,80
2682395158663905386,train_batch_9,81
2688155845664040963,train_batch_9,82
2668377084654302022,train_batch_9,83
2687670929663473827,train_batch_9,84
2697684122636544453,train_batch_9,85
2679181790651481296,train_batch_9,86
2663780762660780486,train_batch_9,87
2702495236646784162,train_batch_9,88
2729998771658296113,train_batch_9,89
2671462226656392808,train_batch_9,90
2704031060667972661,train_batch_9,91
2672476338657538072,train_batch_9,92
2701418039649366633,train_batch_9,93
2681226580635468013,train_batch_9,94
2668620156654890612,train_batch_9,95
2725096548661196853,train_batch_9,96
2670995049663391264,train_batch_9,97
2701660581673054166,train_batch_9,98
2681754536662589904,train_batch_9,99
2659821729667410756,train_batch_9,100
2691285557666545574,train_batch_9,101
2662895752653814212,train_batch_9,102
2692542388644256470,train_batch_9,103
2676626114656430173,train_batch_9,104
2682948584673396777,train_batch_9,105
2687393507657145732,train_batch_9,106
2674810694659598652,train_batch_9,107
2682191051635990678,train_batch_9,108
2704099572664146861,train_batch_9,109
2685730481663963818,train_batch_9,110
2676556280658883119,train_batch_9,111
2681717939646556413,train_batch_9,112
2718116573655947313,train_batch_9,113
2687763608675733451,train_batch_9,114
2726647348658481922,train_batch_9,115
2678821876651564212,train_batch_9,116
2672000494671950238,train_batch_9,117
2731436596666108447,train_batch_9,118
2716157350652770989,train_batch_9,119
2674659938662576073,train_batch_9,120
2694659399661110778,train_batch_9,121
2716318937666410734,train_batch_9,122
2706588146659556797,train_batch_9,123
2663190001651920147,train_batch_9,124
2707269257670142673,train_batch_9,125
2725842557662669502,train_batch_9,126
2665763737667222488,train_batch_9,127
2712533540650268733,train_batch_9,128
2700363569636921027,train_batch_9,129
2716344886654546150,train_batch_9,130
2667669184656136273,train_batch_9,131
2717903879656859583,train_batch_9,132
2658771495654663863,train_batch_9,133
2681326694653668336,train_batch_9,134
2688009043638752185,train_batch_9,135
2698530468654319468,train_batch_9,136
2720533359654401737,train_batch_9,137
2672443731671532268,train_batch_9,138
2723632848667104286,train_batch_9,139
2710949721645285135,train_batch_9,140
2702700273668262188,train_batch_9,141
2687774859649859064,train_batch_9,142
2706478553660254695,train_batch_9,143
2666165682653178100,train_batch_9,144
2677533516634558713,train_batch_9,145
2722698982648078224,train_batch_9,146
2732564028654670980,train_batch_9,147
2723207174669069526,train_batch_9,148
2675820461652317726,train_batch_9,149
2725742199653017347,train_batch_9,150
2678001583653721391,train_batch_9,151
2716682311657566868,train_batch_9,152
2671673563669754804,train_batch_9,153
2662974403663707255,train_batch_9,154
2721938205662319067,train_batch_9,155
2676284841637883095,train_batch_9,156
2689046062669678418,train_batch_9,157
2696682618637715435,train_batch_9,158
2660202729659346170,train_batch_9,159
2731473651657751691,train_batch_9,160
2679750072672725651,train_batch_9,161
2697224591639340579,train_batch_9,162
2724647849654328307,train_batch_9,163
2707274282636529381,train_batch_9,164
2701846789645236335,train_batch_9,165
2675597481656443594,train_batch_9,166
2702548366647111816,train_batch_9,167
2682343653649449087,train_batch_9,168
2680756516657347562,train_batch_9,169
2681039992656974837,train_batch_9,170
2701787025637258810,train_batch_9,171
2695998588662041180,train_batch_9,172
2674485761669941379,train_batch_9,173
2701061617644193386,train_batch_9,174
2697195968650823255,train_batch_9,175
2693345727672861356,train_batch_9,176
2681365779664780052,train_batch_9,177
2675355209657970232,train_batch_9,178
2696560589635992059,train_batch_9,179
2694711141677624266,train_batch_9,180
2674370353647885493,train_batch_9,181
2677075507637267319,train_batch_9,182
2710575522647116530,train_batch_9,183
2699197507639817165,train_batch_9,184
2687786159673509105,train_batch_9,185
2700297618637938543,train_batch_9,186
2732068271664329258,train_batch_9,187
2685279319662641158,train_batch_9,188
2701101828673109218,train_batch_9,189
2691580322643801045,train_batch_9,190
2680473885650149521,train_batch_9,191
2719179697653272598,train_batch_9,192
2712360589653205512,train_batch_9,193
2692128962645536779,train_batch_9,194
2722537812672123640,train_batch_9,195
2716734720668768657,train_batch_9,196
2685679244634235693,train_batch_9,197
2686685776658799344,train_batch_9,198
2715284504637686300,train_batch_9,199
2710128719649468418,train_batch_9,200
2721215422672156719,train_batch_9,201
2738380062659979869,train_batch_9,202
2733974150652788474,train_batch_9,203
2710077759651726688,train_batch_9,204
2708595291657114491,train_batch_9,205
2699360285649977753,train_batch_9,206
2683636463652493296,train_batch_9,207
2701409469644279366,train_batch_9,208
2702501381654253225,train_batch_9,209
2666214409663809005,train_batch_9,210
2697513737659892981,train_batch_9,211
2696417276658082875,train_batch_9,212
2703672680645774649,train_batch_9,213
2670753325649253701,train_batch_9,214
2661694552664387257,train_batch_9,215
2691402260656040013,train_batch_9,216
2706315184638186423,train_batch_9,217
2660172666655550889,train_batch_9,218
2688578960652430590,train_batch_9,219
2726660505668152851,train_batch_9,220
2720454251649705709,train_batch_9,221
2710971070659310400,train_batch_9,222
2701748642665311837,train_batch_9,223
2673355561659309050,train_batch_9,224
2699810454654109376,train_batch_9,225
2717481288654544481,train_batch_9,226
2663511451652783933,train_batch_9,227
2669174031649023910,train_batch_9,228
2686623114667471963,train_batch_9,229
2671841171670211055,train_batch_9,230
2704975385654118690,train_batch_9,231
2718797379638151926,train_batch_9,232
2737414923657124791,train_batch_9,233
2679512491647982408,train_batch_9,234
2714581055664315569,train_batch_9,235
2674319653671616444,train_batch_9,236
2734293975665409791,train_batch_9,237
2703974535660337487,train_batch_9,238
2685211372654378287,train_batch_9,239
2731662306662063442,train_batch_9,240
2701886842654759789,train_batch_9,241
2714483005657752983,train_batch_9,242
2677860884652624820,train_batch_9,243
2698329350655457533,train_batch_9,244
2703810249675018475,train_batch_9,245
2672880559650052907,train_batch_9,246
2691196247644029033,train_batch_9,247
2678788057649940844,train_batch_9,248
2713336650660317392,train_batch_9,249
2665060572670279098,train_batch_9,250
2671411758654070614,train_batch_9,251
2719128633664208944,train_batch_9,252
2705690486667253160,train_batch_9,253
2658250184657520429,train_batch_9,254
2686085229637721943,train_batch_9,255
2704778017651967909,train_batch_9,256
2725938279652464268,train_batch_9,257
2704875347654820575,train_batch_9,258
2674258592664748830,train_batch_9,259
2665138604667210088,train_batch_9,260
2682283369634737729,train_batch_9,261
2679089409667055762,train_batch_9,262
2688184250670398638,train_batch_9,263
2715948869654142532,train_batch_9,264
2668243303634716481,train_batch_9,265
2706227744658463203,train_batch_9,266
2674849029665045440,train_batch_9,267
2705775011658357454,train_batch_9,268
2726238962653027085,train_batch_9,269
2728971996670033990,train_batch_9,270
2702232954654894455,train_batch_9,271
2721868935650666246,train_batch_9,272
2730917182656750945,train_batch_9,273
2657526583663273764,train_batch_9,274
2701682980673883519,train_batch_9,275
2694834694638946165,train_batch_9,276
2702758585652228319,train_batch_9,277
2690582938667468602,train_batch_9,278
2719542205649095331,train_batch_9,279
2698765491669341419,train_batch_9,280
2710912435651005889,train_batch_9,281
2689913037636450009,train_batch_9,282
2680211025646065812,train_batch_9,283
2674212496651088590,train_batch_9,284
2667136162654969007,train_batch_9,285
2704029354660590341,train_batch_9,286
2683557378639669141,train_batch_9,287
2685206996668800322,train_batch_9,288
2679717783659206537,train_batch_9,289
2672792169668607490,train_batch_9,290
2709876022646693426,train_batch_9,291
2687204796672105331,train_batch_9,292
2723814093672488179,train_batch_9,293
2674501122671963675,train_batch_9,294
2705003100659368114,train_batch_9,295
2690984061658179650,train_batch_9,296
2705581639672374493,train_batch_9,297
2703698730665127825,train_batch_9,298
2673286456647484940,train_batch_9,299
2673715588659131201,train_batch_9,300
2732950541657865994,train_batch_9,301
2715665753659369382,train_batch_9,302
2679285896638286839,train_batch_9,303
2704884783644090032,train_batch_9,304
2705861784636131836,train_batch_9,305
2703058745664685290,train_batch_9,306
2683994870662837188,train_batch_9,307
2725054690653251257,train_batch_9,308
2698465015648717916,train_batch_9,309
2672048706637876517,train_batch_9,310
2685294097641520858,train_batch_9,311
2679554527645472679,train_batch_9,312
2713976621658394412,train_batch_9,313
2703971972654385172,train_batch_9,314
2671794742672351329,train_batch_9,315
2675077314665088786,train_batch_9,316
2697249483641988863,train_batch_9,317
2717198773667986257,train_batch_9,318
2735888155661590083,train_batch_9,319
2663080136653021315,train_batch_9,320
2713095577650050516,train_batch_9,321
2694336207655066031,train_batch_9,322
2687175087645422950,train_batch_9,323
2659485297663250729,train_batch_9,324
2664022306662003335,train_batch_9,325
2696221544636857044,train_batch_9,326
2701582834649905633,train_batch_9,327
2720260360637545417,train_batch_9,328
2693417950636613771,train_batch_9,329
2696620754650600318,train_batch_9,330
2684530971656551981,train_batch_9,331
2666945787631789301,train_batch_9,332
2733136065658301863,train_batch_9,333
2707965998659741210,train_batch_9,334
2717937418653515875,train_batch_9,335
2705050414672350227,train_batch_9,336
2670356899656839792,train_batch_9,337
2704067058660293295,train_batch_9,338
2700561434647587639,train_batch_9,339
2678552589637959195,train_batch_9,340
2689380074650899989,train_batch_9,341
2687282922656095024,train_batch_9,342
2721986945661334739,train_batch_9,343
2723887875657321396,train_batch_9,344
2682092592665538485,train_batch_9,345
2677761061661919780,train_batch_9,346
2703830972658426011,train_batch_9,347
2665155474670354495,train_batch_9,348
2673277495649489421,train_batch_9,349
2710585131637167257,train_batch_9,350
2699464966648428579,train_batch_9,351
2701725246669348282,train_batch_9,352
2700079504651765087,train_batch_9,353
2721645893654157268,train_batch_9,354
2702336668654831446,train_batch_9,355
2686285816671655420,train_batch_9,356
2683886847650146309,train_batch_9,357
2657992762655894201,train_batch_9,358
2711696534669012698,train_batch_9,359
2695709714637231698,train_batch_9,360
2705970662646560686,train_batch_9,361
2671206796647119752,train_batch_9,362
2670500527666633236,train_batch_9,363
2661764773666302986,train_batch_9,364
2685840846660451659,train_batch_9,365
2669990502650397472,train_batch_9,366
2719267058672699166,train_batch_9,367
2702613570655397696,train_batch_9,368
2690128124671770083,train_batch_9,369
2683107795657937012,train_batch_9,370
2667037388661910988,train_batch_9,371
2715679459666068262,train_batch_9,372
2720819929659822547,train_batch_9,373
2677270282669236424,train_batch_9,374
2698409924645261762,train_batch_9,375
2695544983658590339,train_batch_9,376
2682256890649947266,train_batch_9,377
2714167979658377193,train_batch_9,378
2676052528657772060,train_batch_9,379
2727879046657218710,train_batch_9,380
2692412452652495273,train_batch_9,381
2661313319667122545,train_batch_9,382
2694420950673591887,train_batch_9,383
2706896219655908714,train_batch_9,384
2727119912649634335,train_batch_9,385
2716822099665340832,train_batch_9,386
2699447158653472494,train_batch_9,387
2681263156668492099,train_batch_9,388
2699973472658792469,train_batch_9,389
2711350826658660809,train_batch_9,390
2698135981667361911,train_batch_9,391
2678137569649553750,train_batch_9,392
2720701476654950872,train_batch_9,393
2673725258661734836,train_batch_9,394
2726078203662434639,train_batch_9,395
2674558437650939127,train_batch_9,396
2683371669654785358,train_batch_9,397
2708612737669599486,train_batch_9,398
2706027150664886820,train_batch_9,399
2684626539672656099,train_batch_9,400
2661407350655419272,train_batch_9,401
2685021265653389141,train_batch_9,402
2687102541656827648,train_batch_9,403
2691578670650780906,train_batch_9,404
2709240162638162747,train_batch_9,405
2676415832635950786,train_batch_9,406
2707848630651322897,train_batch_9,407
2679389458668616470,train_batch_9,408
2716874934659590421,train_batch_9,409
2667736238657291053,train_batch_9,410
2687063600635207606,train_batch_9,411
2729979136658243409,train_batch_9,412
2699349028644817083,train_batch_9,413
2718672503669499691,train_batch_9,414
2672812835673666584,train_batch_9,415
2706966450639319711,train_batch_9,416
2703047308640625734,train_batch_9,417
2678331092635443472,train_batch_9,418
2680522118650009277,train_batch_9,419
2699940761638781954,train_batch_9,420
2691207153638045126,train_batch_9,421
2719050670653899189,train_batch_9,422
2733062567666871515,train_batch_9,423
2677390716657061616,train_batch_9,424
2681536589638881458,train_batch_9,425
2666709980670185107,train_batch_9,426
2700300088670166163,train_batch_9,427
2697447293647927940,train_batch_9,428
2729059166654165360,train_batch_9,429
2676565295636908298,train_batch_9,430
2681484154657514446,train_batch_9,431
2680394413652373906,train_batch_9,432
2677961081637351050,train_batch_9,433
2664466899669068862,train_batch_9,434
2658750752658050400,train_batch_9,435
2671184020667805179,train_batch_9,436
2682399086658277893,train_batch_9,437
2714228227647709298,train_batch_9,438
2727845275656945607,train_batch_9,439
2688948730669414963,train_batch_9,440
2720106884657935017,train_batch_9,441
2692431286670594275,train_batch_9,442
2720287267665901891,train_batch_9,443
2672795826663165810,train_batch_9,444
2730108100666375260,train_batch_9,445
2708494576653401817,train_batch_9,446
2706931602674182049,train_batch_9,447
2685267264639305326,train_batch_9,448
2707974206670778304,train_batch_9,449
2690967038657387637,train_batch_9,450
2682729897670264675,train_batch_9,451
2707806477634418016,train_batch_9,452
2701592825676718136,train_batch_9,453
2684260642647236075,train_batch_9,454
2695975787648003156,train_batch_9,455
2695636759659126893,train_batch_9,456
2674984713656914895,train_batch_9,457
2680920719652241966,train_batch_9,458
2687439259637048931,train_batch_9,459
2718200730667820630,train_batch_9,460
2701561831673186646,train_batch_9,461
2724849122669957276,train_batch_9,462
2686289478666721838,train_batch_9,463
2687760137646885551,train_batch_9,464
2667003141631290538,train_batch_9,465
2733940267656408628,train_batch_9,466
2700667086649513375,train_batch_9,467
2658280398659636865,train_batch_9,468
2696679674644748113,train_batch_9,469
2677204580664216910,train_batch_9,470
2722460031669483409,train_batch_9,471
2704784668675073205,train_batch_9,472
2662201993667568957,train_batch_9,473
2731945971655390293,train_batch_9,474
2677013973674647090,train_batch_9,475
2735090729657202168,train_batch_9,476
2698907368674128463,train_batch_9,477
2707515264655334620,train_batch_9,478
2690003122647656225,train_batch_9,479
2672181772666325333,train_batch_9,480
2701002991652815142,train_batch_9,481
2720462724655267287,train_batch_9,482
2690746483669620186,train_batch_9,483
2695910032638114774,train_batch_9,484
2727859149666160566,train_batch_9,485
2689701689636151569,train_batch_9,486
2666285042656285857,train_batch_9,487
2731265243668282709,train_batch_9,488
2679015058639103493,train_batch_9,489
2686464657651645981,train_batch_9,490
2673053070662994649,train_batch_9,491
2682773134657206103,train_batch_9,492
2705715078655075293,train_batch_9,493
2685611851665584734,train_batch_9,494
2667663310665315969,train_batch_9,495
2705593455652013895,train_batch_9,496
2703543964669603222,train_batch_9,497
2692025655645761582,train_batch_9,498
2671314918658867884,train_batch_9,499
2703871967634695331,train_batch_10,0
2691173368657506774,train_batch_10,1
2688756928650552937,train_batch_10,2
2684967937659932388,train_batch_10,3
2668401894662202246,train_batch_10,4
2684353490670629170,train_batch_10,5
2685502704661577026,train_batch_10,6
2720641697665234631,train_batch_10,7
2668784633653472739,train_batch_10,8
2732052854658525150,train_batch_10,9
2719420337656067815,train_batch_10,10
2716465473668470381,train_batch_10,11
2703863131659340918,train_batch_10,12
2719537653647260212,train_batch_10,13
2688706844659869773,train_batch_10,14
2664264570667888514,train_batch_10,15
2691269131663416521,train_batch_10,16
2687883416658682935,train_batch_10,17
2693296985672833726,train_batch_10,18
2717182210663388568,train_batch_10,19
2685432106650189718,train_batch_10,20
2710414514636854073,train_batch_10,21
2703277717653342923,train_batch_10,22
2702363180646250624,train_batch_10,23
2684480312668986056,train_batch_10,24
2685235563670393504,train_batch_10,25
2670439043661158524,train_batch_10,26
2690628046666874132,train_batch_10,27
2666580544670993683,train_batch_10,28
2720685332655448374,train_batch_10,29
2691735525663680985,train_batch_10,30
2725560792669297050,train_batch_10,31
2673257071655743603,train_batch_10,32
2734454998667231404,train_batch_10,33
2677253824670651205,train_batch_10,34
2666708645666968561,train_batch_10,35
2686334651651551019,train_batch_10,36
2713999172670736943,train_batch_10,37
2701510359666167606,train_batch_10,38
2712754995663759379,train_batch_10,39
2662306394652423286,train_batch_10,40
2702938183650081890,train_batch_10,41
2687773198663250568,train_batch_10,42
2697392841670596595,train_batch_10,43
2670819410647116434,train_batch_10,44
2723451300661851784,train_batch_10,45
2676963018660245404,train_batch_10,46
2672427511653663556,train_batch_10,47
2721932404674369470,train_batch_10,48
2731133426669163672,train_batch_10,49
2732597009653636969,train_batch_10,50
2659900747654516649,train_batch_10,51
2698426935655456494,train_batch_10,52
2678548299648269976,train_batch_10,53
2700028132635243236,train_batch_10,54
2711541695664517225,train_batch_10,55
2731536138669220795,train_batch_10,56
2663208741658930495,train_batch_10,57
2685703433674541886,train_batch_10,58
2664869584657942112,train_batch_10,59
2664565318651016170,train_batch_10,60
2695374815654756222,train_batch_10,61
2735237359658443026,train_batch_10,62
2693814698673333415,train_batch_10,63
2670466415670883080,train_batch_10,64
2718905300660991087,train_batch_10,65
2729265957649750636,train_batch_10,66
2718829431661995634,train_batch_10,67
2724073268649042944,train_batch_10,68
2671036343663618109,train_batch_10,69
2672613160660780925,train_batch_10,70
2704155173634518685,train_batch_10,71
2689817609639093124,train_batch_10,72
2711871765672108123,train_batch_10,73
2700310672642141551,train_batch_10,74
2688899479654853848,train_batch_10,75
2677532266637989820,train_batch_10,76
2735639825654910484,train_batch_10,77
2690816678648221112,train_batch_10,78
2711105753635593400,train_batch_10,79
2715988919653651298,train_batch_10,80
2713712901636158623,train_batch_10,81
2725201032662734818,train_batch_10,82
2686375123661439443,train_batch_10,83
2699879168661408577,train_batch_10,84
2682015406651543622,train_batch_10,85
2709621314666774209,train_batch_10,86
2698121340647766383,train_batch_10,87
2684896320635324779,train_batch_10,88
2691624995646790662,train_batch_10,89
2710618728638027057,train_batch_10,90
2717568391671274370,train_batch_10,91
2660647644668581369,train_batch_10,92
2711811789672476972,train_batch_10,93
2728122403662481285,train_batch_10,94
2719858443661327268,train_batch_10,95
2722652954660476210,train_batch_10,96
2692357187651599755,train_batch_10,97
2703543099669914861,train_batch_10,98
2721740445652891656,train_batch_10,99
2678298842663012384,train_batch_10,100
2664417368651095669,train_batch_10,101
2676301208635628017,train_batch_10,102
2662984136652947855,train_batch_10,103
2713786560649670717,train_batch_10,104
2721660958665742075,train_batch_10,105
2686200238656941840,train_batch_10,106
2673632964656610905,train_batch_10,107
2665222132651343529,train_batch_10,108
2672203814668179701,train_batch_10,109
2686965520633922871,train_batch_10,110
2700039019670639893,train_batch_10,111
2661945861657162822,train_batch_10,112
2726895105657471676,train_batch_10,113
2685658000646174374,train_batch_10,114
2724183892648370982,train_batch_10,115
2686357961638623091,train_batch_10,116
2685617364653570397,train_batch_10,117
2679962821657727193,train_batch_10,118
2679523775655427465,train_batch_10,119
2689498825651584797,train_batch_10,120
2734783512663231429,train_batch_10,121
2697885886653224939,train_batch_10,122
2720533075664067666,train_batch_10,123
2708373287654755930,train_batch_10,124
2680086938644621248,train_batch_10,125
2666093598669473788,train_batch_10,126
2681161914672872840,train_batch_10,127
2698236000653359249,train_batch_10,128
2667099014654173289,train_batch_10,129
2731061280654253563,train_batch_10,130
2663388929653293898,train_batch_10,131
2683548599655673797,train_batch_10,132
2723147453672656295,train_batch_10,133
2681355083662935247,train_batch_10,134
2677703383635050617,train_batch_10,135
2720579417657773572,train_batch_10,136
2715289713660483001,train_batch_10,137
2701121468654873652,train_batch_10,138
2668312814654212738,train_batch_10,139
2717473334667771459,train_batch_10,140
2718222122660974848,train_batch_10,141
2685043107638245644,train_batch_10,142
2687810723652828349,train_batch_10,143
2688691892639271082,train_batch_10,144
2697028808651514493,train_batch_10,145
2715601178638844002,train_batch_10,146
2691709226664921064,train_batch_10,147
2678137740662987153,train_batch_10,148
2712086893657372213,train_batch_10,149
2706280209653309675,train_batch_10,150
2664382196661819935,train_batch_10,151
2673497441651778254,train_batch_10,152
2684306797676576071,train_batch_10,153
2677458840637842499,train_batch_10,154
2666006569651557768,train_batch_10,155
2720346753665195623,train_batch_10,156
2688264921653854092,train_batch_10,157
2727504287659396306,train_batch_10,158
2680757618658189164,train_batch_10,159
2658311331660609306,train_batch_10,160
2687129698666477946,train_batch_10,161
2672303450672926850,train_batch_10,162
2708368459646492001,train_batch_10,163
2697725711638421268,train_batch_10,164
2703125384660701490,train_batch_10,165
2703384553644289022,train_batch_10,166
2660711810666614900,train_batch_10,167
2726103026652149319,train_batch_10,168
2676963240656232383,train_batch_10,169
2686397723636232852,train_batch_10,170
2704332046668250816,train_batch_10,171
2679804979636568034,train_batch_10,172
2678304798663795305,train_batch_10,173
2727165309669800407,train_batch_10,174
2662546120655021822,train_batch_10,175
2691619632650333702,train_batch_10,176
2684742427670074137,train_batch_10,177
2688319716665544923,train_batch_10,178
2719883452661321476,train_batch_10,179
2677945234635219833,train_batch_10,180
2671959327655957856,train_batch_10,181
2697901664666100637,train_batch_10,182
2693890095644309119,train_batch_10,183
2721018356663650077,train_batch_10,184
2677127289671191880,train_batch_10,185
2726988696666015442,train_batch_10,186
2675010000657952713,train_batch_10,187
2673463183669692349,train_batch_10,188
2705067467665906800,train_batch_10,189
2695961152651540693,train_batch_10,190
2698443400640921420,train_batch_10,191
2707683832649258058,train_batch_10,192
2667070912659983375,train_batch_10,193
2680409075650008265,train_batch_10,194
2684938419647255847,train_batch_10,195
2658258165657167107,train_batch_10,196
2676157619650073346,train_batch_10,197
2718392126651133877,train_batch_10,198
2665383433660741718,train_batch_10,199
2691580982649271596,train_batch_10,200
2710310558637803077,train_batch_10,201
2690675107634493196,train_batch_10,202
2694865589650468717,train_batch_10,203
2729234135650302246,train_batch_10,204
2701343909664216218,train_batch_10,205
2668603860661072241,train_batch_10,206
2713831857659383219,train_batch_10,207
2687074525651052617,train_batch_10,208
2690681590646733431,train_batch_10,209
2703062676640946423,train_batch_10,210
2662598515667876167,train_batch_10,211
2681118489670940717,train_batch_10,212
2679940634649177266,train_batch_10,213
2712630162635775051,train_batch_10,214
2680379173672398376,train_batch_10,215
2675760987635720521,train_batch_10,216
2712085617650012852,train_batch_10,217
2721901100647570001,train_batch_10,218
2735532298656858299,train_batch_10,219
2687787839647511220,train_batch_10,220
2712585270671808068,train_batch_10,221
2709450092655471736,train_batch_10,222
2663619894670221022,train_batch_10,223
2685296007648917415,train_batch_10,224
2690824657674527356,train_batch_10,225
2722738577666331555,train_batch_10,226
2693228453659793197,train_batch_10,227
2694428734671008437,train_batch_10,228
2709678772635321171,train_batch_10,229
2697542179662965902,train_batch_10,230
2709804204637396809,train_batch_10,231
2686822408666353768,train_batch_10,232
2722232367656700644,train_batch_10,233
2673201069654651906,train_batch_10,234
2680465444664793356,train_batch_10,235
2689878967652792918,train_batch_10,236
2717641416663523213,train_batch_10,237
2710618058659526116,train_batch_10,238
2662263292653891893,train_batch_10,239
2662187627664490830,train_batch_10,240
2681574960633012619,train_batch_10,241
2671480368663358337,train_batch_10,242
2675838563649463186,train_batch_10,243
2720535972650326144,train_batch_10,244
2710633917653617296,train_batch_10,245
2692831914638985505,train_batch_10,246
2659374942656167707,train_batch_10,247
2718219950639082490,train_batch_10,248
2731261812652940397,train_batch_10,249
2722568041661362216,train_batch_10,250
2681009592670246815,train_batch_10,251
2704148266668511267,train_batch_10,252
2710555945637618887,train_batch_10,253
2676855011662386409,train_batch_10,254
2733771471654889268,train_batch_10,255
2694919791648935154,train_batch_10,256
2700439042646167997,train_batch_10,257
2679512605659499180,train_batch_10,258
2692008920651707817,train_batch_10,259
2670427180663155197,train_batch_10,260
2713946916647540940,train_batch_10,261
2667929456666059002,train_batch_10,262
2712248413671332155,train_batch_10,263
2721639548664424299,train_batch_10,264
2718451148653685387,train_batch_10,265
2722571697653111507,train_batch_10,266
2664756788669044664,train_batch_10,267
2675867418637322613,train_batch_10,268
2724946847669961477,train_batch_10,269
2692629374651830290,train_batch_10,270
2694714602636365628,train_batch_10,271
2702050264637944252,train_batch_10,272
2664450114666365519,train_batch_10,273
2677666284657214545,train_batch_10,274
2703388070673124960,train_batch_10,275
2733406998655721757,train_batch_10,276
2682268578646594818,train_batch_10,277
2714698913660797983,train_batch_10,278
2695098922655710852,train_batch_10,279
2706337930669145665,train_batch_10,280
2695401395635222833,train_batch_10,281
2692808338650721330,train_batch_10,282
2686794391649157904,train_batch_10,283
2703304023654157127,train_batch_10,284
2691965208647477389,train_batch_10,285
2676166059659470638,train_batch_10,286
2729505408656100240,train_batch_10,287
2690629568647017582,train_batch_10,288
2726846795669242272,train_batch_10,289
2678981601638381058,train_batch_10,290
2679843025672623461,train_batch_10,291
2732936456655613720,train_batch_10,292
2711882998670800567,train_batch_10,293
2666609311655191720,train_batch_10,294
2705328434647805884,train_batch_10,295
2707950398660803563,train_batch_10,296
2677432896654758557,train_batch_10,297
2701597941656210938,train_batch_10,298
2722724071663958303,train_batch_10,299
2705088061647936098,train_batch_10,300
2673033170664363121,train_batch_10,301
2660494564656811686,train_batch_10,302
2679063631650287014,train_batch_10,303
2698887332676980674,train_batch_10,304
2678324715652441388,train_batch_10,305
2726521132652947119,train_batch_10,306
2672290201656788605,train_batch_10,307
2672193170653771234,train_batch_10,308
2665159154660362463,train_batch_10,309
2684530138653434977,train_batch_10,310
2689276557664375362,train_batch_10,311
2662446358653246151,train_batch_10,312
2697551422672596796,train_batch_10,313
2667091445657808098,train_batch_10,314
2700244936644435563,train_batch_10,315
2690234059639638700,train_batch_10,316
2699204552655981362,train_batch_10,317
2682625473656167784,train_batch_10,318
2699851152674638012,train_batch_10,319
2685542413659326575,train_batch_10,320
2678840268662136513,train_batch_10,321
2725738426655902839,train_batch_10,322
2704745044676157527,train_batch_10,323
2660587195654988663,train_batch_10,324
2698069906638936831,train_batch_10,325
2732731334652994800,train_batch_10,326
2693866961639953424,train_batch_10,327
2700602864646997892,train_batch_10,328
2674658190633640542,train_batch_10,329
2697517709651943970,train_batch_10,330
2698359730656987397,train_batch_10,331
2695761121668411016,train_batch_10,332
2725670301671642884,train_batch_10,333
2677311979663802164,train_batch_10,334
2674423290654521857,train_batch_10,335
2734943035662521790,train_batch_10,336
2700878913639461242,train_batch_10,337
2662467598652997265,train_batch_10,338
2700327045634093161,train_batch_10,339
2694252441660130082,train_batch_10,340
2694953903648737643,train_batch_10,341
2711425693660642517,train_batch_10,342
2724247500662511914,train_batch_10,343
2717063388653210384,train_batch_10,344
2731539117660292734,train_batch_10,345
2730674365660734295,train_batch_10,346
2716827710646375142,train_batch_10,347
2710505576661110023,train_batch_10,348
2687031836641036530,train_batch_10,349
2679752643657096322,train_batch_10,350
2700018689674921567,train_batch_10,351
2683078387633822221,train_batch_10,352
2667926645665460924,train_batch_10,353
2723727863668264599,train_batch_10,354
2706243138634430055,train_batch_10,355
2697890399653519029,train_batch_10,356
2680638557655411045,train_batch_10,357
2668500153654553029,train_batch_10,358
2678548089657542455,train_batch_10,359
2696939593667995610,train_batch_10,360
2681059374670150281,train_batch_10,361
2694363015636663471,train_batch_10,362
2683790464662968813,train_batch_10,363
2726504016661301160,train_batch_10,364
2679704964666827714,train_batch_10,365
2708106820653058679,train_batch_10,366
2722260239663518281,train_batch_10,367
2713975175650205476,train_batch_10,368
2700275687673615537,train_batch_10,369
2673697188636044807,train_batch_10,370
2708323936645842158,train_batch_10,371
2680931309658108843,train_batch_10,372
2678473869672230937,train_batch_10,373
2734901480665002460,train_batch_10,374
2734993517661804100,train_batch_10,375
2673108723663400297,train_batch_10,376
2691876239655207114,train_batch_10,377
2696842209646358798,train_batch_10,378
2690613747654715462,train_batch_10,379
2687726814650403988,train_batch_10,380
2678440235652254506,train_batch_10,381
2716711413647931421,train_batch_10,382
2715378988659431272,train_batch_10,383
2676246691635357349,train_batch_10,384
2667372317651479236,train_batch_10,385
2693647258643756490,train_batch_10,386
2678344138648448895,train_batch_10,387
2680509797665249814,train_batch_10,388
2663337727659614486,train_batch_10,389
2667230279652946960,train_batch_10,390
2706234535666840487,train_batch_10,391
2712260288652141508,train_batch_10,392
2724398582658547977,train_batch_10,393
2693514947675819094,train_batch_10,394
2674016436646591572,train_batch_10,395
2730990206660839533,train_batch_10,396
2698158149653154784,train_batch_10,397
2721878415657529734,train_batch_10,398
2716313141664806177,train_batch_10,399
2691640125653239758,train_batch_10,400
2720680603667817025,train_batch_10,401
2715018706672596919,train_batch_10,402
2665375148656378841,train_batch_10,403
2715733248667023389,train_batch_10,404
2659813652653705434,train_batch_10,405
2732142910653501227,train_batch_10,406
2677204795671661131,train_batch_10,407
2681384373670667130,train_batch_10,408
2706548049668921633,train_batch_10,409
2734022215664213058,train_batch_10,410
2675568328660249223,train_batch_10,411
2679397099672605051,train_batch_10,412
2673700488656412134,train_batch_10,413
2695352729640020636,train_batch_10,414
2669937842651720372,train_batch_10,415
2690483495656608322,train_batch_10,416
2719965186638398453,train_batch_10,417
2727003701669675516,train_batch_10,418
2729480268651159679,train_batch_10,419
2687376142657368940,train_batch_10,420
2690246150653849713,train_batch_10,421
2727612798655591410,train_batch_10,422
2684134499662232751,train_batch_10,423
2692469825639657750,train_batch_10,424
2691857246639511093,train_batch_10,425
2690399714676903279,train_batch_10,426
2682905612634530497,train_batch_10,427
2680499965673696218,train_batch_10,428
2696805361649131652,train_batch_10,429
2707211902658232364,train_batch_10,430
2713281467673160769,train_batch_10,431
2717041136650587664,train_batch_10,432
2674171533657848121,train_batch_10,433
2705020933651480655,train_batch_10,434
2673379129636174849,train_batch_10,435
2732645685662479844,train_batch_10,436
2668826464659212505,train_batch_10,437
2681072696645429385,train_batch_10,438
2702803923665501333,train_batch_10,439
2699287601672606416,train_batch_10,440
2685812067652207027,train_batch_10,441
2691099170640026915,train_batch_10,442
2688332076664432861,train_batch_10,443
2667502415661852361,train_batch_10,444
2678774165651922177,train_batch_10,445
2700562179650736402,train_batch_10,446
2721639545649931075,train_batch_10,447
2680315763651386490,train_batch_10,448
2695740242640534965,train_batch_10,449
2719249585649845864,train_batch_10,450
2684230440633784357,train_batch_10,451
2708973867659094060,train_batch_10,452
2725833900660064377,train_batch_10,453
2670530812648254148,train_batch_10,454
2696336821650725118,train_batch_10,455
2712125254670259671,train_batch_10,456
2685411031668646129,train_batch_10,457
2660634816654587792,train_batch_10,458
2698240825660010098,train_batch_10,459
2681982596658484900,train_batch_10,460
2702135431672162877,train_batch_10,461
2684976439664193017,train_batch_10,462
2716891338658482191,train_batch_10,463
2696933322639761781,train_batch_10,464
2664777265662642685,train_batch_10,465
2686330295673263405,train_batch_10,466
2664115235668635282,train_batch_10,467
2685604062659315703,train_batch_10,468
2715684788654981632,train_batch_10,469
2687752446662959391,train_batch_10,470
2685538767640065361,train_batch_10,471
2675104736635775146,train_batch_10,472
2699611099635543335,train_batch_10,473
2677292735656267245,train_batch_10,474
2695078604662138553,train_batch_10,475
2687059552666526611,train_batch_10,476
2668384483656130923,train_batch_10,477
2675769951668411597,train_batch_10,478
2674842809650283734,train_batch_10,479
2722402497671931201,train_batch_10,480
2661463860666198130,train_batch_10,481
2711063061646365839,train_batch_10,482
2660630043668003454,train_batch_10,483
2723573848660109094,train_batch_10,484
2693836303638745019,train_batch_10,485
2689057621662444233,train_batch_10,486
2685681510675046084,train_batch_10,487
2699874096658616053,train_batch_10,488
2704295400655361581,train_batch_10,489
2681374581671182216,train_batch_10,490
2688555654662845825,train_batch_10,491
2684661436650302314,train_batch_10,492
2702087058666042020,train_batch_10,493
2685922356637841795,train_batch_10,494
2675656189656022987,train_batch_10,495
2675720995665316970,train_batch_10,496
2704150440669209467,train_batch_10,497
2674010317648451269,train_batch_10,498
2721222152660613660,train_batch_10,499
2703190373669920170,train_batch_11,0
2666866392669221486,train_batch_11,1
2675652865636110395,train_batch_11,2
2675355091636251147,train_batch_11,3
2678445165660950003,train_batch_11,4
2707689613637569438,train_batch_11,5
2703044074664916302,train_batch_11,6
2713857253653072491,train_batch_11,7
2699992201643186138,train_batch_11,8
2674106353656080171,train_batch_11,9
2724830047652208906,train_batch_11,10
2685922510670997210,train_batch_11,11
2699476239641156803,train_batch_11,12
2668079878655432050,train_batch_11,13
2693240953652395132,train_batch_11,14
2708492801655061938,train_batch_11,15
2686561892634726417,train_batch_11,16
2677605758662826446,train_batch_11,17
2730122278664919847,train_batch_11,18
2689506286644911647,train_batch_11,19
2709555086659544134,train_batch_11,20
2715001141636504298,train_batch_11,21
2718847874669068446,train_batch_11,22
2684747403646352891,train_batch_11,23
2688252323663851403,train_batch_11,24
2716918779656363448,train_batch_11,25
2714549020658571382,train_batch_11,26
2705798957670242195,train_batch_11,27
2675058157651252279,train_batch_11,28
2687842935648044658,train_batch_11,29
2677195625662996171,train_batch_11,30
2726613610664375647,train_batch_11,31
2667770004655366691,train_batch_11,32
2728128900655876118,train_batch_11,33
2694339845640545055,train_batch_11,34
2684093099653625116,train_batch_11,35
2683521775675678496,train_batch_11,36
2707983724655870917,train_batch_11,37
2699996330635098295,train_batch_11,38
2703310047636296408,train_batch_11,39
2705872078661034343,train_batch_11,40
2687375828669993263,train_batch_11,41
2679283368648119500,train_batch_11,42
2716670834656649467,train_batch_11,43
2665738634670078063,train_batch_11,44
2716103976663113796,train_batch_11,45
2676517924637923071,train_batch_11,46
2734500681657235866,train_batch_11,47
2676593794671252915,train_batch_11,48
2712552323665139078,train_batch_11,49
2710027390638295096,train_batch_11,50
2659512768664213505,train_batch_11,51
2662475719651577975,train_batch_11,52
2697247347658545534,train_batch_11,53
2692799813657556986,train_batch_11,54
2661295726661419865,train_batch_11,55
2720006486653553464,train_batch_11,56
2669110854655206917,train_batch_11,57
2679626952646924629,train_batch_11,58
2691495371657688734,train_batch_11,59
2671691849654666196,train_batch_11,60
2700426704645877839,train_batch_11,61
2701362469647199658,train_batch_11,62
2729846226657784630,train_batch_11,63
2701955044660961037,train_batch_11,64
2699810384639208279,train_batch_11,65
2684158584648222683,train_batch_11,66
2699873294658342754,train_batch_11,67
2716368565659431648,train_batch_11,68
2663720244657490655,train_batch_11,69
2694124246666725371,train_batch_11,70
2672332824665193034,train_batch_11,71
2692879310661899483,train_batch_11,72
2691913136670020000,train_batch_11,73
2682504392658595224,train_batch_11,74
2702015251654391382,train_batch_11,75
2685718783668545077,train_batch_11,76
2708569604644366968,train_batch_11,77
2685799373674517615,train_batch_11,78
2717428690650054185,train_batch_11,79
2673931689667955864,train_batch_11,80
2703677462670128278,train_batch_11,81
2682268104663892063,train_batch_11,82
2714435910659463065,train_batch_11,83
2724782096667579300,train_batch_11,84
2660238960666233086,train_batch_11,85
2659549051658268772,train_batch_11,86
2697359828640676562,train_batch_11,87
2664653376658136923,train_batch_11,88
2729915676668163758,train_batch_11,89
2699269937655063202,train_batch_11,90
2709495588665916768,train_batch_11,91
2679229522666847640,train_batch_11,92
2687933955635997547,train_batch_11,93
2709197457637668655,train_batch_11,94
2688649451664271415,train_batch_11,95
2701844834640676480,train_batch_11,96
2700196731647065858,train_batch_11,97
2658564625657607103,train_batch_11,98
2687318685646647261,train_batch_11,99
2705525861644568845,train_batch_11,100
2667839820668425191,train_batch_11,101
2688234055671383098,train_batch_11,102
2671059701632477212,train_batch_11,103
2690481674667877248,train_batch_11,104
2664766537656644876,train_batch_11,105
2698170016649935108,train_batch_11,106
2727047139653196568,train_batch_11,107
2697178340674689016,train_batch_11,108
2684893048647488893,train_batch_11,109
2706030564655178887,train_batch_11,110
2664952418670285763,train_batch_11,111
2717336659666574654,train_batch_11,112
2671487914655186918,train_batch_11,113
2686406501664483590,train_batch_11,114
2689273190657491499,train_batch_11,115
2703280492645800272,train_batch_11,116
2658028661663767691,train_batch_11,117
2685865428651569982,train_batch_11,118
2697079536653893086,train_batch_11,119
2717422669665667966,train_batch_11,120
2720524558662901472,train_batch_11,121
2706330174659500680,train_batch_11,122
2687219892635752626,train_batch_11,123
2700596461651146359,train_batch_11,124
2710593992662709412,train_batch_11,125
2705808021667591187,train_batch_11,126
2685018322664051018,train_batch_11,127
2669638518652719589,train_batch_11,128
2708229010637789891,train_batch_11,129
2661975274653380177,train_batch_11,130
2668614786671961341,train_batch_11,131
2704035448650015753,train_batch_11,132
2688304061646182063,train_batch_11,133
2673813556661146131,train_batch_11,134
2680585397648376601,train_batch_11,135
2701236188668231380,train_batch_11,136
2696136143675583373,train_batch_11,137
2720329056649259743,train_batch_11,138
2712827757638508878,train_batch_11,139
2701194758652109512,train_batch_11,140
2672356236671381806,train_batch_11,141
2678759088658540120,train_batch_11,142
2703866311640796916,train_batch_11,143
2727383027655876506,train_batch_11,144
2718315735657908420,train_batch_11,145
2691022718634404505,train_batch_11,146
2699156995640222171,train_batch_11,147
2684831188640332966,train_batch_11,148
2668999172669760833,train_batch_11,149
2664684444651333197,train_batch_11,150
2712136970669924813,train_batch_11,151
2724088706655249641,train_batch_11,152
2692577879635558650,train_batch_11,153
2691760530651916910,train_batch_11,154
2677778823656154424,train_batch_11,155
2718576077654008247,train_batch_11,156
2664842933658473115,train_batch_11,157
2665299078657419709,train_batch_11,158
2685156284634299331,train_batch_11,159
2714072580669832051,train_batch_11,160
2664028746666209357,train_batch_11,161
2711474985655318688,train_batch_11,162
2725665390666913857,train_batch_11,163
2676378408638425939,train_batch_11,164
2693720001643269525,train_batch_11,165
2685172982664734928,train_batch_11,166
2729340057659408912,train_batch_11,167
2692325235652144494,train_batch_11,168
2734528296665480005,train_batch_11,169
2706717610666408241,train_batch_11,170
2710182446660059495,train_batch_11,171
2729458894670696452,train_batch_11,172
2717703414655507041,train_batch_11,173
2721032087670433418,train_batch_11,174
2676794495648758839,train_batch_11,175
2661864827652304660,train_batch_11,176
2678736937651581197,train_batch_11,177
2695298395661324970,train_batch_11,178
2682953568660626062,train_batch_11,179
2675328661662096774,train_batch_11,180
2662772673653020634,train_batch_11,181
2669464007659777686,train_batch_11,182
2738698249662138244,train_batch_11,183
2715417639667117459,train_batch_11,184
2667090353657179415,train_batch_11,185
2702655429654564661,train_batch_11,186
2688777163657269346,train_batch_11,187
2719654788636907051,train_batch_11,188
2701696097671526091,train_batch_11,189
2677096003673883653,train_batch_11,190
2698554526657909243,train_batch_11,191
2668335619655802066,train_batch_11,192
2703406024666531438,train_batch_11,193
2691249514662435954,train_batch_11,194
2665051142661745711,train_batch_11,195
2690516310643625855,train_batch_11,196
2693844864649315268,train_batch_11,197
2671671484666531658,train_batch_11,198
2670159938669419675,train_batch_11,199
2695498965664811779,train_batch_11,200
2682292538647968378,train_batch_11,201
2685099211670867214,train_batch_11,202
2697359510648901909,train_batch_11,203
2676040891653030148,train_batch_11,204
2685849774634361475,train_batch_11,205
2680925430672491626,train_batch_11,206
2725893239655241595,train_batch_11,207
2675942526672469424,train_batch_11,208
2701681182673911075,train_batch_11,209
2737551706662538746,train_batch_11,210
2704642541653361777,train_batch_11,211
2685364140651346239,train_batch_11,212
2668930635650820292,train_batch_11,213
2698957653642453363,train_batch_11,214
2674844498653084304,train_batch_11,215
2725002562664097873,train_batch_11,216
2699360060675532932,train_batch_11,217
2711897077635934226,train_batch_11,218
2699226480638804273,train_batch_11,219
2667766721656333746,train_batch_11,220
2689568309672277818,train_batch_11,221
2686405344667881090,train_batch_11,222
2701958321646165261,train_batch_11,223
2725187441659201333,train_batch_11,224
2714921829648102520,train_batch_11,225
2668645653650581131,train_batch_11,226
2669263952662387345,train_batch_11,227
2684641749661765145,train_batch_11,228
2692859158666135477,train_batch_11,229
2702035339670310909,train_batch_11,230
2678450891652441659,train_batch_11,231
2710979053659691552,train_batch_11,232
2683453915665280448,train_batch_11,233
2687214852658088573,train_batch_11,234
2662122901657967772,train_batch_11,235
2712873324668710627,train_batch_11,236
2673374379649600160,train_batch_11,237
2704644413661999986,train_batch_11,238
2718353168651796033,train_batch_11,239
2675604181637242034,train_batch_11,240
2706126582655050691,train_batch_11,241
2664567633659966533,train_batch_11,242
2661228761660240338,train_batch_11,243
2718129385669588379,train_batch_11,244
2700717522635246292,train_batch_11,245
2693853674636042585,train_batch_11,246
2680599318653842227,train_batch_11,247
2723257097653069305,train_batch_11,248
2723186708656400901,train_batch_11,249
2710671819664202560,train_batch_11,250
2682339382638629759,train_batch_11,251
2723995645651239115,train_batch_11,252
2694027825635023422,train_batch_11,253
2701610999661090902,train_batch_11,254
2732817123658045672,train_batch_11,255
2694316944659841992,train_batch_11,256
2716483788636605459,train_batch_11,257
2692471328637032627,train_batch_11,258
2667311202660648405,train_batch_11,259
2692814432641466794,train_batch_11,260
2697995279636741295,train_batch_11,261
2716571299649422693,train_batch_11,262
2709243822653681070,train_batch_11,263
2699784648658213757,train_batch_11,264
2724922069658723334,train_batch_11,265
2686138356636331967,train_batch_11,266
2702802531655421385,train_batch_11,267
2709400218659620576,train_batch_11,268
2693364198645820299,train_batch_11,269
2688435586645381707,train_batch_11,270
2678870501635523958,train_batch_11,271
2680914835661522551,train_batch_11,272
2730775367655000537,train_batch_11,273
2727345395671316504,train_batch_11,274
2664901063654601012,train_batch_11,275
2702769559651450193,train_batch_11,276
2702872375654608390,train_batch_11,277
2706500174638360304,train_batch_11,278
2696036622641821465,train_batch_11,279
2721804237659678087,train_batch_11,280
2675178000647556473,train_batch_11,281
2682511129633260691,train_batch_11,282
2666089068670210305,train_batch_11,283
2712125937662974309,train_batch_11,284
2730842076653814883,train_batch_11,285
2693524307654884187,train_batch_11,286
2689492529664463275,train_batch_11,287
2706264850652556035,train_batch_11,288
2696955663647183383,train_batch_11,289
2728891048668700276,train_batch_11,290
2686511164638153519,train_batch_11,291
2706447029674805621,train_batch_11,292
2694565469658170263,train_batch_11,293
2659292053663024495,train_batch_11,294
2704668793662476054,train_batch_11,295
2675916707637923877,train_batch_11,296
2709341874664583190,train_batch_11,297
2669034889636304658,train_batch_11,298
2705937963648778001,train_batch_11,299
2718627803673271628,train_batch_11,300
2662936365666372042,train_batch_11,301
2672538414665777961,train_batch_11,302
2665549780658848854,train_batch_11,303
2701315248654714284,train_batch_11,304
2659233136663396415,train_batch_11,305
2700298579638059920,train_batch_11,306
2707141769671792559,train_batch_11,307
2706191214635022896,train_batch_11,308
2669880385661525613,train_batch_11,309
2675578198666586699,train_batch_11,310
2709967273647297077,train_batch_11,311
2692465989676757428,train_batch_11,312
2723537599647840073,train_batch_11,313
2675068416646961237,train_batch_11,314
2678721306636983642,train_batch_11,315
2693071820646128747,train_batch_11,316
2665407364662705904,train_batch_11,317
2686302499636144466,train_batch_11,318
2676375648634798038,train_batch_11,319
2703977204649835445,train_batch_11,320
2683448200632327643,train_batch_11,321
2682871017664565253,train_batch_11,322
2661647785665956067,train_batch_11,323
2680377570666138151,train_batch_11,324
2708656576661806558,train_batch_11,325
2676300854667220135,train_batch_11,326
2682025296654865180,train_batch_11,327
2672123757659019553,train_batch_11,328
2671635681647204907,train_batch_11,329
2692041619659733696,train_batch_11,330
2718664309666817034,train_batch_11,331
2703838311654309323,train_batch_11,332
2720868867656702783,train_batch_11,333
2721675099638518513,train_batch_11,334
2694026045672999955,train_batch_11,335
2716030603661514822,train_batch_11,336
2683003161632773874,train_batch_11,337
2718398921652431395,train_batch_11,338
2668598736657496859,train_batch_11,339
2682387423634588555,train_batch_11,340
2678001829663004336,train_batch_11,341
2687848766659109557,train_batch_11,342
2660936708658160549,train_batch_11,343
2726022637670402389,train_batch_11,344
2689135441639427914,train_batch_11,345
2706375295649683492,train_batch_11,346
2680441547647931367,train_batch_11,347
2730705167663624037,train_batch_11,348
2735923124666474101,train_batch_11,349
2694064495635779277,train_batch_11,350
2699473420637253134,train_batch_11,351
2734756605662474828,train_batch_11,352
2710362183662556407,train_batch_11,353
2676219215664185045,train_batch_11,354
2673970016665516530,train_batch_11,355
2714127316637159974,train_batch_11,356
2722439194658129011,train_batch_11,357
2708885699638051878,train_batch_11,358
2667221633650689963,train_batch_11,359
2728549872661986358,train_batch_11,360
2733224400653848736,train_batch_11,361
2663875517664094272,train_batch_11,362
2676024314674607307,train_batch_11,363
2722897943670952755,train_batch_11,364
2694486332637109430,train_batch_11,365
2702374830649101764,train_batch_11,366
2674421359651695435,train_batch_11,367
2714201391637491643,train_batch_11,368
2716782813653802658,train_batch_11,369
2704823589668122384,train_batch_11,370
2668056811661518041,train_batch_11,371
2703358282668487779,train_batch_11,372
2695781746672031010,train_batch_11,373
2712544364671895063,train_batch_11,374
2722698488673627993,train_batch_11,375
2669210646670743556,train_batch_11,376
2731445598661642128,train_batch_11,377
2676099899655862663,train_batch_11,378
2685736225636168687,train_batch_11,379
2663359523656401496,train_batch_11,380
2693042861667797505,train_batch_11,381
2719713079670145357,train_batch_11,382
2725844109652052015,train_batch_11,383
2656750487659169561,train_batch_11,384
2666559743671321352,train_batch_11,385
2679446890652905980,train_batch_11,386
2690963882658974971,train_batch_11,387
2686555891663791286,train_batch_11,388
2691297601649103638,train_batch_11,389
2686004164650564332,train_batch_11,390
2723885731663994538,train_batch_11,391
2697059656653914461,train_batch_11,392
2703568751640029545,train_batch_11,393
2728153445652786335,train_batch_11,394
2662507105652570680,train_batch_11,395
2717292048651649072,train_batch_11,396
2724368082665745622,train_batch_11,397
2685453427634614819,train_batch_11,398
2670468503634009090,train_batch_11,399
2707041762646235881,train_batch_11,400
2697990193672132185,train_batch_11,401
2718489202664775302,train_batch_11,402
2674305722658510778,train_batch_11,403
2718694734658998456,train_batch_11,404
2685688055663099370,train_batch_11,405
2692447848652432863,train_batch_11,406
2712378398665169800,train_batch_11,407
2724982102666641607,train_batch_11,408
2732952693654842590,train_batch_11,409
2706893475661538231,train_batch_11,410
2679790132636759257,train_batch_11,411
2722798902665016970,train_batch_11,412
2663256271661489846,train_batch_11,413
2725392883664344222,train_batch_11,414
2663643836660168873,train_batch_11,415
2707810253660886606,train_batch_11,416
2700023311655378620,train_batch_11,417
2705778263638644080,train_batch_11,418
2711916402658748034,train_batch_11,419
2701390372671795086,train_batch_11,420
2690357362646663355,train_batch_11,421
2713569473654494942,train_batch_11,422
2726436402669553343,train_batch_11,423
2670699985666331134,train_batch_11,424
2721726033649706312,train_batch_11,425
2697141282638751561,train_batch_11,426
2728512804667810350,train_batch_11,427
2670674604670382040,train_batch_11,428
2700520321646119680,train_batch_11,429
2710094151636049630,train_batch_11,430
2666891675661193123,train_batch_11,431
2704226658654996137,train_batch_11,432
2722328613648033946,train_batch_11,433
2667819079660506804,train_batch_11,434
2681335330649735495,train_batch_11,435
2697980885666489528,train_batch_11,436
2733163368653256350,train_batch_11,437
2699850446639335439,train_batch_11,438
2693849606646623781,train_batch_11,439
2688771122663774645,train_batch_11,440
2719857053658468064,train_batch_11,441
2673813057633269189,train_batch_11,442
2690820439664190645,train_batch_11,443
2671828562652813803,train_batch_11,444
2678198820653656614,train_batch_11,445
2690210304662311863,train_batch_11,446
2696729968641029651,train_batch_11,447
2678880175672173459,train_batch_11,448
2684591565632818963,train_batch_11,449
2697814713640397920,train_batch_11,450
2682551935669288300,train_batch_11,451
2712122248660488670,train_batch_11,452
2660439648657755670,train_batch_11,453
2700358791675740806,train_batch_11,454
2707192201656394713,train_batch_11,455
2694992101653478023,train_batch_11,456
2703060041673447060,train_batch_11,457
2670493397658041869,train_batch_11,458
2700338210662024979,train_batch_11,459
2735395216655216144,train_batch_11,460
2673448372634510533,train_batch_11,461
2704713785671319967,train_batch_11,462
2670300127650676517,train_batch_11,463
2672940694652991394,train_batch_11,464
2697691051674833594,train_batch_11,465
2691095742664557720,train_batch_11,466
2685073025662302632,train_batch_11,467
2705444391657030390,train_batch_11,468
2682238140639323969,train_batch_11,469
2696493985657403203,train_batch_11,470
2716744489659139864,train_batch_11,471
2690064717676431385,train_batch_11,472
2671618753635481266,train_batch_11,473
2678930038638111113,train_batch_11,474
2684110894663784721,train_batch_11,475
2674724083652311112,train_batch_11,476
2662953647663873472,train_batch_11,477
2725605227659958502,train_batch_11,478
2705334952646240916,train_batch_11,479
2680958693652641064,train_batch_11,480
2722788318651606072,train_batch_11,481
2709477255654573068,train_batch_11,482
2660200904655855620,train_batch_11,483
2719231123660885893,train_batch_11,484
2704349622644487021,train_batch_11,485
2674468641659421527,train_batch_11,486
2703091302654289395,train_batch_11,487
2688478362649914272,train_batch_11,488
2687367440652623474,train_batch_11,489
2706101293636176476,train_batch_11,490
2686810192667893102,train_batch_11,491
2718445598659861389,train_batch_11,492
2718907929667187171,train_batch_11,493
2700028818638570223,train_batch_11,494
2666852987650179267,train_batch_11,495
2706859057651470356,train_batch_11,496
2669717481671300617,train_batch_11,497
2694375459652770230,train_batch_11,498
2676179684657905688,train_batch_11,499
2702994325648142772,train_batch_12,0
2708077064653853992,train_batch_12,1
2729862394656029747,train_batch_12,2
2689439777661571045,train_batch_12,3
2692992684659386496,train_batch_12,4
2702912948658158144,train_batch_12,5
2674393992667922734,train_batch_12,6
2694350108673052592,train_batch_12,7
2696256704643737102,train_batch_12,8
2730285286671199075,train_batch_12,9
2711892180635662400,train_batch_12,10
2696923357638225785,train_batch_12,11
2704903776660573625,train_batch_12,12
2724635080666051758,train_batch_12,13
2702659121633963558,train_batch_12,14
2712650262666637450,train_batch_12,15
2706063623652991835,train_batch_12,16
2706599273638642894,train_batch_12,17
2708996903635141788,train_batch_12,18
2705189922655009158,train_batch_12,19
2688645981637427548,train_batch_12,20
2734735076660659004,train_batch_12,21
2715845926661517861,train_batch_12,22
2673581029660891853,train_batch_12,23
2694329605673345769,train_batch_12,24
2691681754640843113,train_batch_12,25
2708405750659172410,train_batch_12,26
2722044976649061981,train_batch_12,27
2690269134672496740,train_batch_12,28
2706682050664328480,train_batch_12,29
2731660765664609660,train_batch_12,30
2674039030664192291,train_batch_12,31
2720880069649290503,train_batch_12,32
2681863949665886240,train_batch_12,33
2671378500660902795,train_batch_12,34
2682593811639109408,train_batch_12,35
2727101527660179058,train_batch_12,36
2720083666656859078,train_batch_12,37
2730718475657236657,train_batch_12,38
2723351031649910406,train_batch_12,39
2693619506643777698,train_batch_12,40
2680556965668025884,train_batch_12,41
2717525170656974231,train_batch_12,42
2720360028670170383,train_batch_12,43
2698897868640158010,train_batch_12,44
2723397984672091550,train_batch_12,45
2666015398668986771,train_batch_12,46
2705902939658477788,train_batch_12,47
2686330090673688814,train_batch_12,48
2713611730655048899,train_batch_12,49
2683270609656322580,train_batch_12,50
2703681011657269406,train_batch_12,51
2678451322648620880,train_batch_12,52
2725313574659884770,train_batch_12,53
2692412280640178001,train_batch_12,54
2682626377660751031,train_batch_12,55
2690159966637713999,train_batch_12,56
2676160283651763938,train_batch_12,57
2702648437664620342,train_batch_12,58
2700724446658001145,train_batch_12,59
2683372290653625850,train_batch_12,60
2688327668660063160,train_batch_12,61
2675326673661011054,train_batch_12,62
2667950689654650290,train_batch_12,63
2668223716658856337,train_batch_12,64
2703859607666533725,train_batch_12,65
2719814125670455076,train_batch_12,66
2705387412646583868,train_batch_12,67
2709196018670336523,train_batch_12,68
2709702297637394476,train_batch_12,69
2712303697671599804,train_batch_12,70
2689032434662386219,train_batch_12,71
2668350957633383775,train_batch_12,72
2672248167637049413,train_batch_12,73
2738480648659352913,train_batch_12,74
2708423559674261251,train_batch_12,75
2688905890658393096,train_batch_12,76
2672067596662714955,train_batch_12,77
2686883954671749278,train_batch_12,78
2688487476633240054,train_batch_12,79
2686075269668282276,train_batch_12,80
2684007461648770225,train_batch_12,81
2678297734660369738,train_batch_12,82
2676204757659169672,train_batch_12,83
2680891164664231005,train_batch_12,84
2662676370657983213,train_batch_12,85
2669933629660451872,train_batch_12,86
2701943867648862304,train_batch_12,87
2701193799667795874,train_batch_12,88
2690010871676288179,train_batch_12,89
2679093592667163472,train_batch_12,90
2661983603661331552,train_batch_12,91
2705272250668160408,train_batch_12,92
2667933855654730765,train_batch_12,93
2731100423658190831,train_batch_12,94
2674363535665463728,train_batch_12,95
2703575020659058118,train_batch_12,96
2734957461658669140,train_batch_12,97
2723673964665936819,train_batch_12,98
2711646987658347496,train_batch_12,99
2689757762673974595,train_batch_12,100
2701946603664734106,train_batch_12,101
2704376010634850748,train_batch_12,102
2670614715632631833,train_batch_12,103
2682647669651399877,train_batch_12,104
2703949193675681852,train_batch_12,105
2695672908642034483,train_batch_12,106
2692941529656013193,train_batch_12,107
2689349967672314696,train_batch_12,108
2701659645672149286,train_batch_12,109
2705350254641416937,train_batch_12,110
2692759392673185312,train_batch_12,111
2699686144648811856,train_batch_12,112
2714587024657129110,train_batch_12,113
2699989305644955674,train_batch_12,114
2699828745647415132,train_batch_12,115
2713884570657421291,train_batch_12,116
2710437256646345597,train_batch_12,117
2679718049656168833,train_batch_12,118
2691367535673952914,train_batch_12,119
2666299550659343825,train_batch_12,120
2672119002636170948,train_batch_12,121
2712675687637239242,train_batch_12,122
2725300903659947602,train_batch_12,123
2678960241660593642,train_batch_12,124
2709395864635100797,train_batch_12,125
2713808909637473570,train_batch_12,126
2681128451661283842,train_batch_12,127
2719319176665882381,train_batch_12,128
2697923651654977993,train_batch_12,129
2728312478667796560,train_batch_12,130
2721308658646983369,train_batch_12,131
2687403427665873703,train_batch_12,132
2675257600655784531,train_batch_12,133
2686820949656067290,train_batch_12,134
2714973511648866149,train_batch_12,135
2689767264647723061,train_batch_12,136
2668853691664067555,train_batch_12,137
2727873069668599523,train_batch_12,138
2727444167663655340,train_batch_12,139
2718217157653023054,train_batch_12,140
2672290764647878147,train_batch_12,141
2681815940634007683,train_batch_12,142
2680816510652851781,train_batch_12,143
2718975325648589532,train_batch_12,144
2718092902652135126,train_batch_12,145
2665423454632523523,train_batch_12,146
2668699936631805546,train_batch_12,147
2714953733662095214,train_batch_12,148
2703780575661688411,train_batch_12,149
2698793961674961075,train_batch_12,150
2675309845655140487,train_batch_12,151
2725172155670605394,train_batch_12,152
2666855243656611588,train_batch_12,153
2664625167664445861,train_batch_12,154
2675914852634880143,train_batch_12,155
2693736341664046875,train_batch_12,156
2682345619651892334,train_batch_12,157
2674659891658491573,train_batch_12,158
2694975781640371173,train_batch_12,159
2664946767632194436,train_batch_12,160
2689413579668543824,train_batch_12,161
2664650107651919325,train_batch_12,162
2699941820669639488,train_batch_12,163
2672189767672134471,train_batch_12,164
2659545803653206331,train_batch_12,165
2667095074632505456,train_batch_12,166
2664915534662442909,train_batch_12,167
2715060738648575810,train_batch_12,168
2659817741668085431,train_batch_12,169
2706177816657861713,train_batch_12,170
2695317631659133457,train_batch_12,171
2663376050665666182,train_batch_12,172
2676973183650682637,train_batch_12,173
2701903256665007871,train_batch_12,174
2694417408649156824,train_batch_12,175
2707568379639317706,train_batch_12,176
2709913814670050790,train_batch_12,177
2716846550656095218,train_batch_12,178
2694693417641315873,train_batch_12,179
2657993025654137854,train_batch_12,180
2682906722647777299,train_batch_12,181
2685234962670483867,train_batch_12,182
2714881257672978873,train_batch_12,183
2684379433672023188,train_batch_12,184
2705896022672995444,train_batch_12,185
2673704237664393095,train_batch_12,186
2713287093651319788,train_batch_12,187
2708540283658691241,train_batch_12,188
2663900083652956487,train_batch_12,189
2689350100665367918,train_batch_12,190
2664910421662011030,train_batch_12,191
2676938743636758785,train_batch_12,192
2730060316651373522,train_batch_12,193
2688505983637925926,train_batch_12,194
2707530569665511361,train_batch_12,195
2698054060652044301,train_batch_12,196
2720930988667461120,train_batch_12,197
2707380936661110024,train_batch_12,198
2699969267657079757,train_batch_12,199
2663066866654258692,train_batch_12,200
2662847915650867501,train_batch_12,201
2681807302646309204,train_batch_12,202
2716482233659080365,train_batch_12,203
2700373994635104917,train_batch_12,204
2692205501671502731,train_batch_12,205
2666345702654232765,train_batch_12,206
2710171062647529924,train_batch_12,207
2673802410666630868,train_batch_12,208
2668850195655831397,train_batch_12,209
2689235052650547004,train_batch_12,210
2709076073650438773,train_batch_12,211
2693486548646441797,train_batch_12,212
2687517935652858042,train_batch_12,213
2705809978655339272,train_batch_12,214
2719727353662132304,train_batch_12,215
2697658273655140847,train_batch_12,216
2698873876647487216,train_batch_12,217
2686498925663999190,train_batch_12,218
2668569572655003508,train_batch_12,219
2696374640637142913,train_batch_12,220
2670500071650851343,train_batch_12,221
2716044890645310740,train_batch_12,222
2693342313636352287,train_batch_12,223
2713760279651974036,train_batch_12,224
2693941341636671466,train_batch_12,225
2682499673646057480,train_batch_12,226
2702889064650991448,train_batch_12,227
2683412115673684928,train_batch_12,228
2660140838664656665,train_batch_12,229
2717471127659220937,train_batch_12,230
2737277975656981884,train_batch_12,231
2673236230662227246,train_batch_12,232
2680851276659499328,train_batch_12,233
2711988261648357583,train_batch_12,234
2724840033659535890,train_batch_12,235
2717994626637266251,train_batch_12,236
2690442238644695830,train_batch_12,237
2702720709638096022,train_batch_12,238
2704044236672447750,train_batch_12,239
2687126205652957198,train_batch_12,240
2724297033662087374,train_batch_12,241
2729371629656095724,train_batch_12,242
2696949456654503015,train_batch_12,243
2725162051656961629,train_batch_12,244
2675059686664048360,train_batch_12,245
2669630971662003142,train_batch_12,246
2688678584638589319,train_batch_12,247
2665480551661208847,train_batch_12,248
2711895305636158001,train_batch_12,249
2728860039664869914,train_batch_12,250
2672414288659161792,train_batch_12,251
2700352060649936785,train_batch_12,252
2698667428652626116,train_batch_12,253
2702012069665961700,train_batch_12,254
2700139531675053743,train_batch_12,255
2718349952660679625,train_batch_12,256
2732322771663627307,train_batch_12,257
2691696373649798491,train_batch_12,258
2717271044653726430,train_batch_12,259
2693582946658543863,train_batch_12,260
2673718769633628710,train_batch_12,261
2696597116670503334,train_batch_12,262
2728290864670504157,train_batch_12,263
2710273436659667329,train_batch_12,264
2733965765655793514,train_batch_12,265
2705248711658610538,train_batch_12,266
2702437869650050502,train_batch_12,267
2685364831651096418,train_batch_12,268
2664289915663387809,train_batch_12,269
2726417553650014879,train_batch_12,270
2676209788637647939,train_batch_12,271
2709110780635444968,train_batch_12,272
2675518146664346518,train_batch_12,273
2683861885666300627,train_batch_12,274
2670546971655564952,train_batch_12,275
2699930768647647784,train_batch_12,276
2670798530655729006,train_batch_12,277
2676733462666529851,train_batch_12,278
2677855103656198762,train_batch_12,279
2688350690675215053,train_batch_12,280
2678748002653613708,train_batch_12,281
2662911574650765853,train_batch_12,282
2687332715635827346,train_batch_12,283
2667119872655096255,train_batch_12,284
2668150909633442670,train_batch_12,285
2684313261635099600,train_batch_12,286
2663929030653089947,train_batch_12,287
2683094034633179097,train_batch_12,288
2706579394646440382,train_batch_12,289
2712028527658754388,train_batch_12,290
2709514356636418093,train_batch_12,291
2680578620676367432,train_batch_12,292
2711362109648451780,train_batch_12,293
2700254817670064852,train_batch_12,294
2675078641668687386,train_batch_12,295
2682093226651547268,train_batch_12,296
2708209228644763480,train_batch_12,297
2691266183649387304,train_batch_12,298
2690293159636080558,train_batch_12,299
2668109541653869376,train_batch_12,300
2674020128634873187,train_batch_12,301
2728077871665268280,train_batch_12,302
2686872296674105661,train_batch_12,303
2723742058655704763,train_batch_12,304
2687395578668290113,train_batch_12,305
2693325261644234380,train_batch_12,306
2685584378673836973,train_batch_12,307
2706646783665380662,train_batch_12,308
2675320665672289573,train_batch_12,309
2721413263664089822,train_batch_12,310
2720257008646378467,train_batch_12,311
2688370710645436659,train_batch_12,312
2682084783658369643,train_batch_12,313
2705688728654664618,train_batch_12,314
2695290748663916719,train_batch_12,315
2695014690638229722,train_batch_12,316
2714983277645058592,train_batch_12,317
2704628594654195196,train_batch_12,318
2710720652656032873,train_batch_12,319
2731640352668303013,train_batch_12,320
2691305773657226173,train_batch_12,321
2686139493675681596,train_batch_12,322
2685444393673651440,train_batch_12,323
2707447729660055827,train_batch_12,324
2733008921656676170,train_batch_12,325
2670092972660532063,train_batch_12,326
2693041620639037407,train_batch_12,327
2662935041662209542,train_batch_12,328
2718537677664787198,train_batch_12,329
2700230395644927007,train_batch_12,330
2671284143652928473,train_batch_12,331
2679932125654308623,train_batch_12,332
2675135551671901117,train_batch_12,333
2698954483636686692,train_batch_12,334
2704382946659571640,train_batch_12,335
2704579575644578682,train_batch_12,336
2710481672635817993,train_batch_12,337
2674072503649401873,train_batch_12,338
2706501451660970416,train_batch_12,339
2698781026659857951,train_batch_12,340
2671232162656837071,train_batch_12,341
2684636301650542568,train_batch_12,342
2665034661665393974,train_batch_12,343
2693484332661342422,train_batch_12,344
2689579267664181281,train_batch_12,345
2725324508656793422,train_batch_12,346
2666626608669345756,train_batch_12,347
2672145577662673105,train_batch_12,348
2713180827656594786,train_batch_12,349
2724665867656542114,train_batch_12,350
2736985515662114759,train_batch_12,351
2676610059649752728,train_batch_12,352
2687109901645213317,train_batch_12,353
2679222022647584272,train_batch_12,354
2675314350661404375,train_batch_12,355
2710827437660421756,train_batch_12,356
2692916125641640574,train_batch_12,357
2679442534664503376,train_batch_12,358
2715990504670404828,train_batch_12,359
2661269697655352612,train_batch_12,360
2679989270654105181,train_batch_12,361
2728738536659822547,train_batch_12,362
2675569154663512187,train_batch_12,363
2731872150651650291,train_batch_12,364
2667450638654452157,train_batch_12,365
2672496308648983591,train_batch_12,366
2713749829663032515,train_batch_12,367
2706303661651926988,train_batch_12,368
2719211933659954761,train_batch_12,369
2681096989646257631,train_batch_12,370
2735461247656198360,train_batch_12,371
2690374704674991233,train_batch_12,372
2735675711656071816,train_batch_12,373
2694549514678142483,train_batch_12,374
2718489878656914655,train_batch_12,375
2679358859666767970,train_batch_12,376
2678010649667776464,train_batch_12,377
2686235423665878361,train_batch_12,378
2696851458644949594,train_batch_12,379
2720148467650408147,train_batch_12,380
2714155441638013910,train_batch_12,381
2680910124653816716,train_batch_12,382
2698857094652378385,train_batch_12,383
2680149543673148755,train_batch_12,384
2691244490669521936,train_batch_12,385
2725797940669379119,train_batch_12,386
2663671905670360530,train_batch_12,387
2677118529635264667,train_batch_12,388
2674134229667630097,train_batch_12,389
2686458652667821776,train_batch_12,390
2736291720663020604,train_batch_12,391
2719736796672889910,train_batch_12,392
2672877199658934115,train_batch_12,393
2686425001639783975,train_batch_12,394
2671817106660545007,train_batch_12,395
2727034242656553733,train_batch_12,396
2697245660653509211,train_batch_12,397
2702387891652760656,train_batch_12,398
2736903511661487492,train_batch_12,399
2701316401652556690,train_batch_12,400
2717614523651210115,train_batch_12,401
2687191293666481753,train_batch_12,402
2674579597671902591,train_batch_12,403
2695050626653351319,train_batch_12,404
2690776459671553414,train_batch_12,405
2718019927661867463,train_batch_12,406
2698493866649524217,train_batch_12,407
2703725637673022078,train_batch_12,408
2726917087654745391,train_batch_12,409
2687707673661786088,train_batch_12,410
2688387827664072146,train_batch_12,411
2687996918647205056,train_batch_12,412
2702798777638099702,train_batch_12,413
2723513809662356047,train_batch_12,414
2671890228636694501,train_batch_12,415
2710525898653253064,train_batch_12,416
2668629751665838183,train_batch_12,417
2688834666676035749,train_batch_12,418
2716576589650172671,train_batch_12,419
2701669107639685264,train_batch_12,420
2700791103647865300,train_batch_12,421
2662338186654434496,train_batch_12,422
2672458985670271620,train_batch_12,423
2719280454657841006,train_batch_12,424
2659474353658274007,train_batch_12,425
2679600303672982238,train_batch_12,426
2686900995660013326,train_batch_12,427
2725702419656690064,train_batch_12,428
2698533873664990505,train_batch_12,429
2669807609660991602,train_batch_12,430
2700258399658880601,train_batch_12,431
2706073633645352665,train_batch_12,432
2726754022665896689,train_batch_12,433
2701466700652706155,train_batch_12,434
2665501498660314011,train_batch_12,435
2677685755655595058,train_batch_12,436
2698115724641185380,train_batch_12,437
2705974303672795281,train_batch_12,438
2695777847662241987,train_batch_12,439
2694149571642003722,train_batch_12,440
2717692977664671083,train_batch_12,441
2671468701672682961,train_batch_12,442
2696445236658683459,train_batch_12,443
2721016869662973134,train_batch_12,444
2696458995663210864,train_batch_12,445
2724135327648901444,train_batch_12,446
2707991644655423992,train_batch_12,447
2693355828662527432,train_batch_12,448
2682717383655282180,train_batch_12,449
2690668680648148160,train_batch_12,450
2685193521654272368,train_batch_12,451
2674052380633305898,train_batch_12,452
2714361835636305965,train_batch_12,453
2718888418655662731,train_batch_12,454
2704736217659080951,train_batch_12,455
2711431575636505698,train_batch_12,456
2707494614658875246,train_batch_12,457
2689957750663993996,train_batch_12,458
2712643026660903765,train_batch_12,459
2671734236659555576,train_batch_12,460
2727494515654090704,train_batch_12,461
2694037188648736295,train_batch_12,462
2722266543671411912,train_batch_12,463
2695956533662719310,train_batch_12,464
2678691248638550046,train_batch_12,465
2697153266653633491,train_batch_12,466
2709433409664402738,train_batch_12,467
2717220516648886387,train_batch_12,468
2678292301635315062,train_batch_12,469
2682003175638569459,train_batch_12,470
2693972071665976884,train_batch_12,471
2699618494654974262,train_batch_12,472
2668434490654926284,train_batch_12,473
2663032516670040682,train_batch_12,474
2685481484664089999,train_batch_12,475
2687161516667280337,train_batch_12,476
2686019921645528083,train_batch_12,477
2688219917644203715,train_batch_12,478
2700281460635739700,train_batch_12,479
2672648822665383088,train_batch_12,480
2713464527648295638,train_batch_12,481
2681406914637463968,train_batch_12,482
2712987810663743435,train_batch_12,483
2695329383653189709,train_batch_12,484
2712371426663097983,train_batch_12,485
2723935282652405219,train_batch_12,486
2699447361654965354,train_batch_12,487
2664055843656191119,train_batch_12,488
2668958127659428057,train_batch_12,489
2667286837666556877,train_batch_12,490
2709820349651510213,train_batch_12,491
2724541591672063843,train_batch_12,492
2700000535652494737,train_batch_12,493
2688842870650984397,train_batch_12,494
2686957847656906866,train_batch_12,495
2721331604656140543,train_batch_12,496
2668598384646985578,train_batch_12,497
2667141772651194266,train_batch_12,498
2678151187657618769,train_batch_12,499
2703980282634077896,train_batch_13,0
2689922506661973042,train_batch_13,1
2699465069664798415,train_batch_13,2
2715963307658035292,train_batch_13,3
2691459682651908548,train_batch_13,4
2663029872663751881,train_batch_13,5
2710095512647069101,train_batch_13,6
2702044594673974673,train_batch_13,7
2733665094653523214,train_batch_13,8
2716026320647454434,train_batch_13,9
2670029104658770801,train_batch_13,10
2660851003663023486,train_batch_13,11
2716222669662975001,train_batch_13,12
2726981595665987676,train_batch_13,13
2678262070635370291,train_batch_13,14
2672822828657512489,train_batch_13,15
2692661065652012217,train_batch_13,16
2720893357647890608,train_batch_13,17
2682554469671717533,train_batch_13,18
2698730342638036275,train_batch_13,19
2664729216651612508,train_batch_13,20
2695410604667754092,train_batch_13,21
2678014464653969953,train_batch_13,22
2700390802660392218,train_batch_13,23
2704246819659263490,train_batch_13,24
2698952008676204252,train_batch_13,25
2690264952648274672,train_batch_13,26
2686858525659230455,train_batch_13,27
2710058748652502612,train_batch_13,28
2722976183649331673,train_batch_13,29
2698996517674245709,train_batch_13,30
2707548238634162911,train_batch_13,31
2670678485663397259,train_batch_13,32
2721191308647821082,train_batch_13,33
2663738473660077694,train_batch_13,34
2679325424670240131,train_batch_13,35
2686603178653258088,train_batch_13,36
2669524717673259938,train_batch_13,37
2697140618635426420,train_batch_13,38
2670613277663479780,train_batch_13,39
2710336359657079981,train_batch_13,40
2690524132665728265,train_batch_13,41
2681296621637560200,train_batch_13,42
2732467173660863820,train_batch_13,43
2661957306668287025,train_batch_13,44
2670906979661496160,train_batch_13,45
2679600512672440313,train_batch_13,46
2721208476672929458,train_batch_13,47
2687274515649889389,train_batch_13,48
2667490694655064461,train_batch_13,49
2731664281657487804,train_batch_13,50
2715311145646410464,train_batch_13,51
2701625592660568885,train_batch_13,52
2665729135662485965,train_batch_13,53
2706633442655453629,train_batch_13,54
2676996772667248190,train_batch_13,55
2674091939663162527,train_batch_13,56
2732595377654361790,train_batch_13,57
2704276173647107831,train_batch_13,58
2685689746654644446,train_batch_13,59
2704388311655922888,train_batch_13,60
2690851335634228155,train_batch_13,61
2674672973671756535,train_batch_13,62
2681041585662645746,train_batch_13,63
2724036147658287853,train_batch_13,64
2712364906668899466,train_batch_13,65
2693521616674397410,train_batch_13,66
2661202655658420302,train_batch_13,67
2716198545638684625,train_batch_13,68
2679077611647745717,train_batch_13,69
2705001306643979659,train_batch_13,70
2696662420664440739,train_batch_13,71
2671244858655875015,train_batch_13,72
2679931067667185093,train_batch_13,73
2718638435667007206,train_batch_13,74
2708501042669878992,train_batch_13,75
2668765416657109535,train_batch_13,76
2677754009651644585,train_batch_13,77
2735536996659487053,train_batch_13,78
2699933646658701569,train_batch_13,79
2698145406660911687,train_batch_13,80
2691907380644204867,train_batch_13,81
2693074879657636670,train_batch_13,82
2709785056660754685,train_batch_13,83
2730445267653703638,train_batch_13,84
2680147084657920523,train_batch_13,85
2660446826666087634,train_batch_13,86
2719022603647950662,train_batch_13,87
2669474181662885528,train_batch_13,88
2694043452649697712,train_batch_13,89
2702859761656986888,train_batch_13,90
2686846007635906415,train_batch_13,91
2710850210655479453,train_batch_13,92
2711716523661243507,train_batch_13,93
2685282157650387940,train_batch_13,94
2671455151637392624,train_batch_13,95
2680239714663315214,train_batch_13,96
2694526075656083644,train_batch_13,97
2700624739643995022,train_batch_13,98
2688323187638447422,train_batch_13,99
2717802023662708955,train_batch_13,100
2721319709671056314,train_batch_13,101
2679630092670290745,train_batch_13,102
2711505647637172775,train_batch_13,103
2732754456654158570,train_batch_13,104
2727024913653854692,train_batch_13,105
2691623818654869359,train_batch_13,106
2705053149648903835,train_batch_13,107
2705206409661617399,train_batch_13,108
2717432923656000058,train_batch_13,109
2680099533640116798,train_batch_13,110
2695618046656516885,train_batch_13,111
2699906119656315240,train_batch_13,112
2674610543637068310,train_batch_13,113
2682418183668045682,train_batch_13,114
2683979487645423489,train_batch_13,115
2671010529662390881,train_batch_13,116
2679218939635672744,train_batch_13,117
2695688218641775341,train_batch_13,118
2661427752651558079,train_batch_13,119
2727071459661690331,train_batch_13,120
2690070190665833160,train_batch_13,121
2710809458648045300,train_batch_13,122
2679983230651992439,train_batch_13,123
2672168555672931118,train_batch_13,124
2685274954634214268,train_batch_13,125
2682264253655065560,train_batch_13,126
2700369131660665457,train_batch_13,127
2694387697671013986,train_batch_13,128
2667615853650542136,train_batch_13,129
2665291835651941665,train_batch_13,130
2684028610650128938,train_batch_13,131
2672229224672915129,train_batch_13,132
2688520997676524130,train_batch_13,133
2692276643667115853,train_batch_13,134
2737224136658802066,train_batch_13,135
2692632573639836256,train_batch_13,136
2661943301663213074,train_batch_13,137
2708430008658359385,train_batch_13,138
2696482636646324513,train_batch_13,139
2663807480631893969,train_batch_13,140
2682608017634212699,train_batch_13,141
2717893420661047013,train_batch_13,142
2700020873643953270,train_batch_13,143
2713219015658225344,train_batch_13,144
2730387890657364344,train_batch_13,145
2726444174671959705,train_batch_13,146
2672765431635840501,train_batch_13,147
2695662187638350848,train_batch_13,148
2693129323662205755,train_batch_13,149
2700844318638918338,train_batch_13,150
2678954069663290136,train_batch_13,151
2709407716666341089,train_batch_13,152
2686804717670206148,train_batch_13,153
2711263699661765333,train_batch_13,154
2684516004637323786,train_batch_13,155
2732981297668060466,train_batch_13,156
2721428544662677006,train_batch_13,157
2699380450672486267,train_batch_13,158
2664187880666081936,train_batch_13,159
2710702814654221964,train_batch_13,160
2705905785667739831,train_batch_13,161
2674590413635504141,train_batch_13,162
2682089019652619452,train_batch_13,163
2693285051656082541,train_batch_13,164
2704065729641300820,train_batch_13,165
2686762953633419023,train_batch_13,166
2688977713647099044,train_batch_13,167
2681558453669159411,train_batch_13,168
2685343268651053091,train_batch_13,169
2706833055656553148,train_batch_13,170
2679691107649150994,train_batch_13,171
2695897642677325422,train_batch_13,172
2674126291634742335,train_batch_13,173
2679679883649017104,train_batch_13,174
2660898133654566703,train_batch_13,175
2710248675673832810,train_batch_13,176
2699522188652254340,train_batch_13,177
2694376611661589855,train_batch_13,178
2685140256675736530,train_batch_13,179
2722441643648295193,train_batch_13,180
2726424378657251578,train_batch_13,181
2680463332661685587,train_batch_13,182
2705712958667396583,train_batch_13,183
2683738664662819804,train_batch_13,184
2687737433670830211,train_batch_13,185
2679038546649103723,train_batch_13,186
2699508752647606596,train_batch_13,187
2701974324647149911,train_batch_13,188
2682744006649637294,train_batch_13,189
2705991550665607849,train_batch_13,190
2718324510656018312,train_batch_13,191
2708351211654523745,train_batch_13,192
2686844638636111903,train_batch_13,193
2708742543664893064,train_batch_13,194
2692202882670906885,train_batch_13,195
2682232710654490884,train_batch_13,196
2698181018648503312,train_batch_13,197
2702224075655557005,train_batch_13,198
2702763490634912338,train_batch_13,199
2667616826655458118,train_batch_13,200
2672683562668971894,train_batch_13,201
2699610616651294946,train_batch_13,202
2668186794659692317,train_batch_13,203
2702523800640021778,train_batch_13,204
2700600795649868631,train_batch_13,205
2687901581634225919,train_batch_13,206
2661183298658435748,train_batch_13,207
2699272573647445352,train_batch_13,208
2721415277637915253,train_batch_13,209
2712719568636687642,train_batch_13,210
2704564040668245160,train_batch_13,211
2671459459667381459,train_batch_13,212
2702520967651390312,train_batch_13,213
2714727599665668532,train_batch_13,214
2672149074657409711,train_batch_13,215
2674887903646419569,train_batch_13,216
2673520860659031370,train_batch_13,217
2659768925657394058,train_batch_13,218
2721826774660224837,train_batch_13,219
2694007107666149665,train_batch_13,220
2691095379657585379,train_batch_13,221
2694535011652892066,train_batch_13,222
2709013289659947784,train_batch_13,223
2679935540672548612,train_batch_13,224
2690748336663193590,train_batch_13,225
2686424725633347337,train_batch_13,226
2692020131662113991,train_batch_13,227
2691671730635046275,train_batch_13,228
2685612375673872056,train_batch_13,229
2721114103672164020,train_batch_13,230
2661393155650473041,train_batch_13,231
2693098228668218786,train_batch_13,232
2668119261632675005,train_batch_13,233
2733179397657748599,train_batch_13,234
2674076192635931181,train_batch_13,235
2700827730664015391,train_batch_13,236
2707200352657477538,train_batch_13,237
2677277024664799646,train_batch_13,238
2698862272666530370,train_batch_13,239
2718101510668939969,train_batch_13,240
2723485174664041892,train_batch_13,241
2707558344645633760,train_batch_13,242
2718126081672440267,train_batch_13,243
2665641707653206201,train_batch_13,244
2660473192666398660,train_batch_13,245
2694450993672402396,train_batch_13,246
2697501238654809046,train_batch_13,247
2659126644656610632,train_batch_13,248
2688391453641929209,train_batch_13,249
2697289556656179892,train_batch_13,250
2672760777654657887,train_batch_13,251
2728259589657367199,train_batch_13,252
2658894079657263372,train_batch_13,253
2667017405659563058,train_batch_13,254
2726412111672471133,train_batch_13,255
2732837006664165323,train_batch_13,256
2688288618645727506,train_batch_13,257
2661032793655784764,train_batch_13,258
2705908169661441906,train_batch_13,259
2685632091651486919,train_batch_13,260
2699407033657474325,train_batch_13,261
2667088343661275505,train_batch_13,262
2720499121668371807,train_batch_13,263
2701817151634465695,train_batch_13,264
2691758314639722479,train_batch_13,265
2709568463671368243,train_batch_13,266
2670466104659224137,train_batch_13,267
2712413207659816044,train_batch_13,268
2722835568672235975,train_batch_13,269
2691728634645098018,train_batch_13,270
2716907975668911690,train_batch_13,271
2705973187674776940,train_batch_13,272
2676040762659237592,train_batch_13,273
2699020430665902792,train_batch_13,274
2667809073656315780,train_batch_13,275
2666345576661611528,train_batch_13,276
2698089585645952239,train_batch_13,277
2705299124634450198,train_batch_13,278
2690014368651455405,train_batch_13,279
2696353400636082396,train_batch_13,280
2665686952656121431,train_batch_13,281
2664360007665335744,train_batch_13,282
2712274580662021714,train_batch_13,283
2689954819634582108,train_batch_13,284
2670661351670451118,train_batch_13,285
2700555305641449907,train_batch_13,286
2722438170648455808,train_batch_13,287
2727843248662873333,train_batch_13,288
2657324484653619504,train_batch_13,289
2679534520653744989,train_batch_13,290
2704695663635441952,train_batch_13,291
2693015721655028308,train_batch_13,292
2702004510672144666,train_batch_13,293
2681095992669761081,train_batch_13,294
2675439922635206530,train_batch_13,295
2679637107646936475,train_batch_13,296
2722912327659217060,train_batch_13,297
2704924608653211788,train_batch_13,298
2726913251669538520,train_batch_13,299
2694484806668077202,train_batch_13,300
2689699401662392683,train_batch_13,301
2680470194653467645,train_batch_13,302
2675959858665815665,train_batch_13,303
2721448515669159754,train_batch_13,304
2696561176638924915,train_batch_13,305
2686662155637591420,train_batch_13,306
2679696572656735807,train_batch_13,307
2704990762649446164,train_batch_13,308
2692397812639684444,train_batch_13,309
2668294838655492934,train_batch_13,310
2676320847651527561,train_batch_13,311
2702812743674260467,train_batch_13,312
2723107399648031684,train_batch_13,313
2704173145676418810,train_batch_13,314
2665906212660133424,train_batch_13,315
2727156813653244492,train_batch_13,316
2690712906665502067,train_batch_13,317
2700921615656689434,train_batch_13,318
2674903800635476978,train_batch_13,319
2674956363658480698,train_batch_13,320
2716805130654329555,train_batch_13,321
2729755839657998291,train_batch_13,322
2688296808670535940,train_batch_13,323
2707801224646101495,train_batch_13,324
2714695104649184128,train_batch_13,325
2681777973672535548,train_batch_13,326
2707044460657549157,train_batch_13,327
2715082227661525237,train_batch_13,328
2670123258673159141,train_batch_13,329
2717088772637482729,train_batch_13,330
2671372707666653801,train_batch_13,331
2693124682657658348,train_batch_13,332
2702491714661823043,train_batch_13,333
2670643214669748984,train_batch_13,334
2682761107664859423,train_batch_13,335
2705794147637220256,train_batch_13,336
2697094047654229871,train_batch_13,337
2683924021632744393,train_batch_13,338
2691738683676133870,train_batch_13,339
2722282000652068218,train_batch_13,340
2658132315661124888,train_batch_13,341
2672668576672838054,train_batch_13,342
2690263317676296441,train_batch_13,343
2698358742637876091,train_batch_13,344
2699209768640555352,train_batch_13,345
2682342989648307242,train_batch_13,346
2730058103667764187,train_batch_13,347
2711312530657901904,train_batch_13,348
2724380446667870044,train_batch_13,349
2716101553637168920,train_batch_13,350
2669036776663427493,train_batch_13,351
2687973945654918845,train_batch_13,352
2698369093666706838,train_batch_13,353
2700363899665120670,train_batch_13,354
2717453987655498074,train_batch_13,355
2734001742656025192,train_batch_13,356
2701133931645435325,train_batch_13,357
2732734595653040625,train_batch_13,358
2687265330646459497,train_batch_13,359
2675339017647931885,train_batch_13,360
2705139769669945920,train_batch_13,361
2705294426664851141,train_batch_13,362
2694081456674849056,train_batch_13,363
2715323088655985723,train_batch_13,364
2669359631648900588,train_batch_13,365
2738255071657712108,train_batch_13,366
2696312897638204082,train_batch_13,367
2720600442667338422,train_batch_13,368
2715743673659703058,train_batch_13,369
2691733626663802657,train_batch_13,370
2716319266645307222,train_batch_13,371
2721206063652042932,train_batch_13,372
2705377979661292649,train_batch_13,373
2669304039664975699,train_batch_13,374
2675972370656858953,train_batch_13,375
2672960490667106825,train_batch_13,376
2707998693649117586,train_batch_13,377
2671163155662358719,train_batch_13,378
2675464330665172403,train_batch_13,379
2732940319659882384,train_batch_13,380
2676557753670029723,train_batch_13,381
2658810641656002651,train_batch_13,382
2666733471661644475,train_batch_13,383
2670255786647756165,train_batch_13,384
2713213865673467178,train_batch_13,385
2724861792672428568,train_batch_13,386
2699772474672970081,train_batch_13,387
2671641150633878663,train_batch_13,388
2727132742655199367,train_batch_13,389
2726326880650514015,train_batch_13,390
2708330861635665607,train_batch_13,391
2700353412635269885,train_batch_13,392
2730699236662953544,train_batch_13,393
2671971786633443489,train_batch_13,394
2679960598668073230,train_batch_13,395
2667334813655107724,train_batch_13,396
2695395081662584786,train_batch_13,397
2664586477659750865,train_batch_13,398
2701134600672077534,train_batch_13,399
2665016100631585330,train_batch_13,400
2710762402661194381,train_batch_13,401
2736793260659596472,train_batch_13,402
2683851338673938687,train_batch_13,403
2713737968665143941,train_batch_13,404
2723727997659506150,train_batch_13,405
2679615669649135344,train_batch_13,406
2712758989659255654,train_batch_13,407
2674135898672129885,train_batch_13,408
2703188449646079255,train_batch_13,409
2702112102641327089,train_batch_13,410
2702057333674810740,train_batch_13,411
2669986010652636145,train_batch_13,412
2708323859658276297,train_batch_13,413
2663799618651792513,train_batch_13,414
2720399286667000077,train_batch_13,415
2714878780649979231,train_batch_13,416
2676443628664030673,train_batch_13,417
2687429549637225292,train_batch_13,418
2698645169658813972,train_batch_13,419
2671357810660369119,train_batch_13,420
2676224534657061230,train_batch_13,421
2730259584669064027,train_batch_13,422
2712141857666516796,train_batch_13,423
2722261239674014522,train_batch_13,424
2669553399657644613,train_batch_13,425
2697000938659029103,train_batch_13,426
2699299127636001191,train_batch_13,427
2674344741669426767,train_batch_13,428
2724906788653183606,train_batch_13,429
2694768834637556563,train_batch_13,430
2680888555654256496,train_batch_13,431
2691435116666781366,train_batch_13,432
2662370535653837259,train_batch_13,433
2685654513634634998,train_batch_13,434
2699944715669294157,train_batch_13,435
2674930511668220051,train_batch_13,436
2680042677673490135,train_batch_13,437
2721484793647605822,train_batch_13,438
2685323027651345483,train_batch_13,439
2666130356658542763,train_batch_13,440
2680649562668205721,train_batch_13,441
2672976113671379760,train_batch_13,442
2713394071656262513,train_batch_13,443
2678055947673201248,train_batch_13,444
2691486798654521860,train_batch_13,445
2679175347636574719,train_batch_13,446
2665841654656856998,train_batch_13,447
2703645162657241569,train_batch_13,448
2707035550651482543,train_batch_13,449
2735589079659760425,train_batch_13,450
2664767233654220832,train_batch_13,451
2685646587633956556,train_batch_13,452
2672358364671238617,train_batch_13,453
2718134038674556691,train_batch_13,454
2702580004653946515,train_batch_13,455
2683459641644752697,train_batch_13,456
2721931557670063196,train_batch_13,457
2664992276631166766,train_batch_13,458
2679391888646698242,train_batch_13,459
2692715518646963293,train_batch_13,460
2670867085654122402,train_batch_13,461
2701762137638813009,train_batch_13,462
2714070948645074553,train_batch_13,463
2716109308650636595,train_batch_13,464
2672892550671810911,train_batch_13,465
2708586542645507665,train_batch_13,466
2666598622652262648,train_batch_13,467
2690635886649993134,train_batch_13,468
2719060647665788193,train_batch_13,469
2738443120662225120,train_batch_13,470
2697108036655570940,train_batch_13,471
2722786981669405769,train_batch_13,472
2718055262648982348,train_batch_13,473
2710654279636368292,train_batch_13,474
2714763069639196370,train_batch_13,475
2666159555650479763,train_batch_13,476
2695240293674488342,train_batch_13,477
2724332284662042509,train_batch_13,478
2694845079670805224,train_batch_13,479
2725627398656399173,train_batch_13,480
2685881875632995980,train_batch_13,481
2715460400645409077,train_batch_13,482
2689615831662273607,train_batch_13,483
2705119440650992479,train_batch_13,484
2731854862656120791,train_batch_13,485
2703273054651455014,train_batch_13,486
2666019061661034896,train_batch_13,487
2708554139659698826,train_batch_13,488
2689106365670012797,train_batch_13,489
2712115657665289727,train_batch_13,490
2694094338657798447,train_batch_13,491
2706990033648407819,train_batch_13,492
2724627586662325689,train_batch_13,493
2730264168663494651,train_batch_13,494
2726930365653404845,train_batch_13,495
2702267582654070848,train_batch_13,496
2673170938634595546,train_batch_13,497
2660827437655532719,train_batch_13,498
2696583964658931042,train_batch_13,499
2678078052653502604,train_batch_14,0
2658062125658234325,train_batch_14,1
2720912658671240825,train_batch_14,2
2715858036661438655,train_batch_14,3
2712424257648064894,train_batch_14,4
2674804183664651342,train_batch_14,5
2723045031661658427,train_batch_14,6
2663672203664685193,train_batch_14,7
2707161121639605152,train_batch_14,8
2704687005667889334,train_batch_14,9
2709936545674742093,train_batch_14,10
2712897291648397623,train_batch_14,11
2708846545656008778,train_batch_14,12
2678841583651211701,train_batch_14,13
2691990314670604850,train_batch_14,14
2671209357666556645,train_batch_14,15
2700012808674640643,train_batch_14,16
2706389767661162318,train_batch_14,17
2727643811663729727,train_batch_14,18
2686243710640954882,train_batch_14,19
2704880335649848264,train_batch_14,20
2713104851673469136,train_batch_14,21
2712241361657585509,train_batch_14,22
2705392769666986919,train_batch_14,23
2673041516648287213,train_batch_14,24
2682596781635056044,train_batch_14,25
2698581551669729246,train_batch_14,26
2703824909664745047,train_batch_14,27
2665438564652711654,train_batch_14,28
2716751976639336767,train_batch_14,29
2669191992650517575,train_batch_14,30
2691340713657591410,train_batch_14,31
2669780310648311026,train_batch_14,32
2688824773673268093,train_batch_14,33
2679025740673121410,train_batch_14,34
2699837587664697941,train_batch_14,35
2712270254672245131,train_batch_14,36
2679614609651840164,train_batch_14,37
2708537059659680584,train_batch_14,38
2692755810634548476,train_batch_14,39
2718775894654943824,train_batch_14,40
2665412952669199167,train_batch_14,41
2723519364669073100,train_batch_14,42
2679773650634182469,train_batch_14,43
2684012794674935360,train_batch_14,44
2714197813660454164,train_batch_14,45
2704031594671732968,train_batch_14,46
2688077428663904512,train_batch_14,47
2711123243665610084,train_batch_14,48
2714741229652467757,train_batch_14,49
2711327287645763312,train_batch_14,50
2663638917666771224,train_batch_14,51
2679510840663652813,train_batch_14,52
2667590187655849159,train_batch_14,53
2707105918666279906,train_batch_14,54
2661313591668441125,train_batch_14,55
2669762686665147034,train_batch_14,56
2688515996671612829,train_batch_14,57
2671353822661825256,train_batch_14,58
2706883542635000856,train_batch_14,59
2682674985667670412,train_batch_14,60
2680996018638925143,train_batch_14,61
2691147710657081040,train_batch_14,62
2678938361645014559,train_batch_14,63
2666177180666469090,train_batch_14,64
2693927662649604974,train_batch_14,65
2717625592657960452,train_batch_14,66
2726974568655596510,train_batch_14,67
2698203597655272717,train_batch_14,68
2705677813653756154,train_batch_14,69
2680015630657741450,train_batch_14,70
2699528994660361424,train_batch_14,71
2658304997664487658,train_batch_14,72
2671011251634199442,train_batch_14,73
2708895513645757290,train_batch_14,74
2713698111650206199,train_batch_14,75
2713437735669235611,train_batch_14,76
2693685705640997979,train_batch_14,77
2730814413660787216,train_batch_14,78
2723653192666046581,train_batch_14,79
2720396117669592791,train_batch_14,80
2728384383668460443,train_batch_14,81
2702429122633252964,train_batch_14,82
2720391061657955166,train_batch_14,83
2719748518654578997,train_batch_14,84
2675273195665084141,train_batch_14,85
2705171384659202553,train_batch_14,86
2697440718650726783,train_batch_14,87
2688007897648729428,train_batch_14,88
2672661767635340247,train_batch_14,89
2718510352661856657,train_batch_14,90
2707988253656536646,train_batch_14,91
2663930071662321847,train_batch_14,92
2705490132668906855,train_batch_14,93
2694745904676144962,train_batch_14,94
2704141981639448799,train_batch_14,95
2683122681655617415,train_batch_14,96
2729824901663607422,train_batch_14,97
2718577682665356269,train_batch_14,98
2658886840657325187,train_batch_14,99
2721385082657919212,train_batch_14,100
2717603441639213382,train_batch_14,101
2680585894661756976,train_batch_14,102
2693749448662011465,train_batch_14,103
2692614480657982102,train_batch_14,104
2672881526652252878,train_batch_14,105
2722829087661935520,train_batch_14,106
2667130337633935823,train_batch_14,107
2707319329660979637,train_batch_14,108
2731543680661319894,train_batch_14,109
2685652723651699711,train_batch_14,110
2701344059663677298,train_batch_14,111
2680847538646501620,train_batch_14,112
2729226417659903678,train_batch_14,113
2700861239647360851,train_batch_14,114
2702371925657950076,train_batch_14,115
2666704666651205001,train_batch_14,116
2691166700638880838,train_batch_14,117
2667622637632346129,train_batch_14,118
2687278339654746714,train_batch_14,119
2716603637636896381,train_batch_14,120
2699559471651885540,train_batch_14,121
2691765270672504285,train_batch_14,122
2702713036664527536,train_batch_14,123
2691005899670332658,train_batch_14,124
2677057880674265589,train_batch_14,125
2695619549641153253,train_batch_14,126
2659612016666685217,train_batch_14,127
2714105938665148864,train_batch_14,128
2711365673651265818,train_batch_14,129
2690583315635336076,train_batch_14,130
2682244067655020877,train_batch_14,131
2690958217674705896,train_batch_14,132
2717254873669474299,train_batch_14,133
2670888418668611402,train_batch_14,134
2684219091645859280,train_batch_14,135
2683777217639577965,train_batch_14,136
2696910831661259237,train_batch_14,137
2687943032661931400,train_batch_14,138
2702634087659176066,train_batch_14,139
2728266982661019808,train_batch_14,140
2689375289670424267,train_batch_14,141
2711089061654666750,train_batch_14,142
2707802242660119440,train_batch_14,143
2667555141656639458,train_batch_14,144
2676253905656413242,train_batch_14,145
2677067686657353363,train_batch_14,146
2706460188635257070,train_batch_14,147
2703658605636106972,train_batch_14,148
2712724830663283457,train_batch_14,149
2723298989656419001,train_batch_14,150
2694219757671295548,train_batch_14,151
2694720907670487801,train_batch_14,152
2666431029653077991,train_batch_14,153
2701344078674540758,train_batch_14,154
2698543863637909222,train_batch_14,155
2683110911652328565,train_batch_14,156
2734444056653092436,train_batch_14,157
2670511604659153065,train_batch_14,158
2701545951646897433,train_batch_14,159
2706556979674943301,train_batch_14,160
2693698454641859314,train_batch_14,161
2700480853646439169,train_batch_14,162
2711867974658441518,train_batch_14,163
2681104035668501750,train_batch_14,164
2702218676648133975,train_batch_14,165
2687813584655068365,train_batch_14,166
2715767198646002534,train_batch_14,167
2705602743669853181,train_batch_14,168
2713205058659750663,train_batch_14,169
2721084313651591624,train_batch_14,170
2714271006667390884,train_batch_14,171
2681855575634815593,train_batch_14,172
2699187121674143025,train_batch_14,173
2679477027661440298,train_batch_14,174
2728202826655272111,train_batch_14,175
2706537209666437521,train_batch_14,176
2709992080651984327,train_batch_14,177
2696033033653409562,train_batch_14,178
2715495529650946872,train_batch_14,179
2676012475669955120,train_batch_14,180
2676766702655038452,train_batch_14,181
2702500194636708401,train_batch_14,182
2669674971634539359,train_batch_14,183
2703683216640404620,train_batch_14,184
2684446713647745773,train_batch_14,185
2705601971675244517,train_batch_14,186
2676791505650296774,train_batch_14,187
2668799996634565704,train_batch_14,188
2670209898659315251,train_batch_14,189
2679259114639532362,train_batch_14,190
2705100492676044986,train_batch_14,191
2678959352674409355,train_batch_14,192
2728797462651523611,train_batch_14,193
2712679513636609526,train_batch_14,194
2706997364661508998,train_batch_14,195
2669771516667836793,train_batch_14,196
2674249172665573821,train_batch_14,197
2670431686633408535,train_batch_14,198
2681983768665649723,train_batch_14,199
2735563151666023959,train_batch_14,200
2691036145641136168,train_batch_14,201
2677429849655137982,train_batch_14,202
2705811561650466820,train_batch_14,203
2659113093656752167,train_batch_14,204
2707276936638239243,train_batch_14,205
2692605383657138279,train_batch_14,206
2705642278662999701,train_batch_14,207
2704734076641750682,train_batch_14,208
2666799826661309009,train_batch_14,209
2669952015648906169,train_batch_14,210
2662950402654768220,train_batch_14,211
2691605913651760119,train_batch_14,212
2665324980660166931,train_batch_14,213
2677055074648454618,train_batch_14,214
2700852737647468831,train_batch_14,215
2695323211664074842,train_batch_14,216
2664564044667609827,train_batch_14,217
2665403429657810409,train_batch_14,218
2729767920662048535,train_batch_14,219
2709600266648394399,train_batch_14,220
2717356663648850004,train_batch_14,221
2698116137639322608,train_batch_14,222
2703215024643449892,train_batch_14,223
2697129938672939600,train_batch_14,224
2720525079669687408,train_batch_14,225
2706129637659976310,train_batch_14,226
2661351915657107993,train_batch_14,227
2727164241653300243,train_batch_14,228
2710600239649247957,train_batch_14,229
2680681415669234943,train_batch_14,230
2687877714665663920,train_batch_14,231
2688948149654838185,train_batch_14,232
2686214744667464709,train_batch_14,233
2676059315665445647,train_batch_14,234
2671063041657249785,train_batch_14,235
2710280661657617925,train_batch_14,236
2679636183636276743,train_batch_14,237
2714099093659158411,train_batch_14,238
2661594182666101191,train_batch_14,239
2714099602671661541,train_batch_14,240
2717937750650147910,train_batch_14,241
2732824424657112462,train_batch_14,242
2675511532652974156,train_batch_14,243
2682493511636482983,train_batch_14,244
2690666515648268601,train_batch_14,245
2726470203670151363,train_batch_14,246
2677962480654029052,train_batch_14,247
2724452930650846657,train_batch_14,248
2677329717647655497,train_batch_14,249
2661278896658614817,train_batch_14,250
2735653775657542716,train_batch_14,251
2720338836662207184,train_batch_14,252
2661677453658469629,train_batch_14,253
2688161402647005515,train_batch_14,254
2721267786671231954,train_batch_14,255
2693515468667101414,train_batch_14,256
2728619272668710752,train_batch_14,257
2681843788653747315,train_batch_14,258
2714414230652219885,train_batch_14,259
2702082970639148397,train_batch_14,260
2697752433648568138,train_batch_14,261
2717984474645611585,train_batch_14,262
2692023138640186130,train_batch_14,263
2715984864652255084,train_batch_14,264
2708340307669882727,train_batch_14,265
2716066812660733772,train_batch_14,266
2705512238661230354,train_batch_14,267
2669588987654900618,train_batch_14,268
2694901001640465109,train_batch_14,269
2686742783651861305,train_batch_14,270
2657693344655376414,train_batch_14,271
2705095701646282996,train_batch_14,272
2689536555655172332,train_batch_14,273
2668512465649945070,train_batch_14,274
2723949096654973147,train_batch_14,275
2705971891634012319,train_batch_14,276
2669679409635724124,train_batch_14,277
2669134574659770632,train_batch_14,278
2729603817663131207,train_batch_14,279
2681468402654641231,train_batch_14,280
2669407085651721090,train_batch_14,281
2718267309658288604,train_batch_14,282
2670546597659076183,train_batch_14,283
2684583556660008035,train_batch_14,284
2686431127637669844,train_batch_14,285
2721679941673338163,train_batch_14,286
2705817107663557064,train_batch_14,287
2700613462640975448,train_batch_14,288
2707975453664044171,train_batch_14,289
2706843807638598411,train_batch_14,290
2659681147656668720,train_batch_14,291
2686674910660382088,train_batch_14,292
2693260923644076140,train_batch_14,293
2725793830660709366,train_batch_14,294
2712294956669008151,train_batch_14,295
2690900381646964599,train_batch_14,296
2667464363661478198,train_batch_14,297
2707210034670700159,train_batch_14,298
2679431103667186159,train_batch_14,299
2662558841662951494,train_batch_14,300
2665210752648122654,train_batch_14,301
2685161888661474717,train_batch_14,302
2727596603658912674,train_batch_14,303
2712522479658775286,train_batch_14,304
2673068411670870357,train_batch_14,305
2675988547665245893,train_batch_14,306
2695361370651695077,train_batch_14,307
2683172699635212408,train_batch_14,308
2703240039633179862,train_batch_14,309
2692542102657310239,train_batch_14,310
2688807114645606932,train_batch_14,311
2702340578652003342,train_batch_14,312
2671728632650451740,train_batch_14,313
2686479918671880936,train_batch_14,314
2714968469658937953,train_batch_14,315
2684536610667964165,train_batch_14,316
2718545580660410461,train_batch_14,317
2712450767655827264,train_batch_14,318
2717528523647788785,train_batch_14,319
2664860250659861218,train_batch_14,320
2698323681635737639,train_batch_14,321
2726223068649878282,train_batch_14,322
2689759472639390870,train_batch_14,323
2683909356639207141,train_batch_14,324
2720549322653390240,train_batch_14,325
2701167192654021004,train_batch_14,326
2728459078655819445,train_batch_14,327
2707576687659918224,train_batch_14,328
2676087129662785441,train_batch_14,329
2718359831664005364,train_batch_14,330
2686273592632552912,train_batch_14,331
2676282965659667729,train_batch_14,332
2717337182663435831,train_batch_14,333
2694659111668558628,train_batch_14,334
2714323743663115882,train_batch_14,335
2676356011663368469,train_batch_14,336
2711507011664519107,train_batch_14,337
2667731849634736257,train_batch_14,338
2728762008667947236,train_batch_14,339
2729151176655508081,train_batch_14,340
2710436429661245399,train_batch_14,341
2694738401668394323,train_batch_14,342
2670536688632799764,train_batch_14,343
2718952615653463823,train_batch_14,344
2705250971644873603,train_batch_14,345
2686261759632820414,train_batch_14,346
2671718778671637752,train_batch_14,347
2680362636653328628,train_batch_14,348
2666347987654464254,train_batch_14,349
2699889300655087547,train_batch_14,350
2728872666653721418,train_batch_14,351
2680372255636132621,train_batch_14,352
2664099041652014761,train_batch_14,353
2701529343674758045,train_batch_14,354
2691427778655978956,train_batch_14,355
2665283948670605096,train_batch_14,356
2700813307675236886,train_batch_14,357
2659725325666308452,train_batch_14,358
2697922705674743917,train_batch_14,359
2688569325664297397,train_batch_14,360
2670801509633170057,train_batch_14,361
2681159638638845001,train_batch_14,362
2721952913649605833,train_batch_14,363
2699703197650482036,train_batch_14,364
2696649318637928153,train_batch_14,365
2712699997660935514,train_batch_14,366
2710705750648387035,train_batch_14,367
2710262759660100671,train_batch_14,368
2674585189659467343,train_batch_14,369
2680414022652794407,train_batch_14,370
2719775823660873983,train_batch_14,371
2673910031655906864,train_batch_14,372
2672941084658861056,train_batch_14,373
2666701091631346220,train_batch_14,374
2688707258652531231,train_batch_14,375
2669004430659620515,train_batch_14,376
2682346322653101978,train_batch_14,377
2688590757676190613,train_batch_14,378
2714921376649127352,train_batch_14,379
2692439007665167040,train_batch_14,380
2676087042668627685,train_batch_14,381
2679206005664783200,train_batch_14,382
2725497014655491600,train_batch_14,383
2690174975647592456,train_batch_14,384
2679023289653198935,train_batch_14,385
2720662389654171889,train_batch_14,386
2706019775650988878,train_batch_14,387
2694311831650446108,train_batch_14,388
2691701864645304666,train_batch_14,389
2721218504667293670,train_batch_14,390
2662676552655356857,train_batch_14,391
2667574291631802876,train_batch_14,392
2672272637648163032,train_batch_14,393
2687034610650451483,train_batch_14,394
2731065593664029300,train_batch_14,395
2689412652665133066,train_batch_14,396
2694084737672967742,train_batch_14,397
2707660423675335662,train_batch_14,398
2717351755636766098,train_batch_14,399
2667596776654189724,train_batch_14,400
2723423154659637977,train_batch_14,401
2693355938648830726,train_batch_14,402
2665954025656625435,train_batch_14,403
2723799077649858513,train_batch_14,404
2687935178637207968,train_batch_14,405
2700984191676267077,train_batch_14,406
2690886402667620874,train_batch_14,407
2672854866673354766,train_batch_14,408
2731771683658697545,train_batch_14,409
2684332087665598705,train_batch_14,410
2693072907664850294,train_batch_14,411
2717817009670753117,train_batch_14,412
2679287719638410823,train_batch_14,413
2688647159654235638,train_batch_14,414
2724178643651154085,train_batch_14,415
2709783779644612626,train_batch_14,416
2708069381634604986,train_batch_14,417
2679275083645955969,train_batch_14,418
2674646239662511801,train_batch_14,419
2700993108662588905,train_batch_14,420
2722228764659118046,train_batch_14,421
2670453829633722873,train_batch_14,422
2720465301649592233,train_batch_14,423
2680258087652218371,train_batch_14,424
2685228071662248493,train_batch_14,425
2697852792663059067,train_batch_14,426
2676589296671784469,train_batch_14,427
2693845563656141711,train_batch_14,428
2674216417652967381,train_batch_14,429
2694110302659856234,train_batch_14,430
2682518899650423259,train_batch_14,431
2722235704671263909,train_batch_14,432
2667836475665965178,train_batch_14,433
2711344113664754583,train_batch_14,434
2734391453654293228,train_batch_14,435
2684994583664816031,train_batch_14,436
2709118896638245579,train_batch_14,437
2706684167658383534,train_batch_14,438
2666900438670877455,train_batch_14,439
2682059758632600537,train_batch_14,440
2677714056647259412,train_batch_14,441
2683071841663513847,train_batch_14,442
2692931648658737027,train_batch_14,443
2704230134647192120,train_batch_14,444
2712308875662626614,train_batch_14,445
2734134086664300017,train_batch_14,446
2689812817638386507,train_batch_14,447
2709432656649767904,train_batch_14,448
2692562959654251692,train_batch_14,449
2719103484668780167,train_batch_14,450
2673372831668013718,train_batch_14,451
2675169511654726593,train_batch_14,452
2663566327670480222,train_batch_14,453
2668524203648279301,train_batch_14,454
2677327667663639502,train_batch_14,455
2715334270674047559,train_batch_14,456
2708590114661061134,train_batch_14,457
2701586879664494552,train_batch_14,458
2714425553663157320,train_batch_14,459
2691952312637493592,train_batch_14,460
2676470460662667170,train_batch_14,461
2732105879659789771,train_batch_14,462
2681394518672339862,train_batch_14,463
2701376356673011175,train_batch_14,464
2695992135675699027,train_batch_14,465
2677876226673704838,train_batch_14,466
2707669015648962056,train_batch_14,467
2722954004659237339,train_batch_14,468
2674827041648649396,train_batch_14,469
2687635861665056569,train_batch_14,470
2684234945653771240,train_batch_14,471
2667946659631739053,train_batch_14,472
2676613436634204899,train_batch_14,473
2696157655646881602,train_batch_14,474
2708748256654463303,train_batch_14,475
2691963631666396918,train_batch_14,476
2687445684653406348,train_batch_14,477
2664101602655811692,train_batch_14,478
2688601332653764961,train_batch_14,479
2672267948634742402,train_batch_14,480
2685993615658845135,train_batch_14,481
2720822326667571703,train_batch_14,482
2692923918655563116,train_batch_14,483
2712923250673089390,train_batch_14,484
2677793206671096756,train_batch_14,485
2711009591673871569,train_batch_14,486
2681810459635988395,train_batch_14,487
2687158832645698910,train_batch_14,488
2720561301647298847,train_batch_14,489
2657997044657043647,train_batch_14,490
2726999381655460115,train_batch_14,491
2718611937657648601,train_batch_14,492
2695021447638599167,train_batch_14,493
2667584200666327083,train_batch_14,494
2714743985644874037,train_batch_14,495
2719141256652119539,train_batch_14,496
2666057909653999639,train_batch_14,497
2677714017673764012,train_batch_14,498
2697937644654085633,train_batch_14,499
2665588065632974457,train_batch_15,0
2659378778663774886,train_batch_15,1
2722627994665579009,train_batch_15,2
2719318458668530042,train_batch_15,3
2701001408660380378,train_batch_15,4
2682389937637496417,train_batch_15,5
2715730954639356986,train_batch_15,6
2674951860645687408,train_batch_15,7
2709222780649129539,train_batch_15,8
2737396885660117555,train_batch_15,9
2715852856656631482,train_batch_15,10
2681731604658597550,train_batch_15,11
2710719351656982068,train_batch_15,12
2691039504643504880,train_batch_15,13
2701623228661227372,train_batch_15,14
2718056096651441060,train_batch_15,15
2698674090677716163,train_batch_15,16
2703921198672856485,train_batch_15,17
2674438317647033688,train_batch_15,18
2687181513649531806,train_batch_15,19
2684199017661630218,train_batch_15,20
2723380222651031070,train_batch_15,21
2672808348653946421,train_batch_15,22
2706854406655581356,train_batch_15,23
2680536793647909879,train_batch_15,24
2697102045662686969,train_batch_15,25
2725306164659379533,train_batch_15,26
2671539222646880299,train_batch_15,27
2678841994645936167,train_batch_15,28
2713174804656971992,train_batch_15,29
2670378916665722876,train_batch_15,30
2715080051649883718,train_batch_15,31
2720868711658332984,train_batch_15,32
2716198033651001628,train_batch_15,33
2687351133664656773,train_batch_15,34
2699797206637393088,train_batch_15,35
2681929609667990373,train_batch_15,36
2666699389658766801,train_batch_15,37
2705317980656740841,train_batch_15,38
2691440206637151369,train_batch_15,39
2720938813650505724,train_batch_15,40
2700330359667928347,train_batch_15,41
2659342406655824276,train_batch_15,42
2659872799666371332,train_batch_15,43
2690428433663647358,train_batch_15,44
2679534555639279480,train_batch_15,45
2733932728662038432,train_batch_15,46
2683991590636685000,train_batch_15,47
2712663292646646818,train_batch_15,48
2695184978643366090,train_batch_15,49
2667440822667466062,train_batch_15,50
2701122359669084474,train_batch_15,51
2675773156650292056,train_batch_15,52
2696573393648101415,train_batch_15,53
2675240626646404610,train_batch_15,54
2724114259654649754,train_batch_15,55
2680853040644737889,train_batch_15,56
2688874607651780157,train_batch_15,57
2689279408647398757,train_batch_15,58
2674410897662651519,train_batch_15,59
2680974353650753683,train_batch_15,60
2681171772645073230,train_batch_15,61
2662006676658104856,train_batch_15,62
2694504595642148171,train_batch_15,63
2683753536656511473,train_batch_15,64
2665268607632246492,train_batch_15,65
2661918067664873788,train_batch_15,66
2690690220635096005,train_batch_15,67
2673666380635645196,train_batch_15,68
2679013586639676754,train_batch_15,69
2686248361663201184,train_batch_15,70
2708139459673099096,train_batch_15,71
2721351344638383833,train_batch_15,72
2692044187665016792,train_batch_15,73
2706062991638223170,train_batch_15,74
2720396535637932135,train_batch_15,75
2729781387669426808,train_batch_15,76
2688264972651594504,train_batch_15,77
2663871694654698814,train_batch_15,78
2673708212652852387,train_batch_15,79
2657702999658959092,train_batch_15,80
2708121396650174733,train_batch_15,81
2676974034652917986,train_batch_15,82
2723677801671221209,train_batch_15,83
2704039455653512663,train_batch_15,84
2723974944650690656,train_batch_15,85
2705604091660320463,train_batch_15,86
2716420805659826587,train_batch_15,87
2731218627659130538,train_batch_15,88
2687977919676306711,train_batch_15,89
2706002061637553397,train_batch_15,90
2700422255657045938,train_batch_15,91
2670251092635940903,train_batch_15,92
2666056181654058595,train_batch_15,93
2727977046670912662,train_batch_15,94
2718084649663001934,train_batch_15,95
2698312200663712947,train_batch_15,96
2675347305663085752,train_batch_15,97
2702320880660371777,train_batch_15,98
2676224023658713103,train_batch_15,99
2682727064637148755,train_batch_15,100
2673913653666553246,train_batch_15,101
2678241834647783359,train_batch_15,102
2697652838638708410,train_batch_15,103
2696145498664837842,train_batch_15,104
2714827589670228205,train_batch_15,105
2678959984672398788,train_batch_15,106
2703147567672189378,train_batch_15,107
2705738691660159984,train_batch_15,108
2704650743648616244,train_batch_15,109
2677440060654613027,train_batch_15,110
2670608143671256516,train_batch_15,111
2730286893661400465,train_batch_15,112
2726553930666731343,train_batch_15,113
2685368143646349450,train_batch_15,114
2723958644656416961,train_batch_15,115
2685001486670927148,train_batch_15,116
2690323683673290282,train_batch_15,117
2668800792654023216,train_batch_15,118
2733143731654461725,train_batch_15,119
2664212933652182256,train_batch_15,120
2702291803669124646,train_batch_15,121
2711662897659805879,train_batch_15,122
2665457971655727562,train_batch_15,123
2676784821636375978,train_batch_15,124
2696859729652555757,train_batch_15,125
2689439403647284251,train_batch_15,126
2675094379636568632,train_batch_15,127
2688485682663791683,train_batch_15,128
2695545023646764521,train_batch_15,129
2711877797656524990,train_batch_15,130
2708992383674490926,train_batch_15,131
2698264808670707309,train_batch_15,132
2655516433661713839,train_batch_15,133
2704287024670658338,train_batch_15,134
2719039054648136744,train_batch_15,135
2688764963644737674,train_batch_15,136
2663226039664730995,train_batch_15,137
2726959289650077408,train_batch_15,138
2697401493668253598,train_batch_15,139
2720196962660463953,train_batch_15,140
2690390045634014236,train_batch_15,141
2722470157661379639,train_batch_15,142
2718849263664403165,train_batch_15,143
2700185322647828570,train_batch_15,144
2677307358665900509,train_batch_15,145
2688420834635223484,train_batch_15,146
2689784423641565370,train_batch_15,147
2706763953647106517,train_batch_15,148
2673686696646498274,train_batch_15,149
2673718735671127783,train_batch_15,150
2716256664637970945,train_batch_15,151
2698211693657797130,train_batch_15,152
2673839730637125383,train_batch_15,153
2707224160671594914,train_batch_15,154
2728153628662358766,train_batch_15,155
2702204450635156353,train_batch_15,156
2671540090634246409,train_batch_15,157
2726257432669420327,train_batch_15,158
2729422492669693023,train_batch_15,159
2724760226669942001,train_batch_15,160
2684226655637556045,train_batch_15,161
2710656398651455135,train_batch_15,162
2684500354646724402,train_batch_15,163
2664147209662548163,train_batch_15,164
2681596349654045216,train_batch_15,165
2728466105651775736,train_batch_15,166
2679066167664517122,train_batch_15,167
2691697527639235052,train_batch_15,168
2718709273663830380,train_batch_15,169
2703683313673324510,train_batch_15,170
2727638120668254320,train_batch_15,171
2693602043650784855,train_batch_15,172
2679382774657477325,train_batch_15,173
2708242584649049976,train_batch_15,174
2722327622659552410,train_batch_15,175
2701582765634964915,train_batch_15,176
2691849681646492755,train_batch_15,177
2708641488637491446,train_batch_15,178
2701822098668897403,train_batch_15,179
2678627990659570186,train_batch_15,180
2711946984645829212,train_batch_15,181
2670122822652811740,train_batch_15,182
2718957987667340136,train_batch_15,183
2689702917644426903,train_batch_15,184
2678359879653574159,train_batch_15,185
2670073409660307949,train_batch_15,186
2659725769654593376,train_batch_15,187
2700483330653355558,train_batch_15,188
2706264680634026420,train_batch_15,189
2719741658654189324,train_batch_15,190
2729350652669371190,train_batch_15,191
2685944565632444559,train_batch_15,192
2706467327674497758,train_batch_15,193
2684064613651348388,train_batch_15,194
2674206729658849837,train_batch_15,195
2681415633637647914,train_batch_15,196
2683934832656982020,train_batch_15,197
2686651929636712154,train_batch_15,198
2713220464664123480,train_batch_15,199
2660437665661876857,train_batch_15,200
2726013584671741521,train_batch_15,201
2706259335667614553,train_batch_15,202
2692213303670951061,train_batch_15,203
2713800193671033043,train_batch_15,204
2735159918664595524,train_batch_15,205
2700993775662611284,train_batch_15,206
2708885992671012928,train_batch_15,207
2699285561651201518,train_batch_15,208
2684678748650549001,train_batch_15,209
2708880241652947694,train_batch_15,210
2717129469646405938,train_batch_15,211
2723048779670502617,train_batch_15,212
2677924842670770664,train_batch_15,213
2737161736660141139,train_batch_15,214
2677072013657268680,train_batch_15,215
2698037684672773985,train_batch_15,216
2687029691669883119,train_batch_15,217
2695612316673247530,train_batch_15,218
2687653684663722793,train_batch_15,219
2681957695636682923,train_batch_15,220
2724377110666888083,train_batch_15,221
2659181802667372776,train_batch_15,222
2710414335649589631,train_batch_15,223
2672405026659464925,train_batch_15,224
2693237700655386236,train_batch_15,225
2704184223652603110,train_batch_15,226
2729038167671288557,train_batch_15,227
2712262859648790197,train_batch_15,228
2728234036656693255,train_batch_15,229
2735076637667255212,train_batch_15,230
2699438258653520225,train_batch_15,231
2692918419675063679,train_batch_15,232
2682994655651218859,train_batch_15,233
2700148728669194709,train_batch_15,234
2681399106660804231,train_batch_15,235
2719017015663875028,train_batch_15,236
2724972062654404682,train_batch_15,237
2712613791653561648,train_batch_15,238
2682122817638867950,train_batch_15,239
2663727259669014768,train_batch_15,240
2724218903650665871,train_batch_15,241
2707432325658747731,train_batch_15,242
2684996690664068570,train_batch_15,243
2724710920669485977,train_batch_15,244
2669503789663501861,train_batch_15,245
2691858665670012012,train_batch_15,246
2674287489652505224,train_batch_15,247
2669704366649975332,train_batch_15,248
2674578767671349583,train_batch_15,249
2692484295638949139,train_batch_15,250
2697264443659373971,train_batch_15,251
2689346972659918640,train_batch_15,252
2658278394655121787,train_batch_15,253
2725494339663171596,train_batch_15,254
2716350676647237629,train_batch_15,255
2720998758659553362,train_batch_15,256
2673789436636680222,train_batch_15,257
2666294165654116207,train_batch_15,258
2658967295653803798,train_batch_15,259
2692505255664291719,train_batch_15,260
2710632767663181085,train_batch_15,261
2692718433645414793,train_batch_15,262
2674970976657060288,train_batch_15,263
2667202283667393301,train_batch_15,264
2688906387650280894,train_batch_15,265
2703430606635081661,train_batch_15,266
2699647024655296888,train_batch_15,267
2712420166638526088,train_batch_15,268
2689655558670120155,train_batch_15,269
2679483740672147793,train_batch_15,270
2704937134666347547,train_batch_15,271
2721752655671789180,train_batch_15,272
2698577226658462751,train_batch_15,273
2678203302638582173,train_batch_15,274
2722450420674190995,train_batch_15,275
2672609205636165148,train_batch_15,276
2671912774672549406,train_batch_15,277
2659790025652564779,train_batch_15,278
2684513222657605473,train_batch_15,279
2664954654665811682,train_batch_15,280
2674125830653446443,train_batch_15,281
2660442179667003092,train_batch_15,282
2671425486661106579,train_batch_15,283
2713771467637801106,train_batch_15,284
2722395225664715282,train_batch_15,285
2664063015661369895,train_batch_15,286
2700908632676149745,train_batch_15,287
2684716442658424285,train_batch_15,288
2669436894654156959,train_batch_15,289
2694788566674932481,train_batch_15,290
2697976606669455022,train_batch_15,291
2675885607638936623,train_batch_15,292
2700501329639118913,train_batch_15,293
2693732670652973173,train_batch_15,294
2676663004669597774,train_batch_15,295
2696761188636272723,train_batch_15,296
2705782781661495120,train_batch_15,297
2684135885657428638,train_batch_15,298
2713466879671570208,train_batch_15,299
2698030821673847417,train_batch_15,300
2692287309654807977,train_batch_15,301
2707170844654263813,train_batch_15,302
2695909226662297578,train_batch_15,303
2657880097655274291,train_batch_15,304
2714139984647742644,train_batch_15,305
2714375129664980085,train_batch_15,306
2726265020648302478,train_batch_15,307
2709483033657743642,train_batch_15,308
2721924760670691170,train_batch_15,309
2664279872662773079,train_batch_15,310
2671312449656121221,train_batch_15,311
2700215881647771026,train_batch_15,312
2685630647635773119,train_batch_15,313
2711524977665132471,train_batch_15,314
2678346265664754773,train_batch_15,315
2716932119665904725,train_batch_15,316
2716006426656662730,train_batch_15,317
2676594179668442439,train_batch_15,318
2670501723662473707,train_batch_15,319
2683034360661899265,train_batch_15,320
2704086639634757419,train_batch_15,321
2675226990646984013,train_batch_15,322
2679880791673178068,train_batch_15,323
2686365052633529249,train_batch_15,324
2720041142672521741,train_batch_15,325
2696853109657707310,train_batch_15,326
2695739842671763215,train_batch_15,327
2725847989652229698,train_batch_15,328
2692076377651896882,train_batch_15,329
2662907336659377043,train_batch_15,330
2699411711658647349,train_batch_15,331
2664359888656139424,train_batch_15,332
2663761326630989450,train_batch_15,333
2704933820650526527,train_batch_15,334
2666201676649579268,train_batch_15,335
2665313939661879649,train_batch_15,336
2671042416671944381,train_batch_15,337
2695022360658060528,train_batch_15,338
2685508518644714324,train_batch_15,339
2681344726633539240,train_batch_15,340
2728866020670681091,train_batch_15,341
2668079231652193244,train_batch_15,342
2707235699657848236,train_batch_15,343
2668905007654904166,train_batch_15,344
2717609002671928810,train_batch_15,345
2669399194655417791,train_batch_15,346
2669025467660431663,train_batch_15,347
2708315561658186207,train_batch_15,348
2731065848658757007,train_batch_15,349
2667940811667567874,train_batch_15,350
2679364743651825544,train_batch_15,351
2684416186652108649,train_batch_15,352
2697713476669507574,train_batch_15,353
2709445991653474569,train_batch_15,354
2684400838636141039,train_batch_15,355
2672668723660960634,train_batch_15,356
2726195175671217642,train_batch_15,357
2686336225657790879,train_batch_15,358
2722107569659206045,train_batch_15,359
2687261887658017136,train_batch_15,360
2684764590639842531,train_batch_15,361
2685000158663746776,train_batch_15,362
2666895243657004138,train_batch_15,363
2698095165663786798,train_batch_15,364
2706852971658146560,train_batch_15,365
2705580848661846594,train_batch_15,366
2679805431650870742,train_batch_15,367
2706112434647673166,train_batch_15,368
2707444564672003885,train_batch_15,369
2673015095655831772,train_batch_15,370
2680388854652085915,train_batch_15,371
2665279731663187439,train_batch_15,372
2675421137667993250,train_batch_15,373
2697091531674826122,train_batch_15,374
2715857970659765843,train_batch_15,375
2716570192672535539,train_batch_15,376
2719413975653335196,train_batch_15,377
2718921743655002289,train_batch_15,378
2668089882632709549,train_batch_15,379
2721835393657024556,train_batch_15,380
2670076474649702910,train_batch_15,381
2706844735658707457,train_batch_15,382
2671534803661464117,train_batch_15,383
2670284708665535657,train_batch_15,384
2661915890652014333,train_batch_15,385
2684004876658888531,train_batch_15,386
2685522311672581181,train_batch_15,387
2698163308654039943,train_batch_15,388
2715701560655049037,train_batch_15,389
2692876304656903932,train_batch_15,390
2671502525670456152,train_batch_15,391
2695851248673473752,train_batch_15,392
2670715753670311887,train_batch_15,393
2658254508655891648,train_batch_15,394
2693863304655645906,train_batch_15,395
2693763299644913243,train_batch_15,396
2665051587653793761,train_batch_15,397
2712777196650088184,train_batch_15,398
2681437236637553293,train_batch_15,399
2698633578670498806,train_batch_15,400
2688917861635534917,train_batch_15,401
2680313121650420576,train_batch_15,402
2714440509662036835,train_batch_15,403
2722110427652477044,train_batch_15,404
2670251665654164781,train_batch_15,405
2667620430631327510,train_batch_15,406
2699618476671380002,train_batch_15,407
2675559836653624044,train_batch_15,408
2711856680663514683,train_batch_15,409
2690148648672489669,train_batch_15,410
2712777016667173227,train_batch_15,411
2674030233655710210,train_batch_15,412
2701555176675500610,train_batch_15,413
2712324386651679699,train_batch_15,414
2672454430655362244,train_batch_15,415
2709287030636582679,train_batch_15,416
2717980483662970553,train_batch_15,417
2680634036656743084,train_batch_15,418
2717760800673256275,train_batch_15,419
2679185139662952633,train_batch_15,420
2733772626663663742,train_batch_15,421
2718727660667909448,train_batch_15,422
2729424708652506942,train_batch_15,423
2677936637665875685,train_batch_15,424
2671962829655870489,train_batch_15,425
2673807570669221087,train_batch_15,426
2689082026664562573,train_batch_15,427
2668871017659644319,train_batch_15,428
2717184691657716633,train_batch_15,429
2719723393648528060,train_batch_15,430
2689701365641365394,train_batch_15,431
2687529280661380351,train_batch_15,432
2687043064648842622,train_batch_15,433
2698272974651263608,train_batch_15,434
2726363532650624234,train_batch_15,435
2693195881664479651,train_batch_15,436
2711279170635515840,train_batch_15,437
2709728336657922781,train_batch_15,438
2671012874655055024,train_batch_15,439
2702493350652606357,train_batch_15,440
2695536541655859373,train_batch_15,441
2663080135653366484,train_batch_15,442
2689062252634593857,train_batch_15,443
2710753109637631834,train_batch_15,444
2724152824651541608,train_batch_15,445
2715385232659638595,train_batch_15,446
2708894408661875626,train_batch_15,447
2702767437633840986,train_batch_15,448
2681724326647183166,train_batch_15,449
2674513725664101780,train_batch_15,450
2690414776650639879,train_batch_15,451
2688129984655985388,train_batch_15,452
2723690146656419925,train_batch_15,453
2690729172663127407,train_batch_15,454
2683608063650533840,train_batch_15,455
2695163145653018880,train_batch_15,456
2722031836672348839,train_batch_15,457
2731054655652451655,train_batch_15,458
2689916091650629722,train_batch_15,459
2703341644652986321,train_batch_15,460
2673060765653073839,train_batch_15,461
2678867376658701989,train_batch_15,462
2690221820646486261,train_batch_15,463
2699294584642002283,train_batch_15,464
2695997402652767894,train_batch_15,465
2708064720638491511,train_batch_15,466
2703025405671440727,train_batch_15,467
2723089216671147809,train_batch_15,468
2689823630666870359,train_batch_15,469
2683440477639980434,train_batch_15,470
2656391604658981682,train_batch_15,471
2677966026654701179,train_batch_15,472
2679576107654624239,train_batch_15,473
2657559984660674597,train_batch_15,474
2734892155668125944,train_batch_15,475
2665406152660274583,train_batch_15,476
2689524831652309838,train_batch_15,477
2693485438644220328,train_batch_15,478
2692599888649050458,train_batch_15,479
2688616380651385417,train_batch_15,480
2699496541645532439,train_batch_15,481
2676237071672396520,train_batch_15,482
2675372862650849842,train_batch_15,483
2668396361670212085,train_batch_15,484
2659034786665588834,train_batch_15,485
2704998587676370333,train_batch_15,486
2676343166635497105,train_batch_15,487
2684852367676129326,train_batch_15,488
2658662368660275505,train_batch_15,489
2697315771676494464,train_batch_15,490
2720393084637841568,train_batch_15,491
2682212876637704533,train_batch_15,492
2682393446639646144,train_batch_15,493
2682786136638169284,train_batch_15,494
2696557088650147297,train_batch_15,495
2710559016637244135,train_batch_15,496
2676660273655414952,train_batch_15,497
2680048830672384804,train_batch_15,498
2681473622644797165,train_batch_15,499
2707830062658335156,train_batch_16,0
2719587271651103995,train_batch_16,1
2703283574673986028,train_batch_16,2
2662595040655296814,train_batch_16,3
2693604075657792792,train_batch_16,4
2678758106649970066,train_batch_16,5
2693580821663122278,train_batch_16,6
2722839955656984370,train_batch_16,7
2684194219669670092,train_batch_16,8
2678453797648332353,train_batch_16,9
2674527406633798463,train_batch_16,10
2699952162665290387,train_batch_16,11
2709780664657856533,train_batch_16,12
2670449222661685361,train_batch_16,13
2666104806654821768,train_batch_16,14
2662051867654182123,train_batch_16,15
2690193952675821913,train_batch_16,16
2668637043632336551,train_batch_16,17
2672179453666306377,train_batch_16,18
2724685771647352749,train_batch_16,19
2697156347646956672,train_batch_16,20
2666058208664417677,train_batch_16,21
2692739152650786380,train_batch_16,22
2684239147650046125,train_batch_16,23
2679475124651257441,train_batch_16,24
2675464807650289387,train_batch_16,25
2692108109673669183,train_batch_16,26
2711277490645960170,train_batch_16,27
2683156160651394775,train_batch_16,28
2667739320648808183,train_batch_16,29
2726929492663158307,train_batch_16,30
2680542249653753972,train_batch_16,31
2673500530649301465,train_batch_16,32
2724639087669166512,train_batch_16,33
2670657123666264414,train_batch_16,34
2717189928647688508,train_batch_16,35
2728449835649789477,train_batch_16,36
2698958146655755193,train_batch_16,37
2688585230673171380,train_batch_16,38
2695047102646351364,train_batch_16,39
2666974546649104961,train_batch_16,40
2669124348662633943,train_batch_16,41
2676245560637152424,train_batch_16,42
2703127646673807627,train_batch_16,43
2693004201635538250,train_batch_16,44
2680471145653839636,train_batch_16,45
2680969196659339267,train_batch_16,46
2672151793657646895,train_batch_16,47
2723435749660972683,train_batch_16,48
2659501772651517584,train_batch_16,49
2670643931648187056,train_batch_16,50
2701587493655742623,train_batch_16,51
2699620287643470682,train_batch_16,52
2709627714672678664,train_batch_16,53
2677312299672699659,train_batch_16,54
2668957567666806645,train_batch_16,55
2672399371672206179,train_batch_16,56
2702461997653336529,train_batch_16,57
2668083418631949385,train_batch_16,58
2681279341649333449,train_batch_16,59
2685385672673878383,train_batch_16,60
2710558821660930678,train_batch_16,61
2711665284670385660,train_batch_16,62
2664284309667304345,train_batch_16,63
2717098003646041005,train_batch_16,64
2678465660639015488,train_batch_16,65
2669568281663401359,train_batch_16,66
2663036833653240310,train_batch_16,67
2659408002660107348,train_batch_16,68
2719396913658876907,train_batch_16,69
2701241375673132307,train_batch_16,70
2726536522659211512,train_batch_16,71
2694019606635969900,train_batch_16,72
2670694521635734101,train_batch_16,73
2693604448654188617,train_batch_16,74
2730243680662039197,train_batch_16,75
2732191344654201636,train_batch_16,76
2693998942675943121,train_batch_16,77
2666725757656889173,train_batch_16,78
2713550278654518368,train_batch_16,79
2704236565649665337,train_batch_16,80
2685644523648342108,train_batch_16,81
2711304434645678741,train_batch_16,82
2687522629673615868,train_batch_16,83
2659251068655757623,train_batch_16,84
2714272409646694952,train_batch_16,85
2687212227676130420,train_batch_16,86
2724647958673452029,train_batch_16,87
2677921733655900141,train_batch_16,88
2678731151665726052,train_batch_16,89
2709855128653883727,train_batch_16,90
2719331081671782048,train_batch_16,91
2682092801646474888,train_batch_16,92
2710448993664556963,train_batch_16,93
2704529815649851421,train_batch_16,94
2698542448655867147,train_batch_16,95
2671033480661654420,train_batch_16,96
2721545577648045521,train_batch_16,97
2698724478661031417,train_batch_16,98
2684903903634437698,train_batch_16,99
2679042466655729018,train_batch_16,100
2720576189655360510,train_batch_16,101
2677484015636693657,train_batch_16,102
2682369801659015949,train_batch_16,103
2693954367653218170,train_batch_16,104
2659882439664860582,train_batch_16,105
2701695175654683777,train_batch_16,106
2691299480660386798,train_batch_16,107
2674481591650993547,train_batch_16,108
2698706164644855886,train_batch_16,109
2670433826634392286,train_batch_16,110
2724035450655657498,train_batch_16,111
2705221766669528888,train_batch_16,112
2676545481668796119,train_batch_16,113
2716610856669267015,train_batch_16,114
2675999662647304882,train_batch_16,115
2705219628672009719,train_batch_16,116
2688231414662537867,train_batch_16,117
2716400881667749415,train_batch_16,118
2687746677652737929,train_batch_16,119
2699008443676237748,train_batch_16,120
2687047832635784615,train_batch_16,121
2681049996653256372,train_batch_16,122
2676194795669917695,train_batch_16,123
2690671688661004974,train_batch_16,124
2724708323652643064,train_batch_16,125
2720482353671573437,train_batch_16,126
2717186670656290781,train_batch_16,127
2700068627658889119,train_batch_16,128
2679113375659185198,train_batch_16,129
2720633521651736547,train_batch_16,130
2683196520653642726,train_batch_16,131
2696737596677250983,train_batch_16,132
2680927209633827427,train_batch_16,133
2732176738663866844,train_batch_16,134
2707935364655905931,train_batch_16,135
2729717600653157955,train_batch_16,136
2660896338654879899,train_batch_16,137
2691694289651478820,train_batch_16,138
2694232017648423078,train_batch_16,139
2676571426672431481,train_batch_16,140
2708268434658282593,train_batch_16,141
2707220551652966667,train_batch_16,142
2727245026662779236,train_batch_16,143
2661074378656017668,train_batch_16,144
2675891072669495403,train_batch_16,145
2708864004665595570,train_batch_16,146
2702691465672983613,train_batch_16,147
2723927136648484691,train_batch_16,148
2660839989656410109,train_batch_16,149
2682258148634732619,train_batch_16,150
2721204500646622782,train_batch_16,151
2702693049653203347,train_batch_16,152
2691375941642078204,train_batch_16,153
2681076586657322769,train_batch_16,154
2676270997669695994,train_batch_16,155
2668389622652347478,train_batch_16,156
2697815882647233360,train_batch_16,157
2700707443673556730,train_batch_16,158
2713988054660039713,train_batch_16,159
2682206241655108649,train_batch_16,160
2695833073657117875,train_batch_16,161
2689655799639695638,train_batch_16,162
2724641111669207952,train_batch_16,163
2712516756659232176,train_batch_16,164
2731164712656871235,train_batch_16,165
2666879691651638119,train_batch_16,166
2707077747645650078,train_batch_16,167
2706559424676822925,train_batch_16,168
2689454589663308985,train_batch_16,169
2711618296662601648,train_batch_16,170
2726984038649036509,train_batch_16,171
2694255693652258804,train_batch_16,172
2724040021669564257,train_batch_16,173
2705102214658553251,train_batch_16,174
2708619342658820139,train_batch_16,175
2716367995660745463,train_batch_16,176
2686489366664349209,train_batch_16,177
2702005108638471724,train_batch_16,178
2723275329656774505,train_batch_16,179
2710753339660092307,train_batch_16,180
2701488389670292874,train_batch_16,181
2678945443648300712,train_batch_16,182
2710399187652958037,train_batch_16,183
2698113803677413196,train_batch_16,184
2671775004671111044,train_batch_16,185
2675599088661185281,train_batch_16,186
2666731686652769545,train_batch_16,187
2729550551649531499,train_batch_16,188
2664367183670951669,train_batch_16,189
2713529142655132055,train_batch_16,190
2684090241640320778,train_batch_16,191
2697968709653257638,train_batch_16,192
2681339743668700040,train_batch_16,193
2674540821647645238,train_batch_16,194
2679490337656705453,train_batch_16,195
2738147360659362947,train_batch_16,196
2733277731655150116,train_batch_16,197
2695698573653604728,train_batch_16,198
2708829329673168287,train_batch_16,199
2663933409666089794,train_batch_16,200
2673135251673368377,train_batch_16,201
2708210076673399364,train_batch_16,202
2679081804673433308,train_batch_16,203
2723140181659099123,train_batch_16,204
2736778886655101858,train_batch_16,205
2678798150671516098,train_batch_16,206
2671847276671156886,train_batch_16,207
2691359945657559978,train_batch_16,208
2699978980654345141,train_batch_16,209
2676855516657978609,train_batch_16,210
2709076523672691334,train_batch_16,211
2702989702671146001,train_batch_16,212
2694315321655123738,train_batch_16,213
2674644516658729055,train_batch_16,214
2667187060654736611,train_batch_16,215
2669622176653733457,train_batch_16,216
2679558691635052470,train_batch_16,217
2695046853638479184,train_batch_16,218
2681666875666339201,train_batch_16,219
2687379720664837678,train_batch_16,220
2713133295664658680,train_batch_16,221
2707287242647899858,train_batch_16,222
2724822583667693619,train_batch_16,223
2672783229649264034,train_batch_16,224
2684133305665552978,train_batch_16,225
2672104188665676792,train_batch_16,226
2697285603664166084,train_batch_16,227
2706120876664489745,train_batch_16,228
2676921077657236333,train_batch_16,229
2710269274647689618,train_batch_16,230
2678099726648903573,train_batch_16,231
2732592152654092117,train_batch_16,232
2733293998664714358,train_batch_16,233
2678267224647458272,train_batch_16,234
2689318598639037096,train_batch_16,235
2673201584646384948,train_batch_16,236
2697832102651175353,train_batch_16,237
2718782033660119366,train_batch_16,238
2688339014646286684,train_batch_16,239
2678477007637548581,train_batch_16,240
2684969804662600792,train_batch_16,241
2694960625645095434,train_batch_16,242
2692548512637096414,train_batch_16,243
2705341272652897098,train_batch_16,244
2677359465652182119,train_batch_16,245
2707382792656630846,train_batch_16,246
2697477482651551781,train_batch_16,247
2672925865658731176,train_batch_16,248
2676427857648787157,train_batch_16,249
2719409829663400673,train_batch_16,250
2685863860634641482,train_batch_16,251
2710402426665035459,train_batch_16,252
2690916165656843511,train_batch_16,253
2675123396638044375,train_batch_16,254
2720939672672387999,train_batch_16,255
2732463183658610630,train_batch_16,256
2678348705673101402,train_batch_16,257
2721647899664977957,train_batch_16,258
2709837930653900205,train_batch_16,259
2718083588647714833,train_batch_16,260
2702298669671032406,train_batch_16,261
2705273922641079749,train_batch_16,262
2719840261670839756,train_batch_16,263
2700691234640741380,train_batch_16,264
2731068872670666498,train_batch_16,265
2723015787651958007,train_batch_16,266
2698909197668487374,train_batch_16,267
2735236008661240385,train_batch_16,268
2686233552659488700,train_batch_16,269
2693187898636324332,train_batch_16,270
2707254352646416198,train_batch_16,271
2696125520664167207,train_batch_16,272
2674476303649816497,train_batch_16,273
2735681252657555329,train_batch_16,274
2704846448649749731,train_batch_16,275
2703620876667984655,train_batch_16,276
2684095383653426431,train_batch_16,277
2716679320667772123,train_batch_16,278
2706796394675433124,train_batch_16,279
2690386029639881424,train_batch_16,280
2696231871647604959,train_batch_16,281
2699847427676353953,train_batch_16,282
2662926234667376267,train_batch_16,283
2714785326672150354,train_batch_16,284
2666792119661143425,train_batch_16,285
2687061920663710174,train_batch_16,286
2721217015659649925,train_batch_16,287
2734223307657670616,train_batch_16,288
2710162585650428351,train_batch_16,289
2732743081655460393,train_batch_16,290
2719820459652038459,train_batch_16,291
2690902314638487890,train_batch_16,292
2724066148660082648,train_batch_16,293
2694811594666858815,train_batch_16,294
2707282116663527828,train_batch_16,295
2714861970652426882,train_batch_16,296
2685312457634374028,train_batch_16,297
2725782714661030377,train_batch_16,298
2674624041658899969,train_batch_16,299
2715363318649023792,train_batch_16,300
2707198312671769310,train_batch_16,301
2669688561666718927,train_batch_16,302
2687237368634992423,train_batch_16,303
2672410446661565097,train_batch_16,304
2688248462641396367,train_batch_16,305
2695656098667218127,train_batch_16,306
2705466646650828741,train_batch_16,307
2704322510658697898,train_batch_16,308
2676824931648627498,train_batch_16,309
2683207116670957516,train_batch_16,310
2698119480637614828,train_batch_16,311
2710452060653118509,train_batch_16,312
2703545674669902893,train_batch_16,313
2704125045661576551,train_batch_16,314
2695003106656893321,train_batch_16,315
2660070007654668504,train_batch_16,316
2691410489650638713,train_batch_16,317
2716796472659922086,train_batch_16,318
2699407825643546363,train_batch_16,319
2724646883648690692,train_batch_16,320
2677622527661072838,train_batch_16,321
2692653348649056614,train_batch_16,322
2684713215650288950,train_batch_16,323
2690949003657875125,train_batch_16,324
2678865796659589851,train_batch_16,325
2714253186671049842,train_batch_16,326
2690152713661686281,train_batch_16,327
2711517487671866881,train_batch_16,328
2656749012661165086,train_batch_16,329
2706887003656467947,train_batch_16,330
2695245617637111452,train_batch_16,331
2720670552650455293,train_batch_16,332
2703351716651423475,train_batch_16,333
2725336664669396743,train_batch_16,334
2719893134668925008,train_batch_16,335
2691317697653433120,train_batch_16,336
2701137130651722947,train_batch_16,337
2707993752651029728,train_batch_16,338
2704633346668459247,train_batch_16,339
2716719487672320943,train_batch_16,340
2699040819675672450,train_batch_16,341
2712570350659223971,train_batch_16,342
2719684924657774264,train_batch_16,343
2712227307657258749,train_batch_16,344
2730458086657041863,train_batch_16,345
2717123507668939889,train_batch_16,346
2666714172666431061,train_batch_16,347
2676658675636375388,train_batch_16,348
2685784468658944855,train_batch_16,349
2717491244652254894,train_batch_16,350
2724106945668566532,train_batch_16,351
2721431496666480750,train_batch_16,352
2698213409664551499,train_batch_16,353
2699915500655131568,train_batch_16,354
2709114365673399734,train_batch_16,355
2738296205658044612,train_batch_16,356
2672038639634713848,train_batch_16,357
2682191353637430091,train_batch_16,358
2681457565663543972,train_batch_16,359
2694138975663668342,train_batch_16,360
2678718241654671077,train_batch_16,361
2665933097665809731,train_batch_16,362
2682329735646621111,train_batch_16,363
2690605968635109629,train_batch_16,364
2664556232664718870,train_batch_16,365
2689049249649073367,train_batch_16,366
2727754313656768251,train_batch_16,367
2674695619647900245,train_batch_16,368
2673687400656322924,train_batch_16,369
2679874161669381796,train_batch_16,370
2689264843648896324,train_batch_16,371
2697578604673668442,train_batch_16,372
2721786766650440258,train_batch_16,373
2680035999638670661,train_batch_16,374
2704025420672797371,train_batch_16,375
2674654793673590452,train_batch_16,376
2672122238660504893,train_batch_16,377
2687766848634575693,train_batch_16,378
2679232714654382000,train_batch_16,379
2708899736638877215,train_batch_16,380
2720278378655884735,train_batch_16,381
2724218225668678959,train_batch_16,382
2711775862661748561,train_batch_16,383
2676472428655226560,train_batch_16,384
2680717721663860374,train_batch_16,385
2679476533657998031,train_batch_16,386
2706344157636762874,train_batch_16,387
2710555211666333345,train_batch_16,388
2668283271656967131,train_batch_16,389
2700212840663178615,train_batch_16,390
2695397736666928563,train_batch_16,391
2684170971665728960,train_batch_16,392
2676577659660937155,train_batch_16,393
2720018864657845665,train_batch_16,394
2674100911653714811,train_batch_16,395
2671744245658891987,train_batch_16,396
2699019338635503781,train_batch_16,397
2697089965648065561,train_batch_16,398
2664240811662697312,train_batch_16,399
2711796244662760808,train_batch_16,400
2692675237676996064,train_batch_16,401
2709634499651167463,train_batch_16,402
2705296297670401825,train_batch_16,403
2679155281657455070,train_batch_16,404
2670264740661969458,train_batch_16,405
2717490185636462050,train_batch_16,406
2733599459657538573,train_batch_16,407
2671528562657668709,train_batch_16,408
2727516752669989556,train_batch_16,409
2691410706646033454,train_batch_16,410
2669613189631953309,train_batch_16,411
2705622015649966260,train_batch_16,412
2680707867663537827,train_batch_16,413
2711270034651969196,train_batch_16,414
2709214821645264033,train_batch_16,415
2669017716632799617,train_batch_16,416
2708869348657469288,train_batch_16,417
2698908865655513592,train_batch_16,418
2685064947653081785,train_batch_16,419
2668559520666412432,train_batch_16,420
2727125511666955418,train_batch_16,421
2676452848654231886,train_batch_16,422
2718494495662041732,train_batch_16,423
2724902956661788120,train_batch_16,424
2693221861663533116,train_batch_16,425
2694304339652138970,train_batch_16,426
2731600244653686987,train_batch_16,427
2669924624654464140,train_batch_16,428
2679679668666616668,train_batch_16,429
2698125796659676849,train_batch_16,430
2670028772661490077,train_batch_16,431
2701933094654778994,train_batch_16,432
2704775493659180525,train_batch_16,433
2708041410634574348,train_batch_16,434
2671161040656431901,train_batch_16,435
2671115809661752177,train_batch_16,436
2679331286653516291,train_batch_16,437
2676527312660595635,train_batch_16,438
2681549354658664823,train_batch_16,439
2705547445646084831,train_batch_16,440
2699053399652126117,train_batch_16,441
2708605133665629321,train_batch_16,442
2672262034646240568,train_batch_16,443
2680076757651918110,train_batch_16,444
2686764478664069733,train_batch_16,445
2700762332636506290,train_batch_16,446
2728701937659428011,train_batch_16,447
2685811132634643995,train_batch_16,448
2698325459667839297,train_batch_16,449
2688806566649176393,train_batch_16,450
2696471967637266305,train_batch_16,451
2715669725638281753,train_batch_16,452
2668872353661164741,train_batch_16,453
2716323551667798277,train_batch_16,454
2668165246666872849,train_batch_16,455
2687190680665125171,train_batch_16,456
2701326867672609922,train_batch_16,457
2673759438670907103,train_batch_16,458
2732379433655167897,train_batch_16,459
2686991998658263967,train_batch_16,460
2713997335672498728,train_batch_16,461
2716780048650405547,train_batch_16,462
2687850294656107777,train_batch_16,463
2693051487658811345,train_batch_16,464
2687816125670584261,train_batch_16,465
2703703484664955803,train_batch_16,466
2683758503664752696,train_batch_16,467
2688095026665858236,train_batch_16,468
2663174155666327455,train_batch_16,469
2696923186675830234,train_batch_16,470
2678205625659099061,train_batch_16,471
2700928069668229198,train_batch_16,472
2660304913656301495,train_batch_16,473
2678971934670628700,train_batch_16,474
2689715147634421261,train_batch_16,475
2692952094660082697,train_batch_16,476
2705313948652601561,train_batch_16,477
2670826117663003502,train_batch_16,478
2689927173644686505,train_batch_16,479
2727246148661915853,train_batch_16,480
2713690104653811862,train_batch_16,481
2688800807666054443,train_batch_16,482
2708055558666775692,train_batch_16,483
2724189525671369201,train_batch_16,484
2672128285649226101,train_batch_16,485
2701602010634069182,train_batch_16,486
2723870249657150007,train_batch_16,487
2700481777666980518,train_batch_16,488
2686752769678119893,train_batch_16,489
2682030013638371845,train_batch_16,490
2687691793662664847,train_batch_16,491
2721294097666732507,train_batch_16,492
2687434488655719091,train_batch_16,493
2673936606658788348,train_batch_16,494
2682973282675083855,train_batch_16,495
2695862095664660109,train_batch_16,496
2699982798658847456,train_batch_16,497
2735465655653778646,train_batch_16,498
2724490186658556825,train_batch_16,499
2700742682637555744,train_batch_17,0
2710405724650331945,train_batch_17,1
2673058955650803024,train_batch_17,2
2688649047657442390,train_batch_17,3
2700481536648410805,train_batch_17,4
2689892903645401016,train_batch_17,5
2706611002659441153,train_batch_17,6
2676236764665391210,train_batch_17,7
2670242251659033893,train_batch_17,8
2715655154638456677,train_batch_17,9
2693193041643894394,train_batch_17,10
2702242930668341554,train_batch_17,11
2684624009648760197,train_batch_17,12
2715305705655117937,train_batch_17,13
2692688255638880461,train_batch_17,14
2732217669663717798,train_batch_17,15
2684034340674491186,train_batch_17,16
2688622138660424887,train_batch_17,17
2717940730662351311,train_batch_17,18
2725949017660632344,train_batch_17,19
2692305161651961619,train_batch_17,20
2686832693648037654,train_batch_17,21
2693438886656619266,train_batch_17,22
2667426516662466927,train_batch_17,23
2712436185658219752,train_batch_17,24
2691990479649189223,train_batch_17,25
2697693720661063120,train_batch_17,26
2712674083666713788,train_batch_17,27
2690757503640887479,train_batch_17,28
2659306701660008816,train_batch_17,29
2699956437665454836,train_batch_17,30
2703541195656781276,train_batch_17,31
2669202117659137913,train_batch_17,32
2733621128661926569,train_batch_17,33
2728325769664616949,train_batch_17,34
2728130563666346626,train_batch_17,35
2726622782657152222,train_batch_17,36
2691340979670688104,train_batch_17,37
2726685994655797771,train_batch_17,38
2718960450655799934,train_batch_17,39
2706812055655666808,train_batch_17,40
2714196229664568461,train_batch_17,41
2694485455649440299,train_batch_17,42
2725958864670352470,train_batch_17,43
2669073742660497716,train_batch_17,44
2674834464647452199,train_batch_17,45
2662488766667537731,train_batch_17,46
2687682014656764372,train_batch_17,47
2716165041652632493,train_batch_17,48
2669201964652953749,train_batch_17,49
2694155063663480577,train_batch_17,50
2674611631663391063,train_batch_17,51
2732022611663567732,train_batch_17,52
2701432994646179801,train_batch_17,53
2687241424670500082,train_batch_17,54
2679629860638289300,train_batch_17,55
2682968920673287003,train_batch_17,56
2701121752646742017,train_batch_17,57
2667473469667431042,train_batch_17,58
2675376227634833908,train_batch_17,59
2706613508674615899,train_batch_17,60
2709371927653844245,train_batch_17,61
2731422593667718465,train_batch_17,62
2725333380659971194,train_batch_17,63
2668758554649889467,train_batch_17,64
2690359277666311916,train_batch_17,65
2693973493668340595,train_batch_17,66
2695883488662447364,train_batch_17,67
2694758066676234615,train_batch_17,68
2696368017647358571,train_batch_17,69
2706937839652355147,train_batch_17,70
2719415043652698014,train_batch_17,71
2685070138651390666,train_batch_17,72
2687100980658430552,train_batch_17,73
2727193189648787249,train_batch_17,74
2685317528672174282,train_batch_17,75
2671660872659594839,train_batch_17,76
2671499397656795857,train_batch_17,77
2686047587636241521,train_batch_17,78
2705332399635235108,train_batch_17,79
2659691148657884533,train_batch_17,80
2717543586659852172,train_batch_17,81
2696478899649614961,train_batch_17,82
2678427260653969771,train_batch_17,83
2677372886652306098,train_batch_17,84
2712164388654247306,train_batch_17,85
2668172533662801064,train_batch_17,86
2724673369653784716,train_batch_17,87
2699155239656504558,train_batch_17,88
2694281408668418823,train_batch_17,89
2684389993660463373,train_batch_17,90
2683788699653785176,train_batch_17,91
2676249221658214428,train_batch_17,92
2719088388665654390,train_batch_17,93
2714594743653347316,train_batch_17,94
2698460265658208601,train_batch_17,95
2734912895656741390,train_batch_17,96
2730934197652871447,train_batch_17,97
2672163468667567308,train_batch_17,98
2696996793639918397,train_batch_17,99
2704270985668472512,train_batch_17,100
2680806514672815844,train_batch_17,101
2710247425667733502,train_batch_17,102
2724641004653050395,train_batch_17,103
2712066982638348526,train_batch_17,104
2703436008666201438,train_batch_17,105
2656705162658363729,train_batch_17,106
2677079122669151496,train_batch_17,107
2666686586648039088,train_batch_17,108
2708189779667071322,train_batch_17,109
2699577712638805668,train_batch_17,110
2735130396665013616,train_batch_17,111
2674885393671064784,train_batch_17,112
2706498174668938847,train_batch_17,113
2694716312637015454,train_batch_17,114
2694452748651314233,train_batch_17,115
2726479817656040838,train_batch_17,116
2680451608640453569,train_batch_17,117
2702378004675677826,train_batch_17,118
2664389898669988500,train_batch_17,119
2725105776659568454,train_batch_17,120
2689814459675606453,train_batch_17,121
2667425845649409575,train_batch_17,122
2671088515647406262,train_batch_17,123
2660888925660710138,train_batch_17,124
2720644735670387681,train_batch_17,125
2688207975664066416,train_batch_17,126
2675385033646920921,train_batch_17,127
2678341017670800602,train_batch_17,128
2679391751656821227,train_batch_17,129
2683202788644020467,train_batch_17,130
2687869669669838575,train_batch_17,131
2731208838652351193,train_batch_17,132
2680303162636563328,train_batch_17,133
2711525649667169706,train_batch_17,134
2666908140651698636,train_batch_17,135
2674547938659991818,train_batch_17,136
2697413249659781794,train_batch_17,137
2731197034654647854,train_batch_17,138
2714236364648767987,train_batch_17,139
2695251377670917161,train_batch_17,140
2700989482656091990,train_batch_17,141
2717414960658499797,train_batch_17,142
2673294551670753153,train_batch_17,143
2730966232663965686,train_batch_17,144
2695565459654261489,train_batch_17,145
2679517584654860113,train_batch_17,146
2672832753649960503,train_batch_17,147
2696824858635546465,train_batch_17,148
2692926995669599292,train_batch_17,149
2658734913665556826,train_batch_17,150
2670478279652738483,train_batch_17,151
2707525431646647314,train_batch_17,152
2676036034647498271,train_batch_17,153
2680871165652438209,train_batch_17,154
2725638210659043617,train_batch_17,155
2718765944649515705,train_batch_17,156
2674799458666859785,train_batch_17,157
2711879879635089911,train_batch_17,158
2710916367667113757,train_batch_17,159
2724195651659422476,train_batch_17,160
2682829958663889147,train_batch_17,161
2679014503635516244,train_batch_17,162
2688719024673129162,train_batch_17,163
2677861202663415121,train_batch_17,164
2679081906654792408,train_batch_17,165
2691119970648314150,train_batch_17,166
2720134789666939571,train_batch_17,167
2670817960669818136,train_batch_17,168
2720793031661236462,train_batch_17,169
2711903343657283061,train_batch_17,170
2717589197668423351,train_batch_17,171
2703652923637167895,train_batch_17,172
2693627655675584183,train_batch_17,173
2713205266636036075,train_batch_17,174
2696448896650716997,train_batch_17,175
2693208239654368651,train_batch_17,176
2692467062638469799,train_batch_17,177
2687935097665642760,train_batch_17,178
2708040318636169382,train_batch_17,179
2683103150659335305,train_batch_17,180
2706019255664047732,train_batch_17,181
2665389670670521804,train_batch_17,182
2663450578660026184,train_batch_17,183
2715754113655120295,train_batch_17,184
2667248787651488299,train_batch_17,185
2711540456672468910,train_batch_17,186
2695334313639515565,train_batch_17,187
2712630500656036059,train_batch_17,188
2703170092639896831,train_batch_17,189
2690689516668618210,train_batch_17,190
2706415292669014560,train_batch_17,191
2676425654671004247,train_batch_17,192
2678320834664399590,train_batch_17,193
2669729025663643269,train_batch_17,194
2716890825650971810,train_batch_17,195
2698522960656218182,train_batch_17,196
2666935570664423201,train_batch_17,197
2676220670646573738,train_batch_17,198
2689293486646216851,train_batch_17,199
2718333947659537836,train_batch_17,200
2678755564651935984,train_batch_17,201
2704929827664770408,train_batch_17,202
2712629953649469507,train_batch_17,203
2674099154660552709,train_batch_17,204
2699943082649663757,train_batch_17,205
2667785923655102506,train_batch_17,206
2673690439648976259,train_batch_17,207
2701199934635168787,train_batch_17,208
2674850050659280752,train_batch_17,209
2729408011658973142,train_batch_17,210
2702126661662283766,train_batch_17,211
2671723329633625690,train_batch_17,212
2713198564668076303,train_batch_17,213
2679124185662258130,train_batch_17,214
2731174386664710000,train_batch_17,215
2712144179648719627,train_batch_17,216
2730765277662930938,train_batch_17,217
2705985032649739056,train_batch_17,218
2701692136648322344,train_batch_17,219
2684265629675280842,train_batch_17,220
2691048663652439762,train_batch_17,221
2702366799639859456,train_batch_17,222
2669390441652875636,train_batch_17,223
2714886698664293426,train_batch_17,224
2703222928634978179,train_batch_17,225
2733040163663040549,train_batch_17,226
2661779873657903465,train_batch_17,227
2658990770664877050,train_batch_17,228
2698675927647965097,train_batch_17,229
2703377792640263344,train_batch_17,230
2662004226665267753,train_batch_17,231
2709578957637940719,train_batch_17,232
2728122280670448304,train_batch_17,233
2683609726670108072,train_batch_17,234
2726246180654678716,train_batch_17,235
2668449410654129577,train_batch_17,236
2702632628675238938,train_batch_17,237
2665754690654395845,train_batch_17,238
2720177109656425103,train_batch_17,239
2686399468638457277,train_batch_17,240
2683888489638893484,train_batch_17,241
2698950270653362764,train_batch_17,242
2708327217652783404,train_batch_17,243
2670766258659283455,train_batch_17,244
2672688286662164821,train_batch_17,245
2676525103671043897,train_batch_17,246
2702363032652911498,train_batch_17,247
2717071350673320771,train_batch_17,248
2679027111654575521,train_batch_17,249
2729575432655110113,train_batch_17,250
2670785626656135375,train_batch_17,251
2722379833663991323,train_batch_17,252
2680462481662704300,train_batch_17,253
2700401027634907509,train_batch_17,254
2672962009650444809,train_batch_17,255
2712075997657378813,train_batch_17,256
2689004979655247574,train_batch_17,257
2664900607662126718,train_batch_17,258
2691752082667329740,train_batch_17,259
2696906086673725822,train_batch_17,260
2697985753648614222,train_batch_17,261
2728077578653120224,train_batch_17,262
2687181289653207909,train_batch_17,263
2671824847660451333,train_batch_17,264
2671816465658912663,train_batch_17,265
2691054152645443171,train_batch_17,266
2679786220668216948,train_batch_17,267
2681217757663058523,train_batch_17,268
2665537019658557203,train_batch_17,269
2689553149659932517,train_batch_17,270
2672472184671221580,train_batch_17,271
2704603626673522669,train_batch_17,272
2702219011663413784,train_batch_17,273
2690909713639925286,train_batch_17,274
2681728410659640061,train_batch_17,275
2694971464659372916,train_batch_17,276
2701852942652078202,train_batch_17,277
2719582676637898758,train_batch_17,278
2726623992669468205,train_batch_17,279
2682610080633319338,train_batch_17,280
2689337483659410199,train_batch_17,281
2662531318669663930,train_batch_17,282
2677328811653665635,train_batch_17,283
2702720182664658636,train_batch_17,284
2720895263660691304,train_batch_17,285
2733799978662767965,train_batch_17,286
2702965102666776939,train_batch_17,287
2713552085636678375,train_batch_17,288
2687468377645213925,train_batch_17,289
2666456317651868290,train_batch_17,290
2727165521671628983,train_batch_17,291
2678613710669295137,train_batch_17,292
2665667725665696468,train_batch_17,293
2690368294657020663,train_batch_17,294
2699670731635766317,train_batch_17,295
2670340926633941294,train_batch_17,296
2724962664660744646,train_batch_17,297
2724288933662359526,train_batch_17,298
2712652859649475063,train_batch_17,299
2715988213660499662,train_batch_17,300
2671122949665471486,train_batch_17,301
2665552891664823808,train_batch_17,302
2695023597677385276,train_batch_17,303
2730051790670090578,train_batch_17,304
2712420831647199381,train_batch_17,305
2673837834655137200,train_batch_17,306
2683941470663353728,train_batch_17,307
2703545291633969755,train_batch_17,308
2690796280640880193,train_batch_17,309
2715990102654469122,train_batch_17,310
2655972004661761656,train_batch_17,311
2709556815673964866,train_batch_17,312
2695942372658945725,train_batch_17,313
2690891586655395024,train_batch_17,314
2677074191638839375,train_batch_17,315
2705056628665623536,train_batch_17,316
2713174839637397304,train_batch_17,317
2669429933633623112,train_batch_17,318
2666942307651520406,train_batch_17,319
2720732194650133410,train_batch_17,320
2661793931665902126,train_batch_17,321
2671437986661716918,train_batch_17,322
2676085464653324285,train_batch_17,323
2684977891645555948,train_batch_17,324
2692599870664117044,train_batch_17,325
2676553065666799134,train_batch_17,326
2672183605665412099,train_batch_17,327
2668632939659822219,train_batch_17,328
2724241692651709505,train_batch_17,329
2704846268669926280,train_batch_17,330
2676602695637873211,train_batch_17,331
2705348842670454823,train_batch_17,332
2679833606657243630,train_batch_17,333
2721783777668467064,train_batch_17,334
2698970379664790276,train_batch_17,335
2677706649634919529,train_batch_17,336
2674092988670271166,train_batch_17,337
2718691565662345095,train_batch_17,338
2666855341654919560,train_batch_17,339
2725184151655574097,train_batch_17,340
2670296060660025092,train_batch_17,341
2694404299659542894,train_batch_17,342
2713628975662880203,train_batch_17,343
2713406463672616179,train_batch_17,344
2716231117653544970,train_batch_17,345
2692853763644586553,train_batch_17,346
2681087794673513155,train_batch_17,347
2701760095676026654,train_batch_17,348
2682675910659934679,train_batch_17,349
2702122630634372868,train_batch_17,350
2686321618645437954,train_batch_17,351
2733506772658338045,train_batch_17,352
2721174110670479929,train_batch_17,353
2670451381658069901,train_batch_17,354
2672355971660643466,train_batch_17,355
2720549167648496912,train_batch_17,356
2679776827638498871,train_batch_17,357
2690109714647611944,train_batch_17,358
2735640982661345776,train_batch_17,359
2726079153660767484,train_batch_17,360
2662027469661772303,train_batch_17,361
2669393453648680868,train_batch_17,362
2708297954662849594,train_batch_17,363
2712078521663520890,train_batch_17,364
2718400998668050326,train_batch_17,365
2726529754654014165,train_batch_17,366
2695459660672998974,train_batch_17,367
2712285837672469553,train_batch_17,368
2710546069657348461,train_batch_17,369
2737148144656963711,train_batch_17,370
2700837563636536345,train_batch_17,371
2720257833638017191,train_batch_17,372
2704698077659154166,train_batch_17,373
2670392663654197392,train_batch_17,374
2673332280653437008,train_batch_17,375
2659842114665602828,train_batch_17,376
2715095678667426874,train_batch_17,377
2679247320657394214,train_batch_17,378
2684481982639952285,train_batch_17,379
2688027906665193046,train_batch_17,380
2674295024657165109,train_batch_17,381
2696410498643510732,train_batch_17,382
2661495137669458745,train_batch_17,383
2679034625674851615,train_batch_17,384
2665708135657388826,train_batch_17,385
2707143413634319037,train_batch_17,386
2670038634664155515,train_batch_17,387
2713800570657476548,train_batch_17,388
2699180796658312850,train_batch_17,389
2708112577671509698,train_batch_17,390
2724754390664987682,train_batch_17,391
2666053333662552744,train_batch_17,392
2686202079658561258,train_batch_17,393
2717579782656167515,train_batch_17,394
2692609724637779639,train_batch_17,395
2719335508667474522,train_batch_17,396
2687731902638607482,train_batch_17,397
2720867719661674691,train_batch_17,398
2720568656653577936,train_batch_17,399
2690831681656824992,train_batch_17,400
2675793661668631877,train_batch_17,401
2720095288663155309,train_batch_17,402
2698158225646628923,train_batch_17,403
2682476827637306690,train_batch_17,404
2676897918634732251,train_batch_17,405
2711694654658967139,train_batch_17,406
2689464652648486268,train_batch_17,407
2688628042643799362,train_batch_17,408
2676803559638498158,train_batch_17,409
2713005304658783961,train_batch_17,410
2713783241637954197,train_batch_17,411
2727072770649378352,train_batch_17,412
2709625602662531361,train_batch_17,413
2697514798652903408,train_batch_17,414
2710760742650203080,train_batch_17,415
2678308035638752339,train_batch_17,416
2722041340665559455,train_batch_17,417
2705942921668969074,train_batch_17,418
2668046254649152714,train_batch_17,419
2684258650659721528,train_batch_17,420
2712894613671282620,train_batch_17,421
2687781647662935145,train_batch_17,422
2728623505663266421,train_batch_17,423
2687183481646073784,train_batch_17,424
2676009916646295508,train_batch_17,425
2659584411657727944,train_batch_17,426
2721992007661359963,train_batch_17,427
2704469707641004348,train_batch_17,428
2665256032658954680,train_batch_17,429
2718451242674444374,train_batch_17,430
2683868169651547197,train_batch_17,431
2719300676671701562,train_batch_17,432
2670174206649061521,train_batch_17,433
2725902953656059328,train_batch_17,434
2706984322637271613,train_batch_17,435
2686331060661140393,train_batch_17,436
2717573339656596300,train_batch_17,437
2670913820671211645,train_batch_17,438
2717511479653247601,train_batch_17,439
2716013468651338464,train_batch_17,440
2682818071654489333,train_batch_17,441
2684196933652167499,train_batch_17,442
2682606915633232284,train_batch_17,443
2667013773658687056,train_batch_17,444
2701985059667027949,train_batch_17,445
2712710007649946063,train_batch_17,446
2667878281634711349,train_batch_17,447
2705610107649941935,train_batch_17,448
2713771637669585938,train_batch_17,449
2683269765666337584,train_batch_17,450
2691761753657436507,train_batch_17,451
2687741440666666415,train_batch_17,452
2734155115660433255,train_batch_17,453
2668545238656907811,train_batch_17,454
2686050018633939313,train_batch_17,455
2698049285639178020,train_batch_17,456
2674679044638632781,train_batch_17,457
2703775289655813334,train_batch_17,458
2705804671668638351,train_batch_17,459
2695033436655480540,train_batch_17,460
2722825295660493267,train_batch_17,461
2695847992647971672,train_batch_17,462
2681379248658860790,train_batch_17,463
2700175015637345702,train_batch_17,464
2714391017670329658,train_batch_17,465
2691436822652714979,train_batch_17,466
2705032145660638519,train_batch_17,467
2678777268675509456,train_batch_17,468
2672283610657337242,train_batch_17,469
2694288885675853694,train_batch_17,470
2679771831652585254,train_batch_17,471
2701613016640046897,train_batch_17,472
2723139726667298712,train_batch_17,473
2709592284661606272,train_batch_17,474
2672876651671739683,train_batch_17,475
2667128590658242122,train_batch_17,476
2671120055667758997,train_batch_17,477
2659734172664584473,train_batch_17,478
2722356570657926260,train_batch_17,479
2699678349663807235,train_batch_17,480
2686524005665406457,train_batch_17,481
2664834157670333396,train_batch_17,482
2706847057648738910,train_batch_17,483
2668640996655888702,train_batch_17,484
2670417874655635577,train_batch_17,485
2678788805647132644,train_batch_17,486
2714776980667746989,train_batch_17,487
2696689146641394101,train_batch_17,488
2662208873655533057,train_batch_17,489
2729091760660382693,train_batch_17,490
2705534228672703294,train_batch_17,491
2704876807656960513,train_batch_17,492
2719369211653491550,train_batch_17,493
2689712398651285435,train_batch_17,494
2690877947676745747,train_batch_17,495
2706792060638258817,train_batch_17,496
2668520467634542234,train_batch_17,497
2661646900652624886,train_batch_17,498
2694429703643072097,train_batch_17,499
2726919932661745554,train_batch_18,0
2707390475670562364,train_batch_18,1
2664597094656746001,train_batch_18,2
2682320863674286027,train_batch_18,3
2701129026658262583,train_batch_18,4
2701454170676428481,train_batch_18,5
2677761101651771731,train_batch_18,6
2722285786638229999,train_batch_18,7
2721086831657987848,train_batch_18,8
2693165204667277681,train_batch_18,9
2696033186643991464,train_batch_18,10
2705215549639445862,train_batch_18,11
2702356907652684393,train_batch_18,12
2667988399650610768,train_batch_18,13
2664167341662571537,train_batch_18,14
2668714332649875491,train_batch_18,15
2727474319651529843,train_batch_18,16
2719859480667918487,train_batch_18,17
2684962253650130988,train_batch_18,18
2706510911661817221,train_batch_18,19
2704007068667479884,train_batch_18,20
2729504336668126712,train_batch_18,21
2701537042662982333,train_batch_18,22
2673457888659120190,train_batch_18,23
2719712551667458570,train_batch_18,24
2718836722657274740,train_batch_18,25
2685915437636402049,train_batch_18,26
2676355229645607216,train_batch_18,27
2687366775667300947,train_batch_18,28
2711842163667608919,train_batch_18,29
2724349169661442355,train_batch_18,30
2716692250654145988,train_batch_18,31
2697733069651659756,train_batch_18,32
2715139752650797961,train_batch_18,33
2657188704660769323,train_batch_18,34
2706317051637062198,train_batch_18,35
2718029494669416677,train_batch_18,36
2712736530651723517,train_batch_18,37
2721839635671809906,train_batch_18,38
2691859955654593495,train_batch_18,39
2706756389647635442,train_batch_18,40
2719956001661084322,train_batch_18,41
2716162031671933457,train_batch_18,42
2707327277636607520,train_batch_18,43
2674407116651462784,train_batch_18,44
2725192976660764402,train_batch_18,45
2719480277666161569,train_batch_18,46
2701719682636451865,train_batch_18,47
2731963227654537427,train_batch_18,48
2693161541660491995,train_batch_18,49
2721074955663018860,train_batch_18,50
2725567225672254235,train_batch_18,51
2713698202673321520,train_batch_18,52
2693454764660859825,train_batch_18,53
2706122850656272710,train_batch_18,54
2684584202670628855,train_batch_18,55
2706565015659671451,train_batch_18,56
2696178822640215593,train_batch_18,57
2685990237650466277,train_batch_18,58
2702924064634955960,train_batch_18,59
2719374548670995583,train_batch_18,60
2695749492654619575,train_batch_18,61
2726653446656561591,train_batch_18,62
2680163688662981930,train_batch_18,63
2670910343669082587,train_batch_18,64
2723272152656173506,train_batch_18,65
2721522528655381304,train_batch_18,66
2729685683661626326,train_batch_18,67
2692643710646989528,train_batch_18,68
2662376104661404072,train_batch_18,69
2726047317667146747,train_batch_18,70
2704912101651882413,train_batch_18,71
2728643550656838617,train_batch_18,72
2719503975669549401,train_batch_18,73
2689015223673269635,train_batch_18,74
2687160466650270075,train_batch_18,75
2700581210643824749,train_batch_18,76
2682394684655185505,train_batch_18,77
2674093294672403791,train_batch_18,78
2659041227663216594,train_batch_18,79
2673800903660089284,train_batch_18,80
2691400560649311291,train_batch_18,81
2668153601655644007,train_batch_18,82
2678506637655925836,train_batch_18,83
2702999295633136983,train_batch_18,84
2734828346657069605,train_batch_18,85
2689927527668293538,train_batch_18,86
2726966135656273777,train_batch_18,87
2683027784673236361,train_batch_18,88
2666913405658752131,train_batch_18,89
2706263686653400190,train_batch_18,90
2694061218649893436,train_batch_18,91
2670117535664012153,train_batch_18,92
2715069643667795555,train_batch_18,93
2682594344634899353,train_batch_18,94
2694853206635920254,train_batch_18,95
2662634446664116780,train_batch_18,96
2688885015651545965,train_batch_18,97
2697399126635702302,train_batch_18,98
2711591704673527512,train_batch_18,99
2665767972658181078,train_batch_18,100
2702480077665024543,train_batch_18,101
2689983905661621292,train_batch_18,102
2682521906653334121,train_batch_18,103
2693990107643790195,train_batch_18,104
2688187084634864367,train_batch_18,105
2688605417635734935,train_batch_18,106
2662525391664398232,train_batch_18,107
2691224712645034684,train_batch_18,108
2703604985673632025,train_batch_18,109
2706188159664280627,train_batch_18,110
2699900484648062331,train_batch_18,111
2700643364669642212,train_batch_18,112
2679102066649081255,train_batch_18,113
2727196462665356776,train_batch_18,114
2689023417649454596,train_batch_18,115
2723940626673279535,train_batch_18,116
2689850819661439501,train_batch_18,117
2717251933656105061,train_batch_18,118
2670875718658313116,train_batch_18,119
2701496258670309031,train_batch_18,120
2659272914659069170,train_batch_18,121
2706421250637886703,train_batch_18,122
2735078835665728172,train_batch_18,123
2682323701671543855,train_batch_18,124
2666691577670691161,train_batch_18,125
2688631197671607885,train_batch_18,126
2709374762668486682,train_batch_18,127
2724864403656399625,train_batch_18,128
2700930768641125574,train_batch_18,129
2696552591655338428,train_batch_18,130
2709229125660833136,train_batch_18,131
2669616848661480834,train_batch_18,132
2691675830638039374,train_batch_18,133
2729314526663532122,train_batch_18,134
2690170971674928125,train_batch_18,135
2730186146662521374,train_batch_18,136
2710813213659072861,train_batch_18,137
2672571928671311739,train_batch_18,138
2692958563656877408,train_batch_18,139
2719619451661434657,train_batch_18,140
2713771520650494763,train_batch_18,141
2690276122666265814,train_batch_18,142
2726194902667684197,train_batch_18,143
2669752546633140342,train_batch_18,144
2704028222662891672,train_batch_18,145
2701142375669882403,train_batch_18,146
2698194281664373738,train_batch_18,147
2702137181651518232,train_batch_18,148
2679105006664022896,train_batch_18,149
2689663002666302273,train_batch_18,150
2676999577660369397,train_batch_18,151
2728783058657718773,train_batch_18,152
2701154543637452432,train_batch_18,153
2704523916653569661,train_batch_18,154
2663664044662068351,train_batch_18,155
2701771119651846089,train_batch_18,156
2708559701656270693,train_batch_18,157
2736238981656230424,train_batch_18,158
2704901237670132159,train_batch_18,159
2675537122645555346,train_batch_18,160
2726187558654066774,train_batch_18,161
2714029671650356618,train_batch_18,162
2722119641658343091,train_batch_18,163
2702704039640226268,train_batch_18,164
2660722758655031495,train_batch_18,165
2713971997667330015,train_batch_18,166
2691748089640905666,train_batch_18,167
2729068931664902302,train_batch_18,168
2719106878667035637,train_batch_18,169
2705052794655015869,train_batch_18,170
2679225169645862341,train_batch_18,171
2706218329637199868,train_batch_18,172
2706855802668198393,train_batch_18,173
2689568472636946597,train_batch_18,174
2720406490639124833,train_batch_18,175
2732941482654101168,train_batch_18,176
2678673635663889889,train_batch_18,177
2698403936638024064,train_batch_18,178
2703554829639978749,train_batch_18,179
2668920086663055191,train_batch_18,180
2716559408657779325,train_batch_18,181
2665612110664692472,train_batch_18,182
2713688270654830567,train_batch_18,183
2693857324665265866,train_batch_18,184
2681302952646655270,train_batch_18,185
2664212717667356518,train_batch_18,186
2678195885671922082,train_batch_18,187
2684722567658103711,train_batch_18,188
2704930605652412804,train_batch_18,189
2723523114660989840,train_batch_18,190
2685343943652861125,train_batch_18,191
2693252396660144911,train_batch_18,192
2708199157635399248,train_batch_18,193
2673767254647198115,train_batch_18,194
2688098522676216048,train_batch_18,195
2704336646671950819,train_batch_18,196
2690552372658254929,train_batch_18,197
2709642436634713556,train_batch_18,198
2693097709664419329,train_batch_18,199
2672466801633965418,train_batch_18,200
2699822434639186708,train_batch_18,201
2678579217670086795,train_batch_18,202
2664352473666268461,train_batch_18,203
2663850099661326582,train_batch_18,204
2693215000663206223,train_batch_18,205
2730515125668167169,train_batch_18,206
2676371027638468274,train_batch_18,207
2706308634673838901,train_batch_18,208
2709531410665102283,train_batch_18,209
2691060455645296607,train_batch_18,210
2680372721650274102,train_batch_18,211
2670624681632539482,train_batch_18,212
2660918492658173371,train_batch_18,213
2660653963657646821,train_batch_18,214
2709292706635320841,train_batch_18,215
2727662205665468012,train_batch_18,216
2684033052667459808,train_batch_18,217
2674804410660419564,train_batch_18,218
2711393730673609927,train_batch_18,219
2677813028655307424,train_batch_18,220
2730672339650242911,train_batch_18,221
2685253126649812900,train_batch_18,222
2672359953659564671,train_batch_18,223
2688699637647537037,train_batch_18,224
2697045407636103780,train_batch_18,225
2682618707645008279,train_batch_18,226
2684246439645020956,train_batch_18,227
2691426917667646697,train_batch_18,228
2726584211668634179,train_batch_18,229
2699398092676104000,train_batch_18,230
2706076356636852204,train_batch_18,231
2686063783647123796,train_batch_18,232
2662819300651166367,train_batch_18,233
2673630287637295419,train_batch_18,234
2697088358647931834,train_batch_18,235
2655985317654631259,train_batch_18,236
2690153301640068200,train_batch_18,237
2724949567660926120,train_batch_18,238
2722454861658813294,train_batch_18,239
2686627346672279559,train_batch_18,240
2673025770655154234,train_batch_18,241
2691578668673112369,train_batch_18,242
2704472353673284765,train_batch_18,243
2730105759667199226,train_batch_18,244
2672330923664838333,train_batch_18,245
2701264774658612698,train_batch_18,246
2669140328669851957,train_batch_18,247
2693612257645469520,train_batch_18,248
2701493300654379725,train_batch_18,249
2705226790636830265,train_batch_18,250
2679648002670535377,train_batch_18,251
2687982779664496532,train_batch_18,252
2718341712667691762,train_batch_18,253
2726617477669526243,train_batch_18,254
2693294976651551423,train_batch_18,255
2679242956647643934,train_batch_18,256
2727568683665061976,train_batch_18,257
2691882769672278493,train_batch_18,258
2709858765647263756,train_batch_18,259
2694767780636036130,train_batch_18,260
2664878632663569431,train_batch_18,261
2733717804661143761,train_batch_18,262
2669919159660896813,train_batch_18,263
2708617452673089155,train_batch_18,264
2690613442676472141,train_batch_18,265
2687608306634947832,train_batch_18,266
2701570863637548683,train_batch_18,267
2701851199654744140,train_batch_18,268
2672557803654529211,train_batch_18,269
2705548206666982023,train_batch_18,270
2684486530656448631,train_batch_18,271
2707789950654783361,train_batch_18,272
2723607407670593844,train_batch_18,273
2706388975674664639,train_batch_18,274
2669821939671533631,train_batch_18,275
2663810610652080493,train_batch_18,276
2682662490662366150,train_batch_18,277
2686058792646173593,train_batch_18,278
2697134291656889166,train_batch_18,279
2697388805656830722,train_batch_18,280
2698870937646215942,train_batch_18,281
2710407545651678798,train_batch_18,282
2678822922666392058,train_batch_18,283
2710645333650541024,train_batch_18,284
2658394935655599488,train_batch_18,285
2692579696638315862,train_batch_18,286
2676087844654955021,train_batch_18,287
2668955543657396604,train_batch_18,288
2712598235645384337,train_batch_18,289
2678384117647653711,train_batch_18,290
2722235325655280241,train_batch_18,291
2668866407663407739,train_batch_18,292
2726811257661657013,train_batch_18,293
2682500767666152441,train_batch_18,294
2690803599644958707,train_batch_18,295
2671493783663458390,train_batch_18,296
2692961675657781504,train_batch_18,297
2689110247674712028,train_batch_18,298
2694652226652321347,train_batch_18,299
2663579523660992288,train_batch_18,300
2728767243657249863,train_batch_18,301
2724076207672397837,train_batch_18,302
2675854671636055559,train_batch_18,303
2663733565657065111,train_batch_18,304
2691077031652263757,train_batch_18,305
2727690689652506912,train_batch_18,306
2696157441635514753,train_batch_18,307
2693918680636256878,train_batch_18,308
2689687603660455974,train_batch_18,309
2722136162662294121,train_batch_18,310
2727842002668158728,train_batch_18,311
2720442193648146378,train_batch_18,312
2688353398638602820,train_batch_18,313
2698961182667589798,train_batch_18,314
2670787304648654892,train_batch_18,315
2718112721636821519,train_batch_18,316
2697123017651790524,train_batch_18,317
2669929359660815540,train_batch_18,318
2678486387663642905,train_batch_18,319
2712893707645148177,train_batch_18,320
2715109019656233665,train_batch_18,321
2672751916654146434,train_batch_18,322
2680872944670030637,train_batch_18,323
2686166042636772046,train_batch_18,324
2689603993672590572,train_batch_18,325
2713816040672651631,train_batch_18,326
2728128158649720047,train_batch_18,327
2713539604651538425,train_batch_18,328
2719398926653464941,train_batch_18,329
2717189702657610743,train_batch_18,330
2686833104637561725,train_batch_18,331
2667089981668206694,train_batch_18,332
2696442141660942706,train_batch_18,333
2715253694659026450,train_batch_18,334
2702795557668662494,train_batch_18,335
2710341397649698314,train_batch_18,336
2726819861654075918,train_batch_18,337
2715545920657457416,train_batch_18,338
2724936022655417219,train_batch_18,339
2665351485669832433,train_batch_18,340
2672415112666601168,train_batch_18,341
2726360579667551868,train_batch_18,342
2674030623652405199,train_batch_18,343
2726048448667265832,train_batch_18,344
2685789353639927885,train_batch_18,345
2700582522656731135,train_batch_18,346
2737021980663448103,train_batch_18,347
2663623203659673501,train_batch_18,348
2659875309653960086,train_batch_18,349
2696267056651055959,train_batch_18,350
2703766066663046115,train_batch_18,351
2671139781657950163,train_batch_18,352
2710869003657565593,train_batch_18,353
2712040206663356862,train_batch_18,354
2665501838669365713,train_batch_18,355
2663978647666644934,train_batch_18,356
2698531116661537404,train_batch_18,357
2717580693665828031,train_batch_18,358
2670939844656041287,train_batch_18,359
2659360422664228514,train_batch_18,360
2684241310644931083,train_batch_18,361
2716855652637450251,train_batch_18,362
2702571231652323256,train_batch_18,363
2721025748656472114,train_batch_18,364
2682907641667200482,train_batch_18,365
2700711217646031392,train_batch_18,366
2668423648659711764,train_batch_18,367
2692088578652563105,train_batch_18,368
2724667939674192036,train_batch_18,369
2695421346639466609,train_batch_18,370
2695534643650256037,train_batch_18,371
2680957409638078058,train_batch_18,372
2694676390647384271,train_batch_18,373
2714435554656818909,train_batch_18,374
2708976645667108012,train_batch_18,375
2704681788650286277,train_batch_18,376
2708003730637384445,train_batch_18,377
2677207611657490441,train_batch_18,378
2729327815654961376,train_batch_18,379
2715841617664582893,train_batch_18,380
2717576489636722898,train_batch_18,381
2694405597658609670,train_batch_18,382
2676938884646741606,train_batch_18,383
2729069309654220724,train_batch_18,384
2706860743648649228,train_batch_18,385
2690116779675808149,train_batch_18,386
2700094633673701304,train_batch_18,387
2671511276666045595,train_batch_18,388
2705289801651134413,train_batch_18,389
2718123593666592065,train_batch_18,390
2696744941673893277,train_batch_18,391
2684325010662071356,train_batch_18,392
2699592380638784903,train_batch_18,393
2668528629648941011,train_batch_18,394
2692208333657349441,train_batch_18,395
2673849564658900668,train_batch_18,396
2670628032657745459,train_batch_18,397
2697446260661868410,train_batch_18,398
2679450326655112715,train_batch_18,399
2674500922667016657,train_batch_18,400
2690095874650797802,train_batch_18,401
2704815251652520518,train_batch_18,402
2713154708671601758,train_batch_18,403
2720318029668949159,train_batch_18,404
2671516087663683954,train_batch_18,405
2698037735638843358,train_batch_18,406
2727907191669268134,train_batch_18,407
2687017296654346747,train_batch_18,408
2700568075652009928,train_batch_18,409
2677569425648541927,train_batch_18,410
2697776390665413657,train_batch_18,411
2671817511655509890,train_batch_18,412
2725646283669961440,train_batch_18,413
2725176374650633728,train_batch_18,414
2699060842666791459,train_batch_18,415
2671122424653755950,train_batch_18,416
2734668213665488197,train_batch_18,417
2667688991650441442,train_batch_18,418
2721260910656372460,train_batch_18,419
2704583544647395802,train_batch_18,420
2729840949660369084,train_batch_18,421
2666220727670337889,train_batch_18,422
2702429809633379713,train_batch_18,423
2708696213667854608,train_batch_18,424
2699370671659669564,train_batch_18,425
2674730192664359926,train_batch_18,426
2720020139647480996,train_batch_18,427
2669515494660641027,train_batch_18,428
2729974160657235243,train_batch_18,429
2667074299662221584,train_batch_18,430
2707394040667553310,train_batch_18,431
2701964001649120295,train_batch_18,432
2689508751646007887,train_batch_18,433
2686287018674520670,train_batch_18,434
2720821757652645214,train_batch_18,435
2705516179655749119,train_batch_18,436
2665305563653500763,train_batch_18,437
2709514974673873473,train_batch_18,438
2684661991652377876,train_batch_18,439
2686167430674319517,train_batch_18,440
2663285843651919207,train_batch_18,441
2701689160655644191,train_batch_18,442
2733519151652806406,train_batch_18,443
2689892859663293853,train_batch_18,444
2726644301667536959,train_batch_18,445
2677234989671594575,train_batch_18,446
2709479093649952666,train_batch_18,447
2710921971635140019,train_batch_18,448
2715123630663636386,train_batch_18,449
2735863061658182331,train_batch_18,450
2707661049638746046,train_batch_18,451
2708716883658184748,train_batch_18,452
2679608150667336616,train_batch_18,453
2726062789655223073,train_batch_18,454
2691122649654326992,train_batch_18,455
2691969834676787742,train_batch_18,456
2717138060646896054,train_batch_18,457
2678130966648137632,train_batch_18,458
2715425963654227097,train_batch_18,459
2673670432649501539,train_batch_18,460
2707890131664080356,train_batch_18,461
2722435416665536395,train_batch_18,462
2714526205659315200,train_batch_18,463
2684387490656659565,train_batch_18,464
2666628720654063345,train_batch_18,465
2688032546653727826,train_batch_18,466
2705579107672864650,train_batch_18,467
2707093303649423976,train_batch_18,468
2684127123649534728,train_batch_18,469
2671184126660754750,train_batch_18,470
2723248969665149453,train_batch_18,471
2696350394660089396,train_batch_18,472
2720728697669694665,train_batch_18,473
2693841318668775474,train_batch_18,474
2660192529654284023,train_batch_18,475
2666196814653625536,train_batch_18,476
2670759755668962901,train_batch_18,477
2718006876659056928,train_batch_18,478
2685358913676271154,train_batch_18,479
2702727424668724941,train_batch_18,480
2671860369663643638,train_batch_18,481
2664398109659268756,train_batch_18,482
2666847306652779448,train_batch_18,483
2694070261665887411,train_batch_18,484
2716495087663436750,train_batch_18,485
2684738447633928115,train_batch_18,486
2696301442671959012,train_batch_18,487
2670076245651805950,train_batch_18,488
2725878282662679020,train_batch_18,489
2673981571650891524,train_batch_18,490
2694743528671210519,train_batch_18,491
2695000247666715450,train_batch_18,492
2677662744649968854,train_batch_18,493
2666366671654819002,train_batch_18,494
2706262183659522665,train_batch_18,495
2716282699649040594,train_batch_18,496
2736050286661565397,train_batch_18,497
2698730518641457207,train_batch_18,498
2674060081660754692,train_batch_18,499
2706358058673359302,train_batch_19,0
2675481669655020659,train_batch_19,1
2673563360660798894,train_batch_19,2
2684860752658364164,train_batch_19,3
2671762500672966486,train_batch_19,4
2710331582672261948,train_batch_19,5
2700879874644722707,train_batch_19,6
2690250544668513279,train_batch_19,7
2679635201659632203,train_batch_19,8
2668419361655337827,train_batch_19,9
2718290143664004714,train_batch_19,10
2673447401671668582,train_batch_19,11
2714819937663547747,train_batch_19,12
2696891405658292925,train_batch_19,13
2719460245656999871,train_batch_19,14
2729776597652459961,train_batch_19,15
2734247137664314519,train_batch_19,16
2662565963665897225,train_batch_19,17
2718925943659584336,train_batch_19,18
2702302578656162900,train_batch_19,19
2688439147636422148,train_batch_19,20
2715067522655636737,train_batch_19,21
2678746468670116005,train_batch_19,22
2693955308663390132,train_batch_19,23
2698934700657505250,train_batch_19,24
2689574560662015307,train_batch_19,25
2722717660655141389,train_batch_19,26
2693732079655827615,train_batch_19,27
2702370411643317861,train_batch_19,28
2689498738639054993,train_batch_19,29
2688188897651321309,train_batch_19,30
2673169911633968369,train_batch_19,31
2656540228653151988,train_batch_19,32
2671422251657328501,train_batch_19,33
2669528757659200281,train_batch_19,34
2700081030655436430,train_batch_19,35
2699488921648298621,train_batch_19,36
2708438223646586219,train_batch_19,37
2668151379664316687,train_batch_19,38
2669792837659198897,train_batch_19,39
2707192845652410234,train_batch_19,40
2678833267635347578,train_batch_19,41
2706553526671465074,train_batch_19,42
2699313002665320117,train_batch_19,43
2680589069645546150,train_batch_19,44
2680130860668975244,train_batch_19,45
2703069885634618694,train_batch_19,46
2713044598659682615,train_batch_19,47
2698614643664940610,train_batch_19,48
2690865829661412403,train_batch_19,49
2682209164662665909,train_batch_19,50
2677870860657015612,train_batch_19,51
2717913575659955580,train_batch_19,52
2692650831665163229,train_batch_19,53
2707653145672472231,train_batch_19,54
2702584260676278016,train_batch_19,55
2728179358671047238,train_batch_19,56
2716711736651441055,train_batch_19,57
2699759554645135483,train_batch_19,58
2704255005662166749,train_batch_19,59
2664087642652769048,train_batch_19,60
2690012004646085562,train_batch_19,61
2694664204657191070,train_batch_19,62
2731198417655357616,train_batch_19,63
2717020070670261640,train_batch_19,64
2693205658637125906,train_batch_19,65
2712032824671229759,train_batch_19,66
2729150680664520848,train_batch_19,67
2695379892641028998,train_batch_19,68
2709580460658091196,train_batch_19,69
2727406232654179299,train_batch_19,70
2683704590663814848,train_batch_19,71
2707455344657427705,train_batch_19,72
2719658854661180889,train_batch_19,73
2685756903632495472,train_batch_19,74
2719700171660781062,train_batch_19,75
2692738157651718612,train_batch_19,76
2671764838652920849,train_batch_19,77
2664309303663782345,train_batch_19,78
2718299555651821994,train_batch_19,79
2710781779649939593,train_batch_19,80
2673170919658210453,train_batch_19,81
2708885512653936814,train_batch_19,82
2713171436667633078,train_batch_19,83
2693072757671461430,train_batch_19,84
2689550752664761745,train_batch_19,85
2684023568670752646,train_batch_19,86
2688271348662703313,train_batch_19,87
2682339518655476650,train_batch_19,88
2687655676634454025,train_batch_19,89
2706158914660732573,train_batch_19,90
2694855484647056402,train_batch_19,91
2719147501659024279,train_batch_19,92
2706532157648856024,train_batch_19,93
2663172049667544717,train_batch_19,94
2699517857676063471,train_batch_19,95
2721421981656570700,train_batch_19,96
2722661026659405618,train_batch_19,97
2679703347646285889,train_batch_19,98
2729288063653161795,train_batch_19,99
2720194907650913900,train_batch_19,100
2664874839632544844,train_batch_19,101
2706936240675951681,train_batch_19,102
2719135923658651649,train_batch_19,103
2686914350673885666,train_batch_19,104
2688366512658695156,train_batch_19,105
2699933290674665232,train_batch_19,106
2678814015636844566,train_batch_19,107
2671963445657491457,train_batch_19,108
2698960495646650405,train_batch_19,109
2734455213652921646,train_batch_19,110
2680965686649159488,train_batch_19,111
2698984474666789533,train_batch_19,112
2706106965661771214,train_batch_19,113
2703763426667734540,train_batch_19,114
2703668100663411474,train_batch_19,115
2692554308644356350,train_batch_19,116
2670333362647720017,train_batch_19,117
2712794626672134942,train_batch_19,118
2701050878637649044,train_batch_19,119
2728069269666154761,train_batch_19,120
2730868410655856114,train_batch_19,121
2672803688657359647,train_batch_19,122
2698926500650554230,train_batch_19,123
2679142156663587850,train_batch_19,124
2727973185667843260,train_batch_19,125
2667508752634738714,train_batch_19,126
2694557993671859991,train_batch_19,127
2711164082664297322,train_batch_19,128
2690577217638673045,train_batch_19,129
2713148579669104546,train_batch_19,130
2724813430666178736,train_batch_19,131
2686197839666719472,train_batch_19,132
2707555711656153401,train_batch_19,133
2711846783659100479,train_batch_19,134
2705409508676341290,train_batch_19,135
2725800153671038961,train_batch_19,136
2700337697636758052,train_batch_19,137
2707245274653784441,train_batch_19,138
2712441242667058191,train_batch_19,139
2731596470655974743,train_batch_19,140
2729136195654784809,train_batch_19,141
2686435618645686201,train_batch_19,142
2685717041632335636,train_batch_19,143
2682069259634162147,train_batch_19,144
2703909453669542023,train_batch_19,145
2661873177652427785,train_batch_19,146
2715541112663374203,train_batch_19,147
2714223541661084811,train_batch_19,148
2737458320658883983,train_batch_19,149
2659200323657593861,train_batch_19,150
2669591914671431092,train_batch_19,151
2710026392652131492,train_batch_19,152
2721889402654765250,train_batch_19,153
2695211176675228398,train_batch_19,154
2699115962675000121,train_batch_19,155
2712184331658339936,train_batch_19,156
2695741360655358829,train_batch_19,157
2677520241673257925,train_batch_19,158
2712539944652634841,train_batch_19,159
2676628247656522628,train_batch_19,160
2684014261666814116,train_batch_19,161
2701353849657140419,train_batch_19,162
2715447383653123159,train_batch_19,163
2689410681670974533,train_batch_19,164
2722394360654194675,train_batch_19,165
2724988770663837001,train_batch_19,166
2700645494651839557,train_batch_19,167
2679479525662638220,train_batch_19,168
2719322132674394973,train_batch_19,169
2697058300655380217,train_batch_19,170
2658195654654539942,train_batch_19,171
2692939564645140327,train_batch_19,172
2672199682666679524,train_batch_19,173
2716860083656550682,train_batch_19,174
2719527070667544740,train_batch_19,175
2736331280662070935,train_batch_19,176
2729855050663631904,train_batch_19,177
2717101713646600842,train_batch_19,178
2694375942651663171,train_batch_19,179
2700380199655629095,train_batch_19,180
2672354402649739419,train_batch_19,181
2697205025656810335,train_batch_19,182
2679348538637074946,train_batch_19,183
2715259210647845502,train_batch_19,184
2693234783655848522,train_batch_19,185
2701650981640383578,train_batch_19,186
2728012560650889948,train_batch_19,187
2678324253650746755,train_batch_19,188
2719903162666889642,train_batch_19,189
2689566612657149156,train_batch_19,190
2699188384645468745,train_batch_19,191
2662063532661822794,train_batch_19,192
2676304024671871658,train_batch_19,193
2656353109660501697,train_batch_19,194
2680657637651492227,train_batch_19,195
2674139939647096145,train_batch_19,196
2729170793671428613,train_batch_19,197
2689087516668438927,train_batch_19,198
2716554254669601565,train_batch_19,199
2677681570656129989,train_batch_19,200
2702985542646011438,train_batch_19,201
2733611672660640997,train_batch_19,202
2694126296659963869,train_batch_19,203
2683541464649642432,train_batch_19,204
2663696360662153981,train_batch_19,205
2713961461668966898,train_batch_19,206
2726454813652272721,train_batch_19,207
2699591377667556760,train_batch_19,208
2687805948634473859,train_batch_19,209
2707519879655735987,train_batch_19,210
2696582201649259744,train_batch_19,211
2688014278665969794,train_batch_19,212
2672715524655883672,train_batch_19,213
2688593841658043186,train_batch_19,214
2683271810669457756,train_batch_19,215
2707045055674204031,train_batch_19,216
2720158274663546710,train_batch_19,217
2682376104654473675,train_batch_19,218
2709831257660874540,train_batch_19,219
2699344813663566534,train_batch_19,220
2659370476660185542,train_batch_19,221
2726009915661362129,train_batch_19,222
2727780156669017361,train_batch_19,223
2732617189662700500,train_batch_19,224
2694074597651493651,train_batch_19,225
2736679086657179482,train_batch_19,226
2705313661647978474,train_batch_19,227
2689900183674027044,train_batch_19,228
2710004691653807579,train_batch_19,229
2700804630644571964,train_batch_19,230
2686606571641598201,train_batch_19,231
2688503326666928818,train_batch_19,232
2696716012661187618,train_batch_19,233
2695132885657537667,train_batch_19,234
2691758747667766298,train_batch_19,235
2708279048639396904,train_batch_19,236
2695625624647551234,train_batch_19,237
2683526533636004499,train_batch_19,238
2672402188649070868,train_batch_19,239
2690732563664300202,train_batch_19,240
2696274251668225104,train_batch_19,241
2681824673657508977,train_batch_19,242
2678699957639382915,train_batch_19,243
2707966915637214088,train_batch_19,244
2689012289647069730,train_batch_19,245
2704269263649003114,train_batch_19,246
2669017997657999155,train_batch_19,247
2709775123635375467,train_batch_19,248
2705801882657123438,train_batch_19,249
2671323012665983315,train_batch_19,250
2664819115653351571,train_batch_19,251
2687252998649845611,train_batch_19,252
2696141966671431407,train_batch_19,253
2703165652652673539,train_batch_19,254
2696066837649546143,train_batch_19,255
2676766424662410695,train_batch_19,256
2682004295665564226,train_batch_19,257
2724112846670522435,train_batch_19,258
2715428309658533671,train_batch_19,259
2676714526661482321,train_batch_19,260
2700482490670807284,train_batch_19,261
2668292054666073207,train_batch_19,262
2668174260661894257,train_batch_19,263
2705839685658833117,train_batch_19,264
2692342863636840520,train_batch_19,265
2687183584657900200,train_batch_19,266
2669437160662615469,train_batch_19,267
2732866657653264653,train_batch_19,268
2692248631667588286,train_batch_19,269
2699071320638858863,train_batch_19,270
2690140445634719606,train_batch_19,271
2700723815641621036,train_batch_19,272
2712457546659465002,train_batch_19,273
2667109554666353598,train_batch_19,274
2686216870671340423,train_batch_19,275
2716851991646198554,train_batch_19,276
2705754956671913601,train_batch_19,277
2684592415637426252,train_batch_19,278
2699303542635647845,train_batch_19,279
2685040134652387989,train_batch_19,280
2705070922654064191,train_batch_19,281
2664356338661902965,train_batch_19,282
2721955024649753545,train_batch_19,283
2690640863675866585,train_batch_19,284
2733220465654902130,train_batch_19,285
2690447190674599976,train_batch_19,286
2705072377654932481,train_batch_19,287
2693153798652303242,train_batch_19,288
2718292067672707529,train_batch_19,289
2690994046665860151,train_batch_19,290
2708288509656271564,train_batch_19,291
2719416626659254532,train_batch_19,292
2719604210660093957,train_batch_19,293
2681243894648897543,train_batch_19,294
2726162681666623154,train_batch_19,295
2670549954633137083,train_batch_19,296
2720101146656238103,train_batch_19,297
2673314637671228783,train_batch_19,298
2688273254662814225,train_batch_19,299
2675748988635850532,train_batch_19,300
2687624227663837399,train_batch_19,301
2712661773660085127,train_batch_19,302
2665215754632205141,train_batch_19,303
2699589905647115060,train_batch_19,304
2713375136658194664,train_batch_19,305
2713050147654021963,train_batch_19,306
2696612589648279343,train_batch_19,307
2718899785666326415,train_batch_19,308
2693901320651486686,train_batch_19,309
2723521738671691702,train_batch_19,310
2724579675658629487,train_batch_19,311
2693101321656851458,train_batch_19,312
2675431399638172409,train_batch_19,313
2673469850651102726,train_batch_19,314
2687589651660114195,train_batch_19,315
2666423218667231096,train_batch_19,316
2692794583655738183,train_batch_19,317
2670883420658620735,train_batch_19,318
2673474767655559972,train_batch_19,319
2709401038637591092,train_batch_19,320
2698356411650583440,train_batch_19,321
2683892216664670994,train_batch_19,322
2701689583648481008,train_batch_19,323
2688081669647005394,train_batch_19,324
2697870423657127715,train_batch_19,325
2680872156675301638,train_batch_19,326
2719456683667157784,train_batch_19,327
2720040072665845064,train_batch_19,328
2687143164648368524,train_batch_19,329
2688816356666653607,train_batch_19,330
2688110528663152719,train_batch_19,331
2694055921641448122,train_batch_19,332
2675479205635722765,train_batch_19,333
2722041162665581086,train_batch_19,334
2726327531655396294,train_batch_19,335
2691465365658060619,train_batch_19,336
2695977387653240989,train_batch_19,337
2697756035636061674,train_batch_19,338
2721193705671912196,train_batch_19,339
2714307612647509305,train_batch_19,340
2676090243651894672,train_batch_19,341
2698021015652690953,train_batch_19,342
2735742694658941160,train_batch_19,343
2715168960657973621,train_batch_19,344
2725640982653618855,train_batch_19,345
2710714753647620322,train_batch_19,346
2670332118659497646,train_batch_19,347
2686633132670699131,train_batch_19,348
2699742504652124490,train_batch_19,349
2708338872659129412,train_batch_19,350
2715516087667861332,train_batch_19,351
2663468013651221276,train_batch_19,352
2721603097671385660,train_batch_19,353
2698385875645855614,train_batch_19,354
2686173922663829664,train_batch_19,355
2681625091638897454,train_batch_19,356
2705994749659845157,train_batch_19,357
2699108800648101578,train_batch_19,358
2668488334652465894,train_batch_19,359
2698485658655467496,train_batch_19,360
2681471860653421869,train_batch_19,361
2728995939668279484,train_batch_19,362
2669674055661286334,train_batch_19,363
2734199151661496432,train_batch_19,364
2704126422637709594,train_batch_19,365
2723350944656386715,train_batch_19,366
2688308807660472313,train_batch_19,367
2673331187635962900,train_batch_19,368
2716377087637973124,train_batch_19,369
2661627778656159922,train_batch_19,370
2672918712654920223,train_batch_19,371
2703603039651541609,train_batch_19,372
2717684716658366015,train_batch_19,373
2687651134641064060,train_batch_19,374
2682300447667940465,train_batch_19,375
2678739418666058526,train_batch_19,376
2736347550658470952,train_batch_19,377
2674634062664347464,train_batch_19,378
2703225485664008892,train_batch_19,379
2719744970659206872,train_batch_19,380
2727215279663422862,train_batch_19,381
2666184999662644799,train_batch_19,382
2685499798674345421,train_batch_19,383
2683782482645357822,train_batch_19,384
2704270532639143739,train_batch_19,385
2693050427666182538,train_batch_19,386
2690733466660835382,train_batch_19,387
2679916997648022987,train_batch_19,388
2659201403666108335,train_batch_19,389
2661000631655766711,train_batch_19,390
2730515662669520477,train_batch_19,391
2698945600638151144,train_batch_19,392
2714444086663332169,train_batch_19,393
2718136117639581087,train_batch_19,394
2703306529673583053,train_batch_19,395
2691688903663815228,train_batch_19,396
2681666027666107821,train_batch_19,397
2694355767652695604,train_batch_19,398
2660401112653991979,train_batch_19,399
2729674467659477069,train_batch_19,400
2707534610643867259,train_batch_19,401
2693052646645026908,train_batch_19,402
2718783320638607775,train_batch_19,403
2729254877649733883,train_batch_19,404
2675914648636932209,train_batch_19,405
2729522040666457707,train_batch_19,406
2705624708665559389,train_batch_19,407
2663979079653077552,train_batch_19,408
2691854731643449695,train_batch_19,409
2673309058667521155,train_batch_19,410
2674113557653842865,train_batch_19,411
2718943534656431083,train_batch_19,412
2719325481637068872,train_batch_19,413
2729490373664421203,train_batch_19,414
2706582293638190956,train_batch_19,415
2704717158653542404,train_batch_19,416
2712725110654449821,train_batch_19,417
2714172380649354341,train_batch_19,418
2718807073670280013,train_batch_19,419
2680701667653599411,train_batch_19,420
2703104972633893670,train_batch_19,421
2706856071638137746,train_batch_19,422
2679273483647616799,train_batch_19,423
2702096389647151758,train_batch_19,424
2708014661649125602,train_batch_19,425
2674768584636855448,train_batch_19,426
2716887580648097068,train_batch_19,427
2729111101670391648,train_batch_19,428
2733142872667815549,train_batch_19,429
2723183923649262386,train_batch_19,430
2694280890637174801,train_batch_19,431
2715621977664145353,train_batch_19,432
2719748226662701074,train_batch_19,433
2718826483657883765,train_batch_19,434
2709919863672581627,train_batch_19,435
2725339572648567499,train_batch_19,436
2703532004634037202,train_batch_19,437
2669863131633377441,train_batch_19,438
2694152770663300508,train_batch_19,439
2708772512656215740,train_batch_19,440
2680869815652463568,train_batch_19,441
2717061577667962042,train_batch_19,442
2673231892664552146,train_batch_19,443
2707539765672076690,train_batch_19,444
2737470381658961165,train_batch_19,445
2678685868663692529,train_batch_19,446
2725911972647871554,train_batch_19,447
2670200828661000379,train_batch_19,448
2664457812663665182,train_batch_19,449
2709854660638687410,train_batch_19,450
2725289298657321761,train_batch_19,451
2685083144634747968,train_batch_19,452
2720553199670246876,train_batch_19,453
2686305130658423237,train_batch_19,454
2658086321657126236,train_batch_19,455
2695980125638813891,train_batch_19,456
2730606960664745913,train_batch_19,457
2684711789671639480,train_batch_19,458
2691677873665073685,train_batch_19,459
2701910625641574886,train_batch_19,460
2707740421658092973,train_batch_19,461
2666849216659346257,train_batch_19,462
2667486681668552564,train_batch_19,463
2716779432647410907,train_batch_19,464
2727788683667621175,train_batch_19,465
2672679899655612452,train_batch_19,466
2711474257668565061,train_batch_19,467
2690954488677156964,train_batch_19,468
2714848934654881987,train_batch_19,469
2691727479641579521,train_batch_19,470
2703469432654692635,train_batch_19,471
2714258099668328507,train_batch_19,472
2713411765663429193,train_batch_19,473
2681282225669806201,train_batch_19,474
2667967557660451539,train_batch_19,475
2737855026660228794,train_batch_19,476
2733704512653331863,train_batch_19,477
2729481077658492268,train_batch_19,478
2699246075647252880,train_batch_19,479
2691166564650956041,train_batch_19,480
2666709383651186495,train_batch_19,481
2707933936649175128,train_batch_19,482
2701092352675360576,train_batch_19,483
2699932611671496101,train_batch_19,484
2703339747668639689,train_batch_19,485
2693852296646543655,train_batch_19,486
2695062897635761951,train_batch_19,487
2666045947653469093,train_batch_19,488
2707174177647722443,train_batch_19,489
2674958385637865391,train_batch_19,490
2712173098661844142,train_batch_19,491
2699961180649215196,train_batch_19,492
2663975562658765725,train_batch_19,493
2667551538653281570,train_batch_19,494
2676256951652768111,train_batch_19,495
2662885248657133711,train_batch_19,496
2703529965634527159,train_batch_19,497
2702993891664671882,train_batch_19,498
2675761503671796719,train_batch_19,499
2684299328648417665,train_batch_20,0
2720834495672403397,train_batch_20,1
2692645944638984238,train_batch_20,2
2676646008670351163,train_batch_20,3
2693443083659140671,train_batch_20,4
2678548694669125287,train_batch_20,5
2691270369654281670,train_batch_20,6
2691840517662424526,train_batch_20,7
2715560722636296190,train_batch_20,8
2731999179654369592,train_batch_20,9
2667818839666673090,train_batch_20,10
2676464356669747321,train_batch_20,11
2666593133650706533,train_batch_20,12
2683378288661467741,train_batch_20,13
2718702852654617533,train_batch_20,14
2707893961647494575,train_batch_20,15
2703853665674555863,train_batch_20,16
2687517755669942673,train_batch_20,17
2706951692647750438,train_batch_20,18
2724713750670592035,train_batch_20,19
2682482727635365940,train_batch_20,20
2675972771658225828,train_batch_20,21
2714673945647401777,train_batch_20,22
2727773298652996405,train_batch_20,23
2692089391653925337,train_batch_20,24
2667766668651832006,train_batch_20,25
2693714708677513856,train_batch_20,26
2689594425675230297,train_batch_20,27
2733368134659370783,train_batch_20,28
2722094447655526558,train_batch_20,29
2686392687664385461,train_batch_20,30
2685558128635491544,train_batch_20,31
2702745451672911336,train_batch_20,32
2704630124669161644,train_batch_20,33
2670160603654995016,train_batch_20,34
2714546677653150537,train_batch_20,35
2703032773666802994,train_batch_20,36
2685166287654667814,train_batch_20,37
2697602888642335143,train_batch_20,38
2684430952661512112,train_batch_20,39
2690241095635830156,train_batch_20,40
2699279826654010214,train_batch_20,41
2697139573657177431,train_batch_20,42
2672736013633541678,train_batch_20,43
2727090913665191666,train_batch_20,44
2678426695651604238,train_batch_20,45
2692804079638879359,train_batch_20,46
2710490490649908315,train_batch_20,47
2667715629632434323,train_batch_20,48
2724566442654876751,train_batch_20,49
2681674698635907304,train_batch_20,50
2711831482655194319,train_batch_20,51
2671706029658537280,train_batch_20,52
2691743999639221279,train_batch_20,53
2707929598635635347,train_batch_20,54
2714878016645596856,train_batch_20,55
2733222351655758974,train_batch_20,56
2703959086652112315,train_batch_20,57
2732198852653038212,train_batch_20,58
2719074553652592604,train_batch_20,59
2723030529649095818,train_batch_20,60
2692199656661113341,train_batch_20,61
2704005636656642389,train_batch_20,62
2719429429660312510,train_batch_20,63
2707441307637189306,train_batch_20,64
2712803899668672804,train_batch_20,65
2698963698666374762,train_batch_20,66
2693140155661048754,train_batch_20,67
2665851619661390842,train_batch_20,68
2688528289657443623,train_batch_20,69
2683737227670185761,train_batch_20,70
2659035921654121474,train_batch_20,71
2717032593671056144,train_batch_20,72
2714045457668858983,train_batch_20,73
2723695092664383313,train_batch_20,74
2700124752662643201,train_batch_20,75
2692384294646156735,train_batch_20,76
2690710974658749677,train_batch_20,77
2685319338663782997,train_batch_20,78
2710532996637693906,train_batch_20,79
2704587443668892831,train_batch_20,80
2681579407664098752,train_batch_20,81
2717795100656027832,train_batch_20,82
2662210354652152517,train_batch_20,83
2697529128666998976,train_batch_20,84
2701231548674887258,train_batch_20,85
2725612760660857405,train_batch_20,86
2706890322665602851,train_batch_20,87
2707461816647716538,train_batch_20,88
2719960707655744613,train_batch_20,89
2706833648669132521,train_batch_20,90
2700990116656159047,train_batch_20,91
2697640325637366730,train_batch_20,92
2708858822659713144,train_batch_20,93
2711579143656815981,train_batch_20,94
2709726476638328462,train_batch_20,95
2711539150667817802,train_batch_20,96
2681444752674317576,train_batch_20,97
2685363020675213454,train_batch_20,98
2656152170660951802,train_batch_20,99
2683100151632991194,train_batch_20,100
2667099436663737203,train_batch_20,101
2705067134644773598,train_batch_20,102
2707282007669918731,train_batch_20,103
2674998093674752030,train_batch_20,104
2690377869671236855,train_batch_20,105
2714102350651561700,train_batch_20,106
2689387539645111228,train_batch_20,107
2701335751652769767,train_batch_20,108
2714010495648000492,train_batch_20,109
2675526162637153665,train_batch_20,110
2701046851657375726,train_batch_20,111
2709156428655211866,train_batch_20,112
2693042541658638595,train_batch_20,113
2709664233634488187,train_batch_20,114
2692667947673063062,train_batch_20,115
2711391469654958639,train_batch_20,116
2719393254666056065,train_batch_20,117
2712512011647439692,train_batch_20,118
2700198882661073788,train_batch_20,119
2716931214672128577,train_batch_20,120
2668459596653880232,train_batch_20,121
2732145423660945494,train_batch_20,122
2675042939664134376,train_batch_20,123
2714760709650775298,train_batch_20,124
2700869939666460623,train_batch_20,125
2724319661663855100,train_batch_20,126
2721404392655787209,train_batch_20,127
2715277841667011757,train_batch_20,128
2710368202658532167,train_batch_20,129
2693459622669479029,train_batch_20,130
2678739470663241464,train_batch_20,131
2674577310637728042,train_batch_20,132
2703687143663283947,train_batch_20,133
2662604682666874567,train_batch_20,134
2700485279644428036,train_batch_20,135
2697449316670607271,train_batch_20,136
2668111914659479684,train_batch_20,137
2678683470648827920,train_batch_20,138
2733912153654983643,train_batch_20,139
2668213827654443312,train_batch_20,140
2700620441637614967,train_batch_20,141
2666128207658568887,train_batch_20,142
2695645942653175409,train_batch_20,143
2677929007672371529,train_batch_20,144
2680291022663680991,train_batch_20,145
2703760706663228092,train_batch_20,146
2669590812632195253,train_batch_20,147
2676248095670982985,train_batch_20,148
2720480716660150213,train_batch_20,149
2702504490654271321,train_batch_20,150
2727241418664398382,train_batch_20,151
2662907343666679823,train_batch_20,152
2676488629636922706,train_batch_20,153
2679092945648763719,train_batch_20,154
2707899334637299217,train_batch_20,155
2720200138653068222,train_batch_20,156
2685191780663502312,train_batch_20,157
2696007433661977876,train_batch_20,158
2710726915658544535,train_batch_20,159
2687318337674674296,train_batch_20,160
2730300370670603266,train_batch_20,161
2697242462638144948,train_batch_20,162
2664444111666477425,train_batch_20,163
2684717694645844103,train_batch_20,164
2722293835649778680,train_batch_20,165
2676711360663274260,train_batch_20,166
2697209666651512247,train_batch_20,167
2713009747660864917,train_batch_20,168
2706884600669852491,train_batch_20,169
2702436171661162963,train_batch_20,170
2730143854660713982,train_batch_20,171
2723611427650487507,train_batch_20,172
2683862849648560270,train_batch_20,173
2681635596635082140,train_batch_20,174
2724388518658190423,train_batch_20,175
2666031632666845069,train_batch_20,176
2728680939667764438,train_batch_20,177
2725685211668481749,train_batch_20,178
2723984410672425301,train_batch_20,179
2695399025655868491,train_batch_20,180
2715045312658220710,train_batch_20,181
2689516391671148615,train_batch_20,182
2712090542667061336,train_batch_20,183
2688789954670396188,train_batch_20,184
2707207834652230963,train_batch_20,185
2685303336651070927,train_batch_20,186
2714130493659422146,train_batch_20,187
2667192879667479529,train_batch_20,188
2715761673638850046,train_batch_20,189
2703201960667783471,train_batch_20,190
2724054676651067202,train_batch_20,191
2694643235647923192,train_batch_20,192
2691853251641473256,train_batch_20,193
2704413637652005604,train_batch_20,194
2701284988661711944,train_batch_20,195
2698006688641093073,train_batch_20,196
2702559031666211505,train_batch_20,197
2705392127675980219,train_batch_20,198
2693228808636679941,train_batch_20,199
2681770793647536679,train_batch_20,200
2665413272630930380,train_batch_20,201
2708621815667897690,train_batch_20,202
2670922123658037520,train_batch_20,203
2716946277653437590,train_batch_20,204
2687530991660984037,train_batch_20,205
2690644308676466400,train_batch_20,206
2689653230652937592,train_batch_20,207
2732185846654388803,train_batch_20,208
2694962872638196006,train_batch_20,209
2700872098661018508,train_batch_20,210
2676561761659089756,train_batch_20,211
2690824397656956020,train_batch_20,212
2691098194676685208,train_batch_20,213
2693954450676741702,train_batch_20,214
2725020283663219948,train_batch_20,215
2701971872653035695,train_batch_20,216
2714107654654435841,train_batch_20,217
2694456685654654112,train_batch_20,218
2716493083646730591,train_batch_20,219
2715123094664923482,train_batch_20,220
2725421627665029211,train_batch_20,221
2720377347637136923,train_batch_20,222
2667473877651654814,train_batch_20,223
2672384415633086658,train_batch_20,224
2674465727646049278,train_batch_20,225
2698564880644209817,train_batch_20,226
2682343208659361295,train_batch_20,227
2701366705635281037,train_batch_20,228
2667434443654461269,train_batch_20,229
2701247158633704553,train_batch_20,230
2692554248638790542,train_batch_20,231
2685044874656658932,train_batch_20,232
2713902472662121100,train_batch_20,233
2707399547658919344,train_batch_20,234
2680980295659623555,train_batch_20,235
2666504354657390905,train_batch_20,236
2689525318650880158,train_batch_20,237
2708908254671183962,train_batch_20,238
2660912297654561882,train_batch_20,239
2701407532651540700,train_batch_20,240
2702408882666233925,train_batch_20,241
2665899858664673031,train_batch_20,242
2706796697663963846,train_batch_20,243
2679586395634369789,train_batch_20,244
2670790811666246171,train_batch_20,245
2718741417664759725,train_batch_20,246
2667638164671050495,train_batch_20,247
2663879915653613769,train_batch_20,248
2719036644664257920,train_batch_20,249
2669902988664248717,train_batch_20,250
2668220269657390607,train_batch_20,251
2672000911654181904,train_batch_20,252
2703482585670978548,train_batch_20,253
2703825254634556072,train_batch_20,254
2678013725667065823,train_batch_20,255
2706675240672108168,train_batch_20,256
2706091059648422906,train_batch_20,257
2688894677665214930,train_batch_20,258
2737187460659002270,train_batch_20,259
2688636344650234125,train_batch_20,260
2676256694668303694,train_batch_20,261
2676316703652944752,train_batch_20,262
2702375478638626900,train_batch_20,263
2688821619645103936,train_batch_20,264
2692736749650004891,train_batch_20,265
2663582708631852242,train_batch_20,266
2706698827650891843,train_batch_20,267
2691194068646859457,train_batch_20,268
2693037342650820626,train_batch_20,269
2727379121666377006,train_batch_20,270
2689571579667029281,train_batch_20,271
2702294472650310811,train_batch_20,272
2723208964655414550,train_batch_20,273
2709160078648819601,train_batch_20,274
2688074818638775482,train_batch_20,275
2687380260633057815,train_batch_20,276
2705239676671794464,train_batch_20,277
2707943259654263854,train_batch_20,278
2660838758665179223,train_batch_20,279
2663952576654240241,train_batch_20,280
2713687991672802923,train_batch_20,281
2675906547635743586,train_batch_20,282
2677559117635452630,train_batch_20,283
2690213018675733993,train_batch_20,284
2726451161659595807,train_batch_20,285
2692840873651285084,train_batch_20,286
2716902272657131684,train_batch_20,287
2714904412655103587,train_batch_20,288
2731723323653945011,train_batch_20,289
2686613567646311293,train_batch_20,290
2705438473647460415,train_batch_20,291
2681272708658359186,train_batch_20,292
2724659628656052024,train_batch_20,293
2671582590662570380,train_batch_20,294
2697563377645188663,train_batch_20,295
2705421850648960378,train_batch_20,296
2714366807663563933,train_batch_20,297
2728372986655803093,train_batch_20,298
2676439146656356195,train_batch_20,299
2679059434638354702,train_batch_20,300
2698009100653848275,train_batch_20,301
2719594268648074238,train_batch_20,302
2672352280668783462,train_batch_20,303
2682401482668301661,train_batch_20,304
2656260605661190598,train_batch_20,305
2725606539668834190,train_batch_20,306
2717323612659195645,train_batch_20,307
2668898572666511282,train_batch_20,308
2672766652649017044,train_batch_20,309
2682598040652412786,train_batch_20,310
2709879613671589897,train_batch_20,311
2714829835649899101,train_batch_20,312
2706605352656536637,train_batch_20,313
2661953855655392198,train_batch_20,314
2719130347664340294,train_batch_20,315
2690393802661087925,train_batch_20,316
2663190236662023012,train_batch_20,317
2700974748648739059,train_batch_20,318
2732483042664721093,train_batch_20,319
2717893042667443686,train_batch_20,320
2692201044662284783,train_batch_20,321
2705833927660078378,train_batch_20,322
2678155664657195586,train_batch_20,323
2709244563638587052,train_batch_20,324
2696311079635177445,train_batch_20,325
2675401535655788105,train_batch_20,326
2712749626655924213,train_batch_20,327
2663212366662858288,train_batch_20,328
2678687454648395158,train_batch_20,329
2682990198632520645,train_batch_20,330
2702268269652738924,train_batch_20,331
2716352240665022079,train_batch_20,332
2668229921662600815,train_batch_20,333
2714858373636494597,train_batch_20,334
2716874460662250777,train_batch_20,335
2704394230658744416,train_batch_20,336
2709556312654663308,train_batch_20,337
2702884216649811671,train_batch_20,338
2706797459672338508,train_batch_20,339
2734024944654513941,train_batch_20,340
2713806664661586202,train_batch_20,341
2687041067635071176,train_batch_20,342
2702271799640410907,train_batch_20,343
2690794126637430167,train_batch_20,344
2682871089652444944,train_batch_20,345
2669745046633329794,train_batch_20,346
2732275995663396076,train_batch_20,347
2665813647666656097,train_batch_20,348
2691283087656752081,train_batch_20,349
2677502877634171266,train_batch_20,350
2702676749654713537,train_batch_20,351
2727123467658080120,train_batch_20,352
2718087424662275132,train_batch_20,353
2699100405672795734,train_batch_20,354
2671440735656761878,train_batch_20,355
2732023283653652703,train_batch_20,356
2705186177659883539,train_batch_20,357
2659300093660354727,train_batch_20,358
2692653194658677505,train_batch_20,359
2714186022645463827,train_batch_20,360
2700811902644549320,train_batch_20,361
2661714492658410360,train_batch_20,362
2688763684664380181,train_batch_20,363
2689434815647983789,train_batch_20,364
2717660548638687641,train_batch_20,365
2715481091669898380,train_batch_20,366
2700280193675613362,train_batch_20,367
2709507731634964373,train_batch_20,368
2737323115655084151,train_batch_20,369
2675260729637733731,train_batch_20,370
2698728314669854346,train_batch_20,371
2682591645646955272,train_batch_20,372
2664175015632071467,train_batch_20,373
2692829069661424756,train_batch_20,374
2705224409656606570,train_batch_20,375
2678468209654665654,train_batch_20,376
2696668387653557204,train_batch_20,377
2661272855664321090,train_batch_20,378
2706583276656730059,train_batch_20,379
2683233710667177326,train_batch_20,380
2672726621654923793,train_batch_20,381
2713198177667508673,train_batch_20,382
2713785815663299593,train_batch_20,383
2670747438659509861,train_batch_20,384
2726638923665744599,train_batch_20,385
2677375662652346944,train_batch_20,386
2700264426660416878,train_batch_20,387
2678342266657810929,train_batch_20,388
2722046527675452375,train_batch_20,389
2667610145652032145,train_batch_20,390
2669095853655839682,train_batch_20,391
2727028982657806489,train_batch_20,392
2712631260651894239,train_batch_20,393
2705781691673296707,train_batch_20,394
2693239635649457485,train_batch_20,395
2680272096663278201,train_batch_20,396
2696129807658934634,train_batch_20,397
2683841959639905254,train_batch_20,398
2693731445651859978,train_batch_20,399
2663055154653788135,train_batch_20,400
2665428091668719164,train_batch_20,401
2699134401636584670,train_batch_20,402
2656474962656819374,train_batch_20,403
2711667199669740864,train_batch_20,404
2736054526658767989,train_batch_20,405
2665480090664890416,train_batch_20,406
2659898995656261654,train_batch_20,407
2662629974660371207,train_batch_20,408
2705470567675450632,train_batch_20,409
2673033412672900152,train_batch_20,410
2698419328656625323,train_batch_20,411
2715896369656213252,train_batch_20,412
2701605959634922553,train_batch_20,413
2677232905634759353,train_batch_20,414
2704073262664171273,train_batch_20,415
2679406536656927458,train_batch_20,416
2685935810646298006,train_batch_20,417
2700128661652111331,train_batch_20,418
2663430943651247162,train_batch_20,419
2702872303658213867,train_batch_20,420
2706324554657737987,train_batch_20,421
2676127902664098369,train_batch_20,422
2692304985673922435,train_batch_20,423
2671368877652659095,train_batch_20,424
2670737944673379017,train_batch_20,425
2664003047664345346,train_batch_20,426
2688771959664049669,train_batch_20,427
2698761490637671527,train_batch_20,428
2732110239652708847,train_batch_20,429
2730961968663953483,train_batch_20,430
2699201357663167582,train_batch_20,431
2719651839659413311,train_batch_20,432
2658498932654466907,train_batch_20,433
2675765470657216585,train_batch_20,434
2716059698665213916,train_batch_20,435
2705910252643408999,train_batch_20,436
2669735331661386114,train_batch_20,437
2658297701654106569,train_batch_20,438
2692677800639414158,train_batch_20,439
2706204033652864079,train_batch_20,440
2676248417670477671,train_batch_20,441
2665581065664778853,train_batch_20,442
2695933054644936695,train_batch_20,443
2691515737665377599,train_batch_20,444
2670829846661122287,train_batch_20,445
2715019229661061523,train_batch_20,446
2708925683647970937,train_batch_20,447
2689962111646152449,train_batch_20,448
2655436568662467325,train_batch_20,449
2696890762670509685,train_batch_20,450
2716629476661810398,train_batch_20,451
2688623400670609922,train_batch_20,452
2700955130657048189,train_batch_20,453
2725488456654755670,train_batch_20,454
2674377033633454911,train_batch_20,455
2699738488667176462,train_batch_20,456
2733114287653607216,train_batch_20,457
2676027653647069485,train_batch_20,458
2709351354638072767,train_batch_20,459
2728144579651229512,train_batch_20,460
2707068109673799203,train_batch_20,461
2703468027658304945,train_batch_20,462
2678856411654435962,train_batch_20,463
2659993679664810599,train_batch_20,464
2664865428633135786,train_batch_20,465
2677696808660132543,train_batch_20,466
2721665099669450857,train_batch_20,467
2671319461670806484,train_batch_20,468
2700170929673658256,train_batch_20,469
2686085676636276302,train_batch_20,470
2689046937636827975,train_batch_20,471
2703410867654642393,train_batch_20,472
2698133717648406441,train_batch_20,473
2718682472653681674,train_batch_20,474
2712462878665077227,train_batch_20,475
2720659411656475313,train_batch_20,476
2717092095650647477,train_batch_20,477
2705327757654855348,train_batch_20,478
2698553108641394908,train_batch_20,479
2714087023650290267,train_batch_20,480
2680518467662560600,train_batch_20,481
2708549803635111660,train_batch_20,482
2678950167658798208,train_batch_20,483
2699044497664792633,train_batch_20,484
2663630212663985431,train_batch_20,485
2735348385655618384,train_batch_20,486
2737625431661252822,train_batch_20,487
2658736729658911219,train_batch_20,488
2691131073646465687,train_batch_20,489
2723708372658837542,train_batch_20,490
2736427353660048613,train_batch_20,491
2732415567658808895,train_batch_20,492
2722927905648930226,train_batch_20,493
2699506579646303536,train_batch_20,494
2669974502658208732,train_batch_20,495
2670527922657545681,train_batch_20,496
2714577276662798294,train_batch_20,497
2711427857646193109,train_batch_20,498
2706256056651203759,train_batch_20,499
2676459735645786624,train_batch_21,0
2663194245659547925,train_batch_21,1
2695492680658215683,train_batch_21,2
2675355327649251655,train_batch_21,3
2681797509656487616,train_batch_21,4
2714234385664559879,train_batch_21,5
2687142059639548044,train_batch_21,6
2700052875652997199,train_batch_21,7
2688677784646744941,train_batch_21,8
2665837889666976583,train_batch_21,9
2717141401660028565,train_batch_21,10
2689835673641129613,train_batch_21,11
2678328147657750271,train_batch_21,12
2666429967631782612,train_batch_21,13
2699730179634996672,train_batch_21,14
2699506117658267046,train_batch_21,15
2677193176672254994,train_batch_21,16
2678517872670115051,train_batch_21,17
2687616688664821540,train_batch_21,18
2723838759669294037,train_batch_21,19
2690829975649952853,train_batch_21,20
2685047993665243236,train_batch_21,21
2669302034658841564,train_batch_21,22
2678231390665313567,train_batch_21,23
2732296633657999171,train_batch_21,24
2691084812676113341,train_batch_21,25
2738786513657412764,train_batch_21,26
2704460737646225722,train_batch_21,27
2664916949656673375,train_batch_21,28
2700397444654693775,train_batch_21,29
2675835336657641902,train_batch_21,30
2704658389668311245,train_batch_21,31
2670978559655252084,train_batch_21,32
2710735347656768874,train_batch_21,33
2678179359658953639,train_batch_21,34
2665707168654732139,train_batch_21,35
2714568546660533165,train_batch_21,36
2719720759664551158,train_batch_21,37
2694256543674932541,train_batch_21,38
2687023227641142630,train_batch_21,39
2669644046657129596,train_batch_21,40
2680578169665271318,train_batch_21,41
2714930391638722290,train_batch_21,42
2690259274645509374,train_batch_21,43
2680300147655414014,train_batch_21,44
2666053205660809928,train_batch_21,45
2712232776657573029,train_batch_21,46
2711961009651690948,train_batch_21,47
2675135106657964899,train_batch_21,48
2678925397636608933,train_batch_21,49
2687156368670070119,train_batch_21,50
2712307526651323614,train_batch_21,51
2675959778672808293,train_batch_21,52
2676190264647720489,train_batch_21,53
2710585929657905356,train_batch_21,54
2670312957667577770,train_batch_21,55
2730077016669845170,train_batch_21,56
2666706531651974219,train_batch_21,57
2706054633645495254,train_batch_21,58
2674925370665036926,train_batch_21,59
2700735543645159928,train_batch_21,60
2676986484647180265,train_batch_21,61
2657166005655963932,train_batch_21,62
2690700244661566699,train_batch_21,63
2726777492672573726,train_batch_21,64
2699493578649272351,train_batch_21,65
2677043893655927387,train_batch_21,66
2719250233647380054,train_batch_21,67
2702948193645938865,train_batch_21,68
2712412894636328381,train_batch_21,69
2712678284667074967,train_batch_21,70
2718407768663819168,train_batch_21,71
2707295954649204938,train_batch_21,72
2709586091661355597,train_batch_21,73
2714813402671852388,train_batch_21,74
2695835918644758156,train_batch_21,75
2731760602658445686,train_batch_21,76
2700821039652658669,train_batch_21,77
2697564583640199987,train_batch_21,78
2729969596658632122,train_batch_21,79
2707300249651872024,train_batch_21,80
2673032351658352089,train_batch_21,81
2684419947645789429,train_batch_21,82
2685786280656668822,train_batch_21,83
2700313349636840961,train_batch_21,84
2713491426657762043,train_batch_21,85
2683364080663567079,train_batch_21,86
2698638426660615068,train_batch_21,87
2664316151666681437,train_batch_21,88
2683272955645654078,train_batch_21,89
2694324550642173263,train_batch_21,90
2672688535649991410,train_batch_21,91
2689892964635255099,train_batch_21,92
2722660094656885615,train_batch_21,93
2682256978668772937,train_batch_21,94
2697532807671077763,train_batch_21,95
2674494576662163907,train_batch_21,96
2700731985662054551,train_batch_21,97
2697028959666929314,train_batch_21,98
2700870785658931754,train_batch_21,99
2666381360631233960,train_batch_21,100
2726916618665971656,train_batch_21,101
2694520093644361102,train_batch_21,102
2667602244654312357,train_batch_21,103
2717915270658919298,train_batch_21,104
2726026109655386154,train_batch_21,105
2692832110666892503,train_batch_21,106
2660893015662016479,train_batch_21,107
2684611452650457420,train_batch_21,108
2705577400651915506,train_batch_21,109
2702171336677032215,train_batch_21,110
2672830218656506377,train_batch_21,111
2663572495659966231,train_batch_21,112
2668433481664469282,train_batch_21,113
2714245824650216922,train_batch_21,114
2702175138652464655,train_batch_21,115
2685799425643329632,train_batch_21,116
2718517351638698011,train_batch_21,117
2712292124662167650,train_batch_21,118
2707332930649521902,train_batch_21,119
2686202497666809117,train_batch_21,120
2666174373665662577,train_batch_21,121
2718952152668030098,train_batch_21,122
2682105261665514505,train_batch_21,123
2719075889649179488,train_batch_21,124
2723301508648579613,train_batch_21,125
2726070317654989160,train_batch_21,126
2671415651636940252,train_batch_21,127
2666905822665955113,train_batch_21,128
2703996179658320681,train_batch_21,129
2725884796653312856,train_batch_21,130
2685777881658955185,train_batch_21,131
2705215381635851372,train_batch_21,132
2661113818659486513,train_batch_21,133
2703340792667304688,train_batch_21,134
2705327465641216242,train_batch_21,135
2699720229641067662,train_batch_21,136
2711355971635562664,train_batch_21,137
2672897079637664312,train_batch_21,138
2705754266672350387,train_batch_21,139
2679735025645464956,train_batch_21,140
2726580561652609879,train_batch_21,141
2678791055655889743,train_batch_21,142
2712225479652634409,train_batch_21,143
2725590492656509856,train_batch_21,144
2674375935652315201,train_batch_21,145
2725353215655405286,train_batch_21,146
2717556839670932923,train_batch_21,147
2684939945664064154,train_batch_21,148
2674723766663178512,train_batch_21,149
2700545056650218427,train_batch_21,150
2663450724662827931,train_batch_21,151
2722594014654209529,train_batch_21,152
2683268261659919960,train_batch_21,153
2673204594656523719,train_batch_21,154
2678786045673870162,train_batch_21,155
2680965791663286067,train_batch_21,156
2717188208652979440,train_batch_21,157
2704085530668283037,train_batch_21,158
2673815756655444619,train_batch_21,159
2661862194652545725,train_batch_21,160
2692329812647458885,train_batch_21,161
2669711130633385552,train_batch_21,162
2671707466668940946,train_batch_21,163
2676543912665086616,train_batch_21,164
2672831902670387318,train_batch_21,165
2693818119669578165,train_batch_21,166
2681063537654046353,train_batch_21,167
2702306377644061298,train_batch_21,168
2667810791657617617,train_batch_21,169
2727651858664327089,train_batch_21,170
2679504866635348394,train_batch_21,171
2689190941634206300,train_batch_21,172
2720297267670638722,train_batch_21,173
2669217600664282682,train_batch_21,174
2727149001652332795,train_batch_21,175
2671778969662030351,train_batch_21,176
2672879885672282438,train_batch_21,177
2661368799656505158,train_batch_21,178
2702424761650238808,train_batch_21,179
2710177468659850300,train_batch_21,180
2685287487672281651,train_batch_21,181
2722332792666331644,train_batch_21,182
2684541092668466785,train_batch_21,183
2679912776674056468,train_batch_21,184
2700400718636956720,train_batch_21,185
2675660670663939537,train_batch_21,186
2704068121654377394,train_batch_21,187
2711674950637054736,train_batch_21,188
2697603321663757638,train_batch_21,189
2717708922673850364,train_batch_21,190
2700855067662970592,train_batch_21,191
2685578005670998538,train_batch_21,192
2679651710646324992,train_batch_21,193
2685891118650836948,train_batch_21,194
2680370014664352669,train_batch_21,195
2665938482653802244,train_batch_21,196
2693724577639831902,train_batch_21,197
2701150754655033508,train_batch_21,198
2665811663666822347,train_batch_21,199
2702771073665908831,train_batch_21,200
2703385723645681499,train_batch_21,201
2715508421648388031,train_batch_21,202
2722297205669636961,train_batch_21,203
2716261686646639224,train_batch_21,204
2702522354666578398,train_batch_21,205
2726393442648722903,train_batch_21,206
2684315282654186285,train_batch_21,207
2731844872668633411,train_batch_21,208
2701160565659126159,train_batch_21,209
2708105893664958059,train_batch_21,210
2694516410652868525,train_batch_21,211
2720333763670183302,train_batch_21,212
2669452800664487163,train_batch_21,213
2667734011649677097,train_batch_21,214
2713063147636860246,train_batch_21,215
2668167748659474494,train_batch_21,216
2670772916655729648,train_batch_21,217
2682701227661862961,train_batch_21,218
2724906676654506127,train_batch_21,219
2710417204673265210,train_batch_21,220
2705384955671717289,train_batch_21,221
2665419958658552622,train_batch_21,222
2693719575662324792,train_batch_21,223
2683704888632690138,train_batch_21,224
2715138416651010854,train_batch_21,225
2696315504641633817,train_batch_21,226
2716194097669564037,train_batch_21,227
2697457116636864302,train_batch_21,228
2727082073650826379,train_batch_21,229
2705659198661265038,train_batch_21,230
2700618089675579201,train_batch_21,231
2708405623656614565,train_batch_21,232
2673187933648764604,train_batch_21,233
2695239542674415532,train_batch_21,234
2704943278671599655,train_batch_21,235
2703568696656647591,train_batch_21,236
2670685689647553038,train_batch_21,237
2710467086634747962,train_batch_21,238
2674450922654384012,train_batch_21,239
2664589199660468922,train_batch_21,240
2693358516641110321,train_batch_21,241
2697695536660257559,train_batch_21,242
2670153311661772143,train_batch_21,243
2679164026671414006,train_batch_21,244
2690116411653848374,train_batch_21,245
2707513724647848907,train_batch_21,246
2708658042659889895,train_batch_21,247
2665709137666024082,train_batch_21,248
2672298391658264042,train_batch_21,249
2665098628657913505,train_batch_21,250
2716552507657866049,train_batch_21,251
2693651403668970936,train_batch_21,252
2711757799654841837,train_batch_21,253
2668218082661979301,train_batch_21,254
2677991897660909905,train_batch_21,255
2700725839654415000,train_batch_21,256
2686139868646097901,train_batch_21,257
2695900776664127670,train_batch_21,258
2687248494647325831,train_batch_21,259
2719383879637401394,train_batch_21,260
2696163007648957661,train_batch_21,261
2670493575670898871,train_batch_21,262
2697483712659580820,train_batch_21,263
2711831306660078842,train_batch_21,264
2694506269665308959,train_batch_21,265
2702993810673812882,train_batch_21,266
2664986873670225982,train_batch_21,267
2683308999665858604,train_batch_21,268
2721748237661324255,train_batch_21,269
2715130780649641451,train_batch_21,270
2705649321662819992,train_batch_21,271
2724797235661042313,train_batch_21,272
2736617779656661767,train_batch_21,273
2706169282647184303,train_batch_21,274
2701054672637237183,train_batch_21,275
2694602965647985889,train_batch_21,276
2696965499647937042,train_batch_21,277
2681912250653025452,train_batch_21,278
2673974595634397358,train_batch_21,279
2722323651648775729,train_batch_21,280
2700100117670666803,train_batch_21,281
2699213947637304147,train_batch_21,282
2695929872665177430,train_batch_21,283
2681414261662752811,train_batch_21,284
2659130976653076379,train_batch_21,285
2690362701667399554,train_batch_21,286
2671236774650606350,train_batch_21,287
2724567869653525360,train_batch_21,288
2667042741662891201,train_batch_21,289
2712161052645218931,train_batch_21,290
2671341532672998659,train_batch_21,291
2678846509650567221,train_batch_21,292
2707862643637487304,train_batch_21,293
2717365639669027559,train_batch_21,294
2681596989657876367,train_batch_21,295
2677400669671536325,train_batch_21,296
2697453546667607175,train_batch_21,297
2721099697656283819,train_batch_21,298
2692868667641729089,train_batch_21,299
2681296082635410083,train_batch_21,300
2706940355675315084,train_batch_21,301
2702240763660494760,train_batch_21,302
2670021055671572528,train_batch_21,303
2677750790653603181,train_batch_21,304
2660840941663157735,train_batch_21,305
2719061721659849815,train_batch_21,306
2737395576661953765,train_batch_21,307
2698390865673033625,train_batch_21,308
2716996603662482664,train_batch_21,309
2717885150655837899,train_batch_21,310
2671235911662720821,train_batch_21,311
2729568590655775105,train_batch_21,312
2715443202639685520,train_batch_21,313
2700454620673420440,train_batch_21,314
2730718735660738211,train_batch_21,315
2679039354660761934,train_batch_21,316
2723113419656555470,train_batch_21,317
2704430938664614410,train_batch_21,318
2725074787668477539,train_batch_21,319
2681238890648912887,train_batch_21,320
2707154458671640825,train_batch_21,321
2663340053658925209,train_batch_21,322
2676552399657100580,train_batch_21,323
2700208972645421867,train_batch_21,324
2698725646664999505,train_batch_21,325
2712275559670800148,train_batch_21,326
2701685959654170641,train_batch_21,327
2735531231656496445,train_batch_21,328
2715375490651524906,train_batch_21,329
2708552558636391892,train_batch_21,330
2694836906648617010,train_batch_21,331
2665591420663499981,train_batch_21,332
2724488742652675870,train_batch_21,333
2712587769647353664,train_batch_21,334
2691101122672935724,train_batch_21,335
2714549783665118800,train_batch_21,336
2695372224661274527,train_batch_21,337
2697624236639146084,train_batch_21,338
2717225278652964391,train_batch_21,339
2693064859670812649,train_batch_21,340
2680931885661342619,train_batch_21,341
2675500544635736951,train_batch_21,342
2658898206659392993,train_batch_21,343
2696675294638453265,train_batch_21,344
2674118174654422285,train_batch_21,345
2693108322665202492,train_batch_21,346
2676458977646508439,train_batch_21,347
2701878344661317864,train_batch_21,348
2695368453672306506,train_batch_21,349
2685972223658335778,train_batch_21,350
2663867598667188822,train_batch_21,351
2734974681662601150,train_batch_21,352
2668600538658927321,train_batch_21,353
2681914734673720480,train_batch_21,354
2675767145636636490,train_batch_21,355
2700952953655816220,train_batch_21,356
2672979828657668353,train_batch_21,357
2684617989635180670,train_batch_21,358
2676722562650300518,train_batch_21,359
2691542970661706006,train_batch_21,360
2668773556659481394,train_batch_21,361
2719197164667499124,train_batch_21,362
2700550286634039342,train_batch_21,363
2668882506657875532,train_batch_21,364
2724480035647612005,train_batch_21,365
2709339559673963825,train_batch_21,366
2680792814667089014,train_batch_21,367
2695337978649115134,train_batch_21,368
2699863680639024599,train_batch_21,369
2681575905667058616,train_batch_21,370
2714031412666417660,train_batch_21,371
2662056586666341588,train_batch_21,372
2716677789651054336,train_batch_21,373
2734049306654349057,train_batch_21,374
2693054452655850134,train_batch_21,375
2688134869636603760,train_batch_21,376
2714774302644752183,train_batch_21,377
2699073354650316914,train_batch_21,378
2683324288663148293,train_batch_21,379
2720736589651155619,train_batch_21,380
2722843396660235695,train_batch_21,381
2711516007659116874,train_batch_21,382
2697672690668309372,train_batch_21,383
2696927979672785282,train_batch_21,384
2732689208665421943,train_batch_21,385
2679718942636260589,train_batch_21,386
2712834496646618065,train_batch_21,387
2713390872645852056,train_batch_21,388
2729230145661853140,train_batch_21,389
2721189836657076782,train_batch_21,390
2690992883650454654,train_batch_21,391
2685667656670535393,train_batch_21,392
2733623411653971024,train_batch_21,393
2693047200651264590,train_batch_21,394
2672992695667376536,train_batch_21,395
2686890156659245841,train_batch_21,396
2669919785665474311,train_batch_21,397
2733262616653689697,train_batch_21,398
2734649809659480145,train_batch_21,399
2715114372651837946,train_batch_21,400
2731560103663231346,train_batch_21,401
2661607471657343285,train_batch_21,402
2698301722637112167,train_batch_21,403
2712931722655495375,train_batch_21,404
2667962065671051007,train_batch_21,405
2729169692666641417,train_batch_21,406
2696682512661514028,train_batch_21,407
2714212253668395742,train_batch_21,408
2678345264656528365,train_batch_21,409
2661482278661516647,train_batch_21,410
2724914332672981589,train_batch_21,411
2675585645634751815,train_batch_21,412
2692465630672547272,train_batch_21,413
2680172225653214049,train_batch_21,414
2710205112653127726,train_batch_21,415
2703732766658227524,train_batch_21,416
2672538987657879860,train_batch_21,417
2691250480646721529,train_batch_21,418
2692663393671423335,train_batch_21,419
2680642250653696244,train_batch_21,420
2677908805639642215,train_batch_21,421
2702965800671677901,train_batch_21,422
2698150414655237592,train_batch_21,423
2680663891647308337,train_batch_21,424
2726443364661838520,train_batch_21,425
2712512681671544853,train_batch_21,426
2715996003661517670,train_batch_21,427
2722665552666673142,train_batch_21,428
2720887574650120172,train_batch_21,429
2723359096655827274,train_batch_21,430
2689206364661409628,train_batch_21,431
2669451293651983131,train_batch_21,432
2700969686675829733,train_batch_21,433
2657819747657129186,train_batch_21,434
2667484412653927680,train_batch_21,435
2687536002654615023,train_batch_21,436
2684889456652648283,train_batch_21,437
2672667294655716760,train_batch_21,438
2671624810648997135,train_batch_21,439
2668889218659111672,train_batch_21,440
2695040095661234342,train_batch_21,441
2659265116655330769,train_batch_21,442
2662863447655160526,train_batch_21,443
2688907580639063164,train_batch_21,444
2717226911649117461,train_batch_21,445
2695314729659565185,train_batch_21,446
2692976437648123517,train_batch_21,447
2714309100666562305,train_batch_21,448
2669973784656267006,train_batch_21,449
2700273876654049543,train_batch_21,450
2695443360674784634,train_batch_21,451
2704360825671899817,train_batch_21,452
2724150990657385998,train_batch_21,453
2694485159647449770,train_batch_21,454
2689308134662750822,train_batch_21,455
2717459118647697950,train_batch_21,456
2683598772634344448,train_batch_21,457
2674347469671639702,train_batch_21,458
2691680960672124199,train_batch_21,459
2680440324647280154,train_batch_21,460
2715836818659466054,train_batch_21,461
2667927026656582289,train_batch_21,462
2727450232653236827,train_batch_21,463
2708968783660409996,train_batch_21,464
2698190068636630113,train_batch_21,465
2701695664669251933,train_batch_21,466
2727160631653905252,train_batch_21,467
2731356384669646859,train_batch_21,468
2705486362664992146,train_batch_21,469
2724535351662083116,train_batch_21,470
2679186531672758614,train_batch_21,471
2698093259675211590,train_batch_21,472
2680322370669902471,train_batch_21,473
2719451481657143871,train_batch_21,474
2723003335647636684,train_batch_21,475
2711536023658882800,train_batch_21,476
2683228075655888761,train_batch_21,477
2675010151655332600,train_batch_21,478
2713675198663715976,train_batch_21,479
2668202328652862281,train_batch_21,480
2688253191670563038,train_batch_21,481
2675870720673347213,train_batch_21,482
2723963334665291828,train_batch_21,483
2678309234645667672,train_batch_21,484
2728035185657025660,train_batch_21,485
2719078298662625335,train_batch_21,486
2722811628667577885,train_batch_21,487
2675719531648475241,train_batch_21,488
2675448934646606741,train_batch_21,489
2712043716666737756,train_batch_21,490
2704051013637179590,train_batch_21,491
2709446573647117252,train_batch_21,492
2699299835639023050,train_batch_21,493
2688980699649335981,train_batch_21,494
2699803490652277316,train_batch_21,495
2680882192670506256,train_batch_21,496
2719211186636979569,train_batch_21,497
2664087075656805118,train_batch_21,498
2730612507653143373,train_batch_21,499
2671446684635468310,train_batch_22,0
2715068143673506668,train_batch_22,1
2661633622656925181,train_batch_22,2
2696914290649912111,train_batch_22,3
2669364087655690500,train_batch_22,4
2718536772663980405,train_batch_22,5
2693115767645403544,train_batch_22,6
2687694619658779638,train_batch_22,7
2693258000674196920,train_batch_22,8
2726596795661121319,train_batch_22,9
2697635565675808683,train_batch_22,10
2686318019666406154,train_batch_22,11
2705594488668443136,train_batch_22,12
2714329263663308439,train_batch_22,13
2705949575656729538,train_batch_22,14
2725904804662182583,train_batch_22,15
2658123735659148583,train_batch_22,16
2734803303653436316,train_batch_22,17
2735724862660938548,train_batch_22,18
2707999591651341052,train_batch_22,19
2710491796664533027,train_batch_22,20
2705537118669908519,train_batch_22,21
2699253198641810320,train_batch_22,22
2725632212661637490,train_batch_22,23
2671344234646903590,train_batch_22,24
2673536591636208812,train_batch_22,25
2667767226662128701,train_batch_22,26
2687978130644738924,train_batch_22,27
2694031851670667207,train_batch_22,28
2711870242637314833,train_batch_22,29
2667775368666017230,train_batch_22,30
2698356005638155513,train_batch_22,31
2724256055657747078,train_batch_22,32
2673803518669783050,train_batch_22,33
2718109076653912914,train_batch_22,34
2673704900668394529,train_batch_22,35
2711068813655720368,train_batch_22,36
2676294468634098311,train_batch_22,37
2714519293664358440,train_batch_22,38
2674555085652010003,train_batch_22,39
2683475668632168875,train_batch_22,40
2680758277649176128,train_batch_22,41
2730505495656745432,train_batch_22,42
2671550713662820468,train_batch_22,43
2674165769634356105,train_batch_22,44
2708518092643908184,train_batch_22,45
2718538756656440874,train_batch_22,46
2722308772671250312,train_batch_22,47
2668202488636018816,train_batch_22,48
2730885770653051046,train_batch_22,49
2728441361651793164,train_batch_22,50
2722646076653331455,train_batch_22,51
2730694238657753390,train_batch_22,52
2692923878671781522,train_batch_22,53
2720958479649317210,train_batch_22,54
2720081298667369903,train_batch_22,55
2667666207658549588,train_batch_22,56
2720252490664844492,train_batch_22,57
2664969753651722405,train_batch_22,58
2669046276654377156,train_batch_22,59
2728397048667778972,train_batch_22,60
2710549594656757448,train_batch_22,61
2682239592669507512,train_batch_22,62
2719102180659852297,train_batch_22,63
2730838888656618907,train_batch_22,64
2683548786639087843,train_batch_22,65
2678164574662436127,train_batch_22,66
2688591083640959084,train_batch_22,67
2692011739661998765,train_batch_22,68
2704990567666957302,train_batch_22,69
2699485513645083924,train_batch_22,70
2680570246658485494,train_batch_22,71
2667789526659442917,train_batch_22,72
2700855545661949633,train_batch_22,73
2677496964671672059,train_batch_22,74
2678606489673527888,train_batch_22,75
2680825014650365397,train_batch_22,76
2710406065654499164,train_batch_22,77
2671974669670761818,train_batch_22,78
2700346890637200894,train_batch_22,79
2681556073658102666,train_batch_22,80
2689039355671603919,train_batch_22,81
2665739722652835713,train_batch_22,82
2665063966654569242,train_batch_22,83
2684276451636334973,train_batch_22,84
2690999154661355140,train_batch_22,85
2716335886653536482,train_batch_22,86
2698131544655801857,train_batch_22,87
2686985538664457377,train_batch_22,88
2682133087663805543,train_batch_22,89
2714734035648093857,train_batch_22,90
2673525417657471730,train_batch_22,91
2732238648663619039,train_batch_22,92
2702389322648643851,train_batch_22,93
2685191170662243694,train_batch_22,94
2728770258671793627,train_batch_22,95
2723532341660414253,train_batch_22,96
2722239752651679614,train_batch_22,97
2675810625668286401,train_batch_22,98
2678508278648332801,train_batch_22,99
2695691203676858229,train_batch_22,100
2693383378667096130,train_batch_22,101
2691468874656462887,train_batch_22,102
2676754470649451263,train_batch_22,103
2676795921650328814,train_batch_22,104
2693391169635717377,train_batch_22,105
2698811254673209688,train_batch_22,106
2707248571652081756,train_batch_22,107
2688290987638945745,train_batch_22,108
2708679700656527114,train_batch_22,109
2716977772671078585,train_batch_22,110
2665149362668372692,train_batch_22,111
2709997852638632767,train_batch_22,112
2677548418647370372,train_batch_22,113
2721769378656572902,train_batch_22,114
2726607870670719453,train_batch_22,115
2695161433648980479,train_batch_22,116
2657714098662141950,train_batch_22,117
2715122700653570490,train_batch_22,118
2677495124674316843,train_batch_22,119
2689688963644911374,train_batch_22,120
2704903293669132655,train_batch_22,121
2668648191659246613,train_batch_22,122
2683700063659811163,train_batch_22,123
2719470678663003415,train_batch_22,124
2696910429672782944,train_batch_22,125
2715606438647853988,train_batch_22,126
2676962183639207559,train_batch_22,127
2688539918662587222,train_batch_22,128
2683933972674523522,train_batch_22,129
2700994705654675331,train_batch_22,130
2687695217661811557,train_batch_22,131
2711173571636434839,train_batch_22,132
2705890591674189494,train_batch_22,133
2733427454653500526,train_batch_22,134
2684610864671242073,train_batch_22,135
2691146338639290628,train_batch_22,136
2716396209645706471,train_batch_22,137
2709906581659007133,train_batch_22,138
2686367885638462855,train_batch_22,139
2664821433659119294,train_batch_22,140
2671419928636018225,train_batch_22,141
2728599017649226667,train_batch_22,142
2712141976637692223,train_batch_22,143
2693807597642188124,train_batch_22,144
2698638552663333239,train_batch_22,145
2735971332667126552,train_batch_22,146
2682047070664829135,train_batch_22,147
2711630844638421741,train_batch_22,148
2706577951648536139,train_batch_22,149
2674365413658630788,train_batch_22,150
2671465706652779450,train_batch_22,151
2711685895652149299,train_batch_22,152
2700154253663805931,train_batch_22,153
2665770428665768118,train_batch_22,154
2696978907656179489,train_batch_22,155
2673264503656403229,train_batch_22,156
2706274441646248067,train_batch_22,157
2701166201636654030,train_batch_22,158
2710633161659597485,train_batch_22,159
2669969802633519676,train_batch_22,160
2704377302655326497,train_batch_22,161
2681537449633353253,train_batch_22,162
2691407206641593307,train_batch_22,163
2722818741646769279,train_batch_22,164
2704125455673870997,train_batch_22,165
2685057808634407589,train_batch_22,166
2698864548657879655,train_batch_22,167
2678629126639011511,train_batch_22,168
2680825909637366022,train_batch_22,169
2664355862668980653,train_batch_22,170
2677425817660454441,train_batch_22,171
2721171476661519828,train_batch_22,172
2684033770669917149,train_batch_22,173
2665875049666433945,train_batch_22,174
2731364446662445060,train_batch_22,175
2728368275654219159,train_batch_22,176
2706051561672248080,train_batch_22,177
2674359537659321426,train_batch_22,178
2683092954647585767,train_batch_22,179
2720562655650718158,train_batch_22,180
2715659891664471276,train_batch_22,181
2729176693668135607,train_batch_22,182
2689721954670099298,train_batch_22,183
2721664988647641278,train_batch_22,184
2688353395665784333,train_batch_22,185
2678048148651428673,train_batch_22,186
2719110322654831360,train_batch_22,187
2685611924662290485,train_batch_22,188
2671017922667682311,train_batch_22,189
2715425588664972157,train_batch_22,190
2718916325658852200,train_batch_22,191
2667238749657189936,train_batch_22,192
2721769260655943760,train_batch_22,193
2719336913657119060,train_batch_22,194
2684136506646721734,train_batch_22,195
2731701666652336275,train_batch_22,196
2720261878660580422,train_batch_22,197
2691733596639876072,train_batch_22,198
2678182288635540498,train_batch_22,199
2690463222666315802,train_batch_22,200
2699167767653090446,train_batch_22,201
2737352163658662622,train_batch_22,202
2723846912655772136,train_batch_22,203
2697002675643778543,train_batch_22,204
2699019236658140788,train_batch_22,205
2696651970671853553,train_batch_22,206
2726422605670470079,train_batch_22,207
2669382269670704460,train_batch_22,208
2663260672659285758,train_batch_22,209
2699665748635702125,train_batch_22,210
2696640680638432056,train_batch_22,211
2720259690672030758,train_batch_22,212
2680703447655135441,train_batch_22,213
2690303950652495899,train_batch_22,214
2677723345659208915,train_batch_22,215
2698246305639742030,train_batch_22,216
2702462850635099920,train_batch_22,217
2693025187676153971,train_batch_22,218
2712169070672500476,train_batch_22,219
2674323982652201574,train_batch_22,220
2684376410638413858,train_batch_22,221
2690592194661205768,train_batch_22,222
2682653512655781992,train_batch_22,223
2679834586647689072,train_batch_22,224
2670448505664317557,train_batch_22,225
2727668510658278666,train_batch_22,226
2675024139663466622,train_batch_22,227
2675723398672101544,train_batch_22,228
2701958347667782762,train_batch_22,229
2669478989661648975,train_batch_22,230
2677331711656449788,train_batch_22,231
2677579921660692054,train_batch_22,232
2729230241654793627,train_batch_22,233
2708993941650667678,train_batch_22,234
2670134377635863306,train_batch_22,235
2723149172670582889,train_batch_22,236
2678973081646239723,train_batch_22,237
2677138594661935990,train_batch_22,238
2711552504668036702,train_batch_22,239
2712323213665365570,train_batch_22,240
2693299607676608981,train_batch_22,241
2730319045653991204,train_batch_22,242
2684727471657030808,train_batch_22,243
2688568567649980360,train_batch_22,244
2711935417649565847,train_batch_22,245
2699782938664359656,train_batch_22,246
2709890958653431118,train_batch_22,247
2726248820662627470,train_batch_22,248
2658863578656144456,train_batch_22,249
2688303006664251950,train_batch_22,250
2679277418637012034,train_batch_22,251
2709349378650282977,train_batch_22,252
2722598673659169216,train_batch_22,253
2681694513653427462,train_batch_22,254
2693127458654864763,train_batch_22,255
2677851349649567773,train_batch_22,256
2708367363663638085,train_batch_22,257
2665129807651559612,train_batch_22,258
2703763208649219049,train_batch_22,259
2695750225673126693,train_batch_22,260
2666016132660881039,train_batch_22,261
2711084861669988425,train_batch_22,262
2709626917648620324,train_batch_22,263
2695737331642192623,train_batch_22,264
2705991316668411121,train_batch_22,265
2729520052654957851,train_batch_22,266
2673096480656395803,train_batch_22,267
2698936872675561809,train_batch_22,268
2706649869668085005,train_batch_22,269
2661667511657768948,train_batch_22,270
2665048193652569340,train_batch_22,271
2689096131667189236,train_batch_22,272
2719122925651309053,train_batch_22,273
2710597209664337878,train_batch_22,274
2724101008655474661,train_batch_22,275
2732603634663468732,train_batch_22,276
2711342012637569098,train_batch_22,277
2715350468662120611,train_batch_22,278
2687630395646097994,train_batch_22,279
2671602179633214726,train_batch_22,280
2704578249673198772,train_batch_22,281
2664929024659059455,train_batch_22,282
2736164287656765096,train_batch_22,283
2692205097659222275,train_batch_22,284
2674144492634674314,train_batch_22,285
2658342579663816727,train_batch_22,286
2680760620666577089,train_batch_22,287
2678837676650779062,train_batch_22,288
2675101452665097805,train_batch_22,289
2672787839633587972,train_batch_22,290
2710713952654975730,train_batch_22,291
2727149534670922667,train_batch_22,292
2676481950647363003,train_batch_22,293
2696113801649857370,train_batch_22,294
2689921739636355878,train_batch_22,295
2725331879664187457,train_batch_22,296
2719565747663587790,train_batch_22,297
2693849877648346127,train_batch_22,298
2688574319662647393,train_batch_22,299
2708951309636176446,train_batch_22,300
2721363464656588333,train_batch_22,301
2709241450658557955,train_batch_22,302
2670479058663796586,train_batch_22,303
2682455735667501682,train_batch_22,304
2704659667675516655,train_batch_22,305
2674046653654917590,train_batch_22,306
2672186953663109376,train_batch_22,307
2685914390666871437,train_batch_22,308
2672623831653254694,train_batch_22,309
2665768979656534349,train_batch_22,310
2709945262658073197,train_batch_22,311
2666825302670918544,train_batch_22,312
2707729329635665310,train_batch_22,313
2672004738659688082,train_batch_22,314
2662336389659405738,train_batch_22,315
2665610688669630214,train_batch_22,316
2702199409663000420,train_batch_22,317
2699372783668086538,train_batch_22,318
2705396120666221399,train_batch_22,319
2686045017636577476,train_batch_22,320
2687679923650300605,train_batch_22,321
2687456593651947936,train_batch_22,322
2695285463637330020,train_batch_22,323
2686711808669297822,train_batch_22,324
2697246303635433735,train_batch_22,325
2667221245657470747,train_batch_22,326
2707867590637107289,train_batch_22,327
2687557817634729041,train_batch_22,328
2698233988678573609,train_batch_22,329
2670924626662606023,train_batch_22,330
2710176974635327279,train_batch_22,331
2679815328655767366,train_batch_22,332
2705849905655470085,train_batch_22,333
2678559336649450788,train_batch_22,334
2719613366638877395,train_batch_22,335
2671077381653347739,train_batch_22,336
2679899566647170926,train_batch_22,337
2734841541660235001,train_batch_22,338
2709887783663290351,train_batch_22,339
2667531702670331033,train_batch_22,340
2671954358654052579,train_batch_22,341
2674351070660033355,train_batch_22,342
2701180550651624558,train_batch_22,343
2671944976650582609,train_batch_22,344
2682684223663640027,train_batch_22,345
2684909157674402143,train_batch_22,346
2688394031674288449,train_batch_22,347
2690796517662963821,train_batch_22,348
2695813220636822809,train_batch_22,349
2713572564670304424,train_batch_22,350
2692408083674969038,train_batch_22,351
2712637652660438172,train_batch_22,352
2718708130666687124,train_batch_22,353
2702413720662144896,train_batch_22,354
2704687171660370889,train_batch_22,355
2706618520656367128,train_batch_22,356
2707075608650988420,train_batch_22,357
2671695297667649354,train_batch_22,358
2666540670652148998,train_batch_22,359
2663742825662035787,train_batch_22,360
2680766264653998994,train_batch_22,361
2707846522667328691,train_batch_22,362
2694885560660326355,train_batch_22,363
2658175057657613178,train_batch_22,364
2694747117637610964,train_batch_22,365
2675138910654116254,train_batch_22,366
2683417141666976081,train_batch_22,367
2702407809635903103,train_batch_22,368
2726349728655474044,train_batch_22,369
2690159048662908966,train_batch_22,370
2702196147668279048,train_batch_22,371
2700703298665352171,train_batch_22,372
2714015328651548598,train_batch_22,373
2696795473662446615,train_batch_22,374
2686286472667374819,train_batch_22,375
2688277816639309864,train_batch_22,376
2732402275652160235,train_batch_22,377
2709486914634780726,train_batch_22,378
2677236851659725724,train_batch_22,379
2686059426656188850,train_batch_22,380
2673656953662139467,train_batch_22,381
2734729525656194590,train_batch_22,382
2697318231637008330,train_batch_22,383
2674003295649181138,train_batch_22,384
2685377308662204556,train_batch_22,385
2677851145645534727,train_batch_22,386
2698979488645294794,train_batch_22,387
2670657071658327832,train_batch_22,388
2717075113666369122,train_batch_22,389
2726009625668004410,train_batch_22,390
2660305290664241436,train_batch_22,391
2714940016652800361,train_batch_22,392
2669275243665935939,train_batch_22,393
2696683436638174179,train_batch_22,394
2701637246640458584,train_batch_22,395
2713036482648528008,train_batch_22,396
2677663004634726524,train_batch_22,397
2733884809653696578,train_batch_22,398
2709469831651197292,train_batch_22,399
2671053476636751003,train_batch_22,400
2674811934673546699,train_batch_22,401
2726215742655847310,train_batch_22,402
2706784333655171992,train_batch_22,403
2724472689651110324,train_batch_22,404
2667966434668689512,train_batch_22,405
2698772848655449828,train_batch_22,406
2669354498663115066,train_batch_22,407
2713256178671174125,train_batch_22,408
2685531370647685340,train_batch_22,409
2671375520662159915,train_batch_22,410
2736572574659084019,train_batch_22,411
2672117099674092734,train_batch_22,412
2703905720672197549,train_batch_22,413
2688599519657383207,train_batch_22,414
2660702270655562707,train_batch_22,415
2726985472667694960,train_batch_22,416
2705410243655583479,train_batch_22,417
2719031250664711182,train_batch_22,418
2700805707652345951,train_batch_22,419
2678800396656346009,train_batch_22,420
2671207363661324581,train_batch_22,421
2692590108652409946,train_batch_22,422
2680805708670911472,train_batch_22,423
2670705895647569517,train_batch_22,424
2670340038661478044,train_batch_22,425
2703443291654259485,train_batch_22,426
2717013397661445533,train_batch_22,427
2718871630672761918,train_batch_22,428
2689427232650686855,train_batch_22,429
2726641884656554580,train_batch_22,430
2718340598646312133,train_batch_22,431
2689589767645510103,train_batch_22,432
2680697465672492590,train_batch_22,433
2718143449645657649,train_batch_22,434
2660178204662184209,train_batch_22,435
2700154585665761881,train_batch_22,436
2704466514667662685,train_batch_22,437
2701706855656463170,train_batch_22,438
2723184878658622743,train_batch_22,439
2690372288655330883,train_batch_22,440
2724648240659591047,train_batch_22,441
2727537169661981708,train_batch_22,442
2723395242666725710,train_batch_22,443
2731857255662762214,train_batch_22,444
2708518098658871949,train_batch_22,445
2665220463653731946,train_batch_22,446
2680973369654345990,train_batch_22,447
2686679073647008602,train_batch_22,448
2720297959663814863,train_batch_22,449
2673597794658606029,train_batch_22,450
2724434207649935785,train_batch_22,451
2709314201664350392,train_batch_22,452
2658745101652598461,train_batch_22,453
2699924849636232232,train_batch_22,454
2688320414648190993,train_batch_22,455
2697463206670441918,train_batch_22,456
2715713268664167886,train_batch_22,457
2699351454643202958,train_batch_22,458
2694515881660131534,train_batch_22,459
2655868390655583541,train_batch_22,460
2685759094664510165,train_batch_22,461
2700876049647582098,train_batch_22,462
2707721809656578805,train_batch_22,463
2681113325639079593,train_batch_22,464
2666532710656595162,train_batch_22,465
2673766573650637558,train_batch_22,466
2698377823670899542,train_batch_22,467
2719325765659167167,train_batch_22,468
2701807059639376705,train_batch_22,469
2709037155636353930,train_batch_22,470
2678774927659704127,train_batch_22,471
2724437867664520367,train_batch_22,472
2706850160663093715,train_batch_22,473
2677777423663399316,train_batch_22,474
2692580221661516068,train_batch_22,475
2711840842662760260,train_batch_22,476
2707536261636361699,train_batch_22,477
2691681510646358190,train_batch_22,478
2686997730646731361,train_batch_22,479
2669285903665153206,train_batch_22,480
2669859381665802672,train_batch_22,481
2706549665650393185,train_batch_22,482
2708283950660443935,train_batch_22,483
2726713120652359837,train_batch_22,484
2702389486655481828,train_batch_22,485
2711930026657122342,train_batch_22,486
2679046095647631185,train_batch_22,487
2730096394655560764,train_batch_22,488
2706732982644730149,train_batch_22,489
2705172466668028648,train_batch_22,490
2712239158662501666,train_batch_22,491
2669972602653739756,train_batch_22,492
2686019459674678398,train_batch_22,493
2674464597636577081,train_batch_22,494
2723930908672165078,train_batch_22,495
2730229944664160466,train_batch_22,496
2673223695667056105,train_batch_22,497
2691545212666705702,train_batch_22,498
2692187939664601141,train_batch_22,499
2714837845669957006,train_batch_23,0
2696506531649376819,train_batch_23,1
2718745017670860847,train_batch_23,2
2703091971658856832,train_batch_23,3
2680684828656611888,train_batch_23,4
2689991707676502290,train_batch_23,5
2705874118635211555,train_batch_23,6
2701824495670696939,train_batch_23,7
2705869233648547887,train_batch_23,8
2660256704655959653,train_batch_23,9
2697732805667078554,train_batch_23,10
2694827842665640767,train_batch_23,11
2703615772669894409,train_batch_23,12
2689100304673895549,train_batch_23,13
2711092483636758345,train_batch_23,14
2678172398653389464,train_batch_23,15
2689614805639503117,train_batch_23,16
2682552265637685844,train_batch_23,17
2658848103657280416,train_batch_23,18
2695148861654983170,train_batch_23,19
2689409342657388304,train_batch_23,20
2722087819661187938,train_batch_23,21
2667753090655836109,train_batch_23,22
2670970035651755982,train_batch_23,23
2728292841650353280,train_batch_23,24
2727810927665946567,train_batch_23,25
2705536890668554713,train_batch_23,26
2717916784655863418,train_batch_23,27
2687504388661868650,train_batch_23,28
2697289652646313499,train_batch_23,29
2731390198656750300,train_batch_23,30
2675917701651672416,train_batch_23,31
2726157162648108825,train_batch_23,32
2692148637670742524,train_batch_23,33
2726376941652136437,train_batch_23,34
2695312528637781679,train_batch_23,35
2676995998663003186,train_batch_23,36
2697364710644617125,train_batch_23,37
2727615845667568591,train_batch_23,38
2687960029653730484,train_batch_23,39
2690546251646901791,train_batch_23,40
2674664990669239720,train_batch_23,41
2665586471662702096,train_batch_23,42
2669486394646075322,train_batch_23,43
2684786106659753630,train_batch_23,44
2684827330661781059,train_batch_23,45
2719954006661182855,train_batch_23,46
2722468670670772029,train_batch_23,47
2682498121669346564,train_batch_23,48
2691844487644559655,train_batch_23,49
2661866029660805991,train_batch_23,50
2711114613661774209,train_batch_23,51
2671643424651955645,train_batch_23,52
2697288846657003725,train_batch_23,53
2715440645653468081,train_batch_23,54
2717861818655864347,train_batch_23,55
2699521890637446646,train_batch_23,56
2719195943653084349,train_batch_23,57
2657744802664033145,train_batch_23,58
2664021762654151978,train_batch_23,59
2661234869652384841,train_batch_23,60
2708542377669168242,train_batch_23,61
2687749960647932059,train_batch_23,62
2667651578659585429,train_batch_23,63
2718749958638082348,train_batch_23,64
2705474134674292745,train_batch_23,65
2722227544656762378,train_batch_23,66
2720823102650179252,train_batch_23,67
2681585458671741408,train_batch_23,68
2678357719653197201,train_batch_23,69
2680402041651555473,train_batch_23,70
2675054273657205743,train_batch_23,71
2715865681661274899,train_batch_23,72
2690475065644658685,train_batch_23,73
2720998811661283251,train_batch_23,74
2706372157646253555,train_batch_23,75
2706267738636965742,train_batch_23,76
2685309507647920873,train_batch_23,77
2727425379660444060,train_batch_23,78
2706425363672867801,train_batch_23,79
2692394755674831664,train_batch_23,80
2693495132637293074,train_batch_23,81
2725795773656261957,train_batch_23,82
2704239402647963337,train_batch_23,83
2721129634646873950,train_batch_23,84
2705146812637371767,train_batch_23,85
2673774499658311996,train_batch_23,86
2710207615673516443,train_batch_23,87
2672876581653789946,train_batch_23,88
2663174421654087483,train_batch_23,89
2689998518658612011,train_batch_23,90
2692559360657869823,train_batch_23,91
2723146782657792939,train_batch_23,92
2691286137652587745,train_batch_23,93
2679361585652472102,train_batch_23,94
2730261537666017673,train_batch_23,95
2718661129649107947,train_batch_23,96
2686817674650194609,train_batch_23,97
2726955895662106259,train_batch_23,98
2696572966671074690,train_batch_23,99
2694862486645198485,train_batch_23,100
2710235561654988421,train_batch_23,101
2691713202650456903,train_batch_23,102
2715652594654832265,train_batch_23,103
2705151109662065217,train_batch_23,104
2664218574658895703,train_batch_23,105
2680601865640007407,train_batch_23,106
2664192207669834782,train_batch_23,107
2676619896650290245,train_batch_23,108
2670564386655559689,train_batch_23,109
2710965215654937814,train_batch_23,110
2698609145663354588,train_batch_23,111
2704088611633769920,train_batch_23,112
2709402032666090752,train_batch_23,113
2717210253665096261,train_batch_23,114
2700804327659557522,train_batch_23,115
2695349468673038711,train_batch_23,116
2688582323662578106,train_batch_23,117
2733493102653598962,train_batch_23,118
2688793638657738835,train_batch_23,119
2689435525639892885,train_batch_23,120
2693945205664487260,train_batch_23,121
2695909332645410833,train_batch_23,122
2664777513661106188,train_batch_23,123
2689501577654868792,train_batch_23,124
2670653478650151044,train_batch_23,125
2715009451652885174,train_batch_23,126
2713884010655175535,train_batch_23,127
2715524714648851952,train_batch_23,128
2679068003660995880,train_batch_23,129
2689554692661281356,train_batch_23,130
2681002341640404837,train_batch_23,131
2686728064634598312,train_batch_23,132
2696483827670034859,train_batch_23,133
2707717422671020820,train_batch_23,134
2680503791654438209,train_batch_23,135
2709777393645726835,train_batch_23,136
2688330646666958226,train_batch_23,137
2678075442664835020,train_batch_23,138
2674846434664492474,train_batch_23,139
2686218888663402050,train_batch_23,140
2677572163669265905,train_batch_23,141
2689772039648510184,train_batch_23,142
2658981327662995964,train_batch_23,143
2692789810639534219,train_batch_23,144
2683777337636801947,train_batch_23,145
2671868680665320805,train_batch_23,146
2705748097668583927,train_batch_23,147
2695514605669683092,train_batch_23,148
2676254000672515236,train_batch_23,149
2683602603650171495,train_batch_23,150
2682561823654789562,train_batch_23,151
2684754214663635966,train_batch_23,152
2726330905671412300,train_batch_23,153
2695196981652858397,train_batch_23,154
2680876872640607629,train_batch_23,155
2716671083669878795,train_batch_23,156
2667922488664401993,train_batch_23,157
2705338883675534023,train_batch_23,158
2717664250655027062,train_batch_23,159
2707224879670567526,train_batch_23,160
2692649397664655685,train_batch_23,161
2702531578676439778,train_batch_23,162
2692398397666399292,train_batch_23,163
2696828663647350326,train_batch_23,164
2689445487637847996,train_batch_23,165
2702444472674127377,train_batch_23,166
2737810498658113297,train_batch_23,167
2692148488651590046,train_batch_23,168
2719340569638110461,train_batch_23,169
2705849143651971389,train_batch_23,170
2682067376661819071,train_batch_23,171
2705724137633554418,train_batch_23,172
2682690015651700136,train_batch_23,173
2714719813660910549,train_batch_23,174
2692629122664912954,train_batch_23,175
2667556763658438133,train_batch_23,176
2711052933649872320,train_batch_23,177
2677166747671504751,train_batch_23,178
2674758872671888892,train_batch_23,179
2682927898636166096,train_batch_23,180
2690715547668681834,train_batch_23,181
2704639902639593856,train_batch_23,182
2683622185648414079,train_batch_23,183
2696300257657341362,train_batch_23,184
2709795269647281686,train_batch_23,185
2699022821648037790,train_batch_23,186
2698355117639094365,train_batch_23,187
2666621396668985452,train_batch_23,188
2705211380660058791,train_batch_23,189
2681299301657956014,train_batch_23,190
2714567870654670848,train_batch_23,191
2664828547652078297,train_batch_23,192
2705901551660116109,train_batch_23,193
2717615334637768083,train_batch_23,194
2700001907667878647,train_batch_23,195
2660563346667128050,train_batch_23,196
2703449621635983700,train_batch_23,197
2693493172665727211,train_batch_23,198
2677336249648083666,train_batch_23,199
2705559892657284710,train_batch_23,200
2704538150649320073,train_batch_23,201
2729797084660025816,train_batch_23,202
2684151199661321385,train_batch_23,203
2682116771675102254,train_batch_23,204
2686709892646293618,train_batch_23,205
2696479031648186651,train_batch_23,206
2664522659664790670,train_batch_23,207
2730552925652907619,train_batch_23,208
2715563442647152219,train_batch_23,209
2671332045653114410,train_batch_23,210
2688450114652822362,train_batch_23,211
2690951448634060582,train_batch_23,212
2693522721670417942,train_batch_23,213
2721581336655998991,train_batch_23,214
2680574069652727083,train_batch_23,215
2683349434655583045,train_batch_23,216
2708332128663862455,train_batch_23,217
2728323383649551981,train_batch_23,218
2693113369651983357,train_batch_23,219
2693285942667069278,train_batch_23,220
2668558494654495593,train_batch_23,221
2688417032637041120,train_batch_23,222
2703885760634288807,train_batch_23,223
2708495311654746902,train_batch_23,224
2671093389661999615,train_batch_23,225
2717880940650026074,train_batch_23,226
2718093428657202063,train_batch_23,227
2697391153639371134,train_batch_23,228
2662204194662836410,train_batch_23,229
2662007904665217009,train_batch_23,230
2727885584650329191,train_batch_23,231
2728404185653262493,train_batch_23,232
2705856347651691177,train_batch_23,233
2669418974667844387,train_batch_23,234
2732376679662394237,train_batch_23,235
2723561304652087249,train_batch_23,236
2683210943664020949,train_batch_23,237
2728047875650168541,train_batch_23,238
2692496497636745021,train_batch_23,239
2679478970656603651,train_batch_23,240
2721982605653109977,train_batch_23,241
2680467306647207477,train_batch_23,242
2694365235661509858,train_batch_23,243
2719799160646310851,train_batch_23,244
2725566071651453989,train_batch_23,245
2722118513668712159,train_batch_23,246
2698320407676715664,train_batch_23,247
2671957007655886483,train_batch_23,248
2710319242658697389,train_batch_23,249
2717272794659283141,train_batch_23,250
2704543847665518003,train_batch_23,251
2666202868669072606,train_batch_23,252
2684821710667163441,train_batch_23,253
2719901937665097083,train_batch_23,254
2694238879638620373,train_batch_23,255
2694212209646167077,train_batch_23,256
2700401198659444549,train_batch_23,257
2675022729670514781,train_batch_23,258
2656110810664579005,train_batch_23,259
2705059903662870339,train_batch_23,260
2670384924635274665,train_batch_23,261
2683299594673373055,train_batch_23,262
2660637860656819215,train_batch_23,263
2692724493668756202,train_batch_23,264
2687360214644497415,train_batch_23,265
2717367635667097287,train_batch_23,266
2676901794658909516,train_batch_23,267
2695443342660253517,train_batch_23,268
2669148772655184030,train_batch_23,269
2709457209648388128,train_batch_23,270
2665612603660370469,train_batch_23,271
2674610761666169817,train_batch_23,272
2707316729636800572,train_batch_23,273
2696244255639744535,train_batch_23,274
2688969441641370669,train_batch_23,275
2720210829669861775,train_batch_23,276
2685668749640614585,train_batch_23,277
2693810139676750036,train_batch_23,278
2692981231667563503,train_batch_23,279
2688609289654656556,train_batch_23,280
2678903968672981676,train_batch_23,281
2683507093638426684,train_batch_23,282
2715509487658540183,train_batch_23,283
2684122601653180051,train_batch_23,284
2708578751666540890,train_batch_23,285
2663282690651189940,train_batch_23,286
2694496616652952878,train_batch_23,287
2674478305665692499,train_batch_23,288
2678719134664794812,train_batch_23,289
2729100547662492339,train_batch_23,290
2691871496651865668,train_batch_23,291
2722734338649365755,train_batch_23,292
2701736831651322514,train_batch_23,293
2720702107663440045,train_batch_23,294
2681762454634430027,train_batch_23,295
2664203682660029111,train_batch_23,296
2694879683646711226,train_batch_23,297
2709687383661478741,train_batch_23,298
2698922363649262747,train_batch_23,299
2684527138634882837,train_batch_23,300
2708859194666400789,train_batch_23,301
2708589391672325319,train_batch_23,302
2668022617664079553,train_batch_23,303
2720727481650743230,train_batch_23,304
2693036404658754929,train_batch_23,305
2732571241659101977,train_batch_23,306
2699354109647503475,train_batch_23,307
2674296699669871200,train_batch_23,308
2676927125671931107,train_batch_23,309
2696952347664971126,train_batch_23,310
2712825830666619374,train_batch_23,311
2702711944647678689,train_batch_23,312
2678114107650424116,train_batch_23,313
2727843662670894885,train_batch_23,314
2721557695660771244,train_batch_23,315
2687099430653771261,train_batch_23,316
2677173241657365942,train_batch_23,317
2667564851662207761,train_batch_23,318
2689229776649918836,train_batch_23,319
2712233790654214400,train_batch_23,320
2723980679665405010,train_batch_23,321
2724721498670018743,train_batch_23,322
2702181136672929007,train_batch_23,323
2724861317666595602,train_batch_23,324
2685792303654879192,train_batch_23,325
2708709504635829914,train_batch_23,326
2716435742656050253,train_batch_23,327
2711092397651313523,train_batch_23,328
2709347272659599595,train_batch_23,329
2680564770674868032,train_batch_23,330
2721605404667402153,train_batch_23,331
2683864452658123875,train_batch_23,332
2670445376655499483,train_batch_23,333
2689707012674382551,train_batch_23,334
2719008623658457063,train_batch_23,335
2733937321656483789,train_batch_23,336
2671541779667972586,train_batch_23,337
2658923808655523759,train_batch_23,338
2721361174654220717,train_batch_23,339
2684360247652225773,train_batch_23,340
2665662536667608819,train_batch_23,341
2665066264631078066,train_batch_23,342
2694883808668515856,train_batch_23,343
2711892580668059719,train_batch_23,344
2668925862665731986,train_batch_23,345
2667321696666883836,train_batch_23,346
2662986239657825908,train_batch_23,347
2716375744654885319,train_batch_23,348
2705250978663539248,train_batch_23,349
2690655538668911884,train_batch_23,350
2675883960637567884,train_batch_23,351
2705099853654763174,train_batch_23,352
2702663933664840406,train_batch_23,353
2700770323644807186,train_batch_23,354
2719659878667487360,train_batch_23,355
2699301868642123032,train_batch_23,356
2691017989634139500,train_batch_23,357
2724727711650471822,train_batch_23,358
2701527481652726496,train_batch_23,359
2678666591639908951,train_batch_23,360
2729609093656304996,train_batch_23,361
2683583498663077189,train_batch_23,362
2683058982658049795,train_batch_23,363
2680892576654744025,train_batch_23,364
2712282143656878814,train_batch_23,365
2715502604668081118,train_batch_23,366
2712654757658742795,train_batch_23,367
2734375847658595076,train_batch_23,368
2700124012646587235,train_batch_23,369
2680599258653554496,train_batch_23,370
2706101239637188296,train_batch_23,371
2685614094651711448,train_batch_23,372
2675268499634428540,train_batch_23,373
2690901491651086405,train_batch_23,374
2670243723646358866,train_batch_23,375
2677631424653740377,train_batch_23,376
2694241823664405778,train_batch_23,377
2676101659656745673,train_batch_23,378
2704564078667485687,train_batch_23,379
2701778036633926824,train_batch_23,380
2667876155669595858,train_batch_23,381
2681066399639099916,train_batch_23,382
2694528235670165642,train_batch_23,383
2699475941652319296,train_batch_23,384
2703957706662178163,train_batch_23,385
2699439915637099481,train_batch_23,386
2728635476663310044,train_batch_23,387
2704659522657526205,train_batch_23,388
2702683956666950580,train_batch_23,389
2723777936654245375,train_batch_23,390
2713319450662596997,train_batch_23,391
2706819830668180894,train_batch_23,392
2686603039639578007,train_batch_23,393
2710747544651593898,train_batch_23,394
2689116747646308801,train_batch_23,395
2668962772657725941,train_batch_23,396
2702005344675642981,train_batch_23,397
2674170017652522162,train_batch_23,398
2734402242662672671,train_batch_23,399
2709585656636338315,train_batch_23,400
2723057648658529778,train_batch_23,401
2689703007669812342,train_batch_23,402
2667139999632238526,train_batch_23,403
2724693066650913908,train_batch_23,404
2685565612664532252,train_batch_23,405
2668993422654350682,train_batch_23,406
2711199047658462534,train_batch_23,407
2711342000646577354,train_batch_23,408
2692817473651357934,train_batch_23,409
2673528642664619666,train_batch_23,410
2665792495656071603,train_batch_23,411
2693500724657234434,train_batch_23,412
2691513403640974248,train_batch_23,413
2683561844670386193,train_batch_23,414
2691794456660586116,train_batch_23,415
2696805164652151717,train_batch_23,416
2681134151667793899,train_batch_23,417
2700187096654352124,train_batch_23,418
2685722797670356373,train_batch_23,419
2693858754638346292,train_batch_23,420
2701779981674566641,train_batch_23,421
2682978121639130700,train_batch_23,422
2711175411659513831,train_batch_23,423
2690703231663200340,train_batch_23,424
2709560895643781846,train_batch_23,425
2685625380635746948,train_batch_23,426
2684989239673011822,train_batch_23,427
2696085979645077848,train_batch_23,428
2671738586648639810,train_batch_23,429
2666530929663943952,train_batch_23,430
2707818497633976424,train_batch_23,431
2667067877659103352,train_batch_23,432
2710685835672210244,train_batch_23,433
2678336268662114760,train_batch_23,434
2695223095647974099,train_batch_23,435
2686828333637570916,train_batch_23,436
2709369206645322185,train_batch_23,437
2693288161649713014,train_batch_23,438
2681898222653941187,train_batch_23,439
2693623252644415961,train_batch_23,440
2710340920660865160,train_batch_23,441
2684173723675398474,train_batch_23,442
2698055074663384175,train_batch_23,443
2736442134656988613,train_batch_23,444
2712542476652503737,train_batch_23,445
2684039090640380008,train_batch_23,446
2674616112652579779,train_batch_23,447
2664544543665978651,train_batch_23,448
2704501771638334969,train_batch_23,449
2673367007660041724,train_batch_23,450
2681282735652087326,train_batch_23,451
2680533088645661360,train_batch_23,452
2697070923654270264,train_batch_23,453
2732313807663649254,train_batch_23,454
2662118978661624857,train_batch_23,455
2724472488650520495,train_batch_23,456
2693262276647699702,train_batch_23,457
2733237262661653540,train_batch_23,458
2681898122661239452,train_batch_23,459
2668091434655118378,train_batch_23,460
2728869088651535431,train_batch_23,461
2726212261666824139,train_batch_23,462
2699757001650592860,train_batch_23,463
2727613945650347048,train_batch_23,464
2714514382667558416,train_batch_23,465
2722293548671915805,train_batch_23,466
2688160667657851770,train_batch_23,467
2684133612664762030,train_batch_23,468
2675237845660445422,train_batch_23,469
2706554476645449993,train_batch_23,470
2687099084659463248,train_batch_23,471
2678869942636707850,train_batch_23,472
2677443196668522930,train_batch_23,473
2714019040670495204,train_batch_23,474
2715492880667755026,train_batch_23,475
2693980872634952255,train_batch_23,476
2691833948651702660,train_batch_23,477
2703986327670004084,train_batch_23,478
2671716028649911160,train_batch_23,479
2684717232649568857,train_batch_23,480
2684576907656335534,train_batch_23,481
2669130437664283251,train_batch_23,482
2680103424648141233,train_batch_23,483
2666832617665601862,train_batch_23,484
2674639896669247026,train_batch_23,485
2728751936657883347,train_batch_23,486
2675444904657542813,train_batch_23,487
2673370239637656366,train_batch_23,488
2688410574663655351,train_batch_23,489
2712014114636984098,train_batch_23,490
2700004779638935256,train_batch_23,491
2708681483654294279,train_batch_23,492
2693201458674816341,train_batch_23,493
2711449070661050502,train_batch_23,494
2664612034654738850,train_batch_23,495
2694936205648478035,train_batch_23,496
2694740459670117978,train_batch_23,497
2662258414653380200,train_batch_23,498
2710362681637125646,train_batch_23,499
2703190068674749241,train_batch_24,0
2687471951652067067,train_batch_24,1
2695289082660039216,train_batch_24,2
2665107081657902571,train_batch_24,3
2676622946637041037,train_batch_24,4
2679668224662795712,train_batch_24,5
2699839978652393035,train_batch_24,6
2697945291677786587,train_batch_24,7
2662300274652594201,train_batch_24,8
2709958080652632817,train_batch_24,9
2703689330653140589,train_batch_24,10
2691590760649232731,train_batch_24,11
2700351144665330808,train_batch_24,12
2715789201657975012,train_batch_24,13
2709192821659117188,train_batch_24,14
2730387228657235294,train_batch_24,15
2671473072663611290,train_batch_24,16
2700279520666500442,train_batch_24,17
2707477355658625188,train_batch_24,18
2714622858659068121,train_batch_24,19
2677156247646469011,train_batch_24,20
2687386598646092897,train_batch_24,21
2680256984639101108,train_batch_24,22
2707054950659216455,train_batch_24,23
2681387920636506801,train_batch_24,24
2695488931659106380,train_batch_24,25
2666546706656358579,train_batch_24,26
2679413231657757121,train_batch_24,27
2721722638655281928,train_batch_24,28
2686594378641366567,train_batch_24,29
2696759518656753970,train_batch_24,30
2685944625656274772,train_batch_24,31
2687405639664312876,train_batch_24,32
2712156581662270785,train_batch_24,33
2674458071669700410,train_batch_24,34
2684470148639219044,train_batch_24,35
2679749741660382823,train_batch_24,36
2703422074651259907,train_batch_24,37
2673026128656184422,train_batch_24,38
2713491266655246214,train_batch_24,39
2691943105656208303,train_batch_24,40
2705009817662155355,train_batch_24,41
2669666320670267355,train_batch_24,42
2665240439631000508,train_batch_24,43
2712378719659020462,train_batch_24,44
2689675843657763651,train_batch_24,45
2700774853651712840,train_batch_24,46
2717976871653888144,train_batch_24,47
2729254345652128585,train_batch_24,48
2687978387648795259,train_batch_24,49
2698848539677392398,train_batch_24,50
2674862232633787712,train_batch_24,51
2710017972652457457,train_batch_24,52
2682451954664424028,train_batch_24,53
2702509623662443571,train_batch_24,54
2701309887666623272,train_batch_24,55
2708737219647891090,train_batch_24,56
2703719875664864957,train_batch_24,57
2673288657663683727,train_batch_24,58
2713422692638118527,train_batch_24,59
2692246361666561589,train_batch_24,60
2694111279660133864,train_batch_24,61
2710847980659350105,train_batch_24,62
2674942782673886431,train_batch_24,63
2725417617661172986,train_batch_24,64
2691247367669387902,train_batch_24,65
2687996580665908912,train_batch_24,66
2705529390639658357,train_batch_24,67
2681707067657274844,train_batch_24,68
2704242810648406038,train_batch_24,69
2694251205669941687,train_batch_24,70
2722349118671332831,train_batch_24,71
2703731822673758327,train_batch_24,72
2718293986670345090,train_batch_24,73
2690430461674476729,train_batch_24,74
2673253536652204471,train_batch_24,75
2691010957657312891,train_batch_24,76
2706301451651801767,train_batch_24,77
2709471490661750865,train_batch_24,78
2721910398658615631,train_batch_24,79
2731468424653203156,train_batch_24,80
2709915182664599605,train_batch_24,81
2720370812657738031,train_batch_24,82
2725336405665352159,train_batch_24,83
2671710020656376484,train_batch_24,84
2720594497670700754,train_batch_24,85
2710218126660579862,train_batch_24,86
2685073262670510316,train_batch_24,87
2731282684660830952,train_batch_24,88
2715029890671851873,train_batch_24,89
2711501840661941026,train_batch_24,90
2674476504664430067,train_batch_24,91
2693557573664655294,train_batch_24,92
2720538416653911380,train_batch_24,93
2677722565673714134,train_batch_24,94
2669636357650547525,train_batch_24,95
2680851259659317197,train_batch_24,96
2676146939656382203,train_batch_24,97
2697234708670650071,train_batch_24,98
2706416754649324687,train_batch_24,99
2692650712646982481,train_batch_24,100
2663620254653383930,train_batch_24,101
2703011082672195551,train_batch_24,102
2719083930660017067,train_batch_24,103
2680071237654896884,train_batch_24,104
2721838497671621446,train_batch_24,105
2676986776673198567,train_batch_24,106
2720036779655010791,train_batch_24,107
2694189117654882599,train_batch_24,108
2717925149670174245,train_batch_24,109
2678489496673235808,train_batch_24,110
2663464731663363486,train_batch_24,111
2685301637652075304,train_batch_24,112
2695815321648147842,train_batch_24,113
2721210656655212164,train_batch_24,114
2708928418658233926,train_batch_24,115
2663051410631594061,train_batch_24,116
2718789426639224940,train_batch_24,117
2666634257667653284,train_batch_24,118
2669584752636297737,train_batch_24,119
2701273168649865505,train_batch_24,120
2670762816668696116,train_batch_24,121
2730772664656652390,train_batch_24,122
2666971919667117562,train_batch_24,123
2674862210671681045,train_batch_24,124
2688275292660831490,train_batch_24,125
2697968960637093370,train_batch_24,126
2700214387635381590,train_batch_24,127
2732770587659702295,train_batch_24,128
2726641722669122172,train_batch_24,129
2685044889638361681,train_batch_24,130
2713020618636828852,train_batch_24,131
2725612521671648880,train_batch_24,132
2665135539659474329,train_batch_24,133
2697976412657440838,train_batch_24,134
2683078415649622955,train_batch_24,135
2732302363657445424,train_batch_24,136
2731622597655543234,train_batch_24,137
2736045684664651136,train_batch_24,138
2664007017654065736,train_batch_24,139
2681754501638656272,train_batch_24,140
2716757920637285395,train_batch_24,141
2691781388651925831,train_batch_24,142
2696694909641407503,train_batch_24,143
2692910491657719823,train_batch_24,144
2692478305671014192,train_batch_24,145
2680397414666789670,train_batch_24,146
2692734073656487369,train_batch_24,147
2701170744652003615,train_batch_24,148
2665371268670442097,train_batch_24,149
2683667953667943178,train_batch_24,150
2685653958671633858,train_batch_24,151
2685247045663493570,train_batch_24,152
2655549243653385428,train_batch_24,153
2675792695657269892,train_batch_24,154
2687251660656065990,train_batch_24,155
2676046090649697867,train_batch_24,156
2729292176662119984,train_batch_24,157
2708011211654322269,train_batch_24,158
2673302026650235472,train_batch_24,159
2720973655663120890,train_batch_24,160
2679203687664309291,train_batch_24,161
2719722812649198998,train_batch_24,162
2683197462660279076,train_batch_24,163
2704077073658235986,train_batch_24,164
2729605818665069390,train_batch_24,165
2694597903652549731,train_batch_24,166
2690310953640849182,train_batch_24,167
2689640522661095570,train_batch_24,168
2666968125653981853,train_batch_24,169
2710942434636278272,train_batch_24,170
2663581963653423776,train_batch_24,171
2678884941652490775,train_batch_24,172
2713439897663282089,train_batch_24,173
2680415950646608341,train_batch_24,174
2665251367658600857,train_batch_24,175
2705197944661893579,train_batch_24,176
2708567557655746799,train_batch_24,177
2688161995657432668,train_batch_24,178
2719712177656273331,train_batch_24,179
2721202815664818166,train_batch_24,180
2701817974638391672,train_batch_24,181
2691003980641515941,train_batch_24,182
2688484858633323015,train_batch_24,183
2701121524660242981,train_batch_24,184
2708244072674810147,train_batch_24,185
2681912829663008114,train_batch_24,186
2697375138672882703,train_batch_24,187
2691187850676901429,train_batch_24,188
2714009062652933717,train_batch_24,189
2672771893635762041,train_batch_24,190
2715403548661317798,train_batch_24,191
2683204116654493821,train_batch_24,192
2715488927669152101,train_batch_24,193
2696715824655902603,train_batch_24,194
2675375614667705670,train_batch_24,195
2687017793669967104,train_batch_24,196
2692501108656523992,train_batch_24,197
2699521488673160447,train_batch_24,198
2707128471647843532,train_batch_24,199
2720161636662562475,train_batch_24,200
2670389861664080712,train_batch_24,201
2688397594650070111,train_batch_24,202
2663264374654063078,train_batch_24,203
2674718189655295553,train_batch_24,204
2687722166649802609,train_batch_24,205
2686852779673917477,train_batch_24,206
2693330611649877341,train_batch_24,207
2693914111667595412,train_batch_24,208
2716648091652392741,train_batch_24,209
2694819265637111189,train_batch_24,210
2697110041646540517,train_batch_24,211
2710478023673081327,train_batch_24,212
2664899554656588380,train_batch_24,213
2715098567673808177,train_batch_24,214
2668334408658616642,train_batch_24,215
2707426564658078170,train_batch_24,216
2659268454662766837,train_batch_24,217
2695821724635157878,train_batch_24,218
2675604093655469650,train_batch_24,219
2669663622650839422,train_batch_24,220
2709206521648330744,train_batch_24,221
2679798047635726276,train_batch_24,222
2694391964655286933,train_batch_24,223
2718757884662844964,train_batch_24,224
2679224480663993848,train_batch_24,225
2674434240652478240,train_batch_24,226
2670614861664225492,train_batch_24,227
2686200787640445753,train_batch_24,228
2663553094666878730,train_batch_24,229
2691419726668396220,train_batch_24,230
2687885469635813547,train_batch_24,231
2670271253672637389,train_batch_24,232
2705513739638891328,train_batch_24,233
2698006567655305664,train_batch_24,234
2677262078666625874,train_batch_24,235
2676924074666784184,train_batch_24,236
2737446556656324323,train_batch_24,237
2688825922659377673,train_batch_24,238
2675471038665593034,train_batch_24,239
2665985193651096028,train_batch_24,240
2706457199669958623,train_batch_24,241
2659714822657132999,train_batch_24,242
2701699323635181780,train_batch_24,243
2684631591654755219,train_batch_24,244
2664409487667129179,train_batch_24,245
2732304490653377194,train_batch_24,246
2663793903656541696,train_batch_24,247
2716331695659426943,train_batch_24,248
2661233052661260266,train_batch_24,249
2677346709652918188,train_batch_24,250
2732945479659905990,train_batch_24,251
2666513134666952213,train_batch_24,252
2725323460654857888,train_batch_24,253
2734787696657941084,train_batch_24,254
2707547030646038184,train_batch_24,255
2677458695645917747,train_batch_24,256
2666575833656751429,train_batch_24,257
2707382121659806379,train_batch_24,258
2672014176634078897,train_batch_24,259
2702151019634726458,train_batch_24,260
2693892380635308926,train_batch_24,261
2697501795660446445,train_batch_24,262
2695329019657807510,train_batch_24,263
2710228021674106216,train_batch_24,264
2721847954656201199,train_batch_24,265
2682578161635103296,train_batch_24,266
2695332407640014555,train_batch_24,267
2718892338657483566,train_batch_24,268
2700475160636774820,train_batch_24,269
2696737174635790190,train_batch_24,270
2709937009673906327,train_batch_24,271
2717708685665511321,train_batch_24,272
2686865350639581448,train_batch_24,273
2701037117673148220,train_batch_24,274
2692714474662115898,train_batch_24,275
2729461163656588244,train_batch_24,276
2683777989665097771,train_batch_24,277
2660181710656168663,train_batch_24,278
2727285649661945505,train_batch_24,279
2677031677652008135,train_batch_24,280
2688067145658658674,train_batch_24,281
2707231783665244571,train_batch_24,282
2699642124674814684,train_batch_24,283
2677431157649002493,train_batch_24,284
2729100059664214226,train_batch_24,285
2727428384668629486,train_batch_24,286
2669677178655546144,train_batch_24,287
2692198601661953964,train_batch_24,288
2666410937651763287,train_batch_24,289
2677463164664367809,train_batch_24,290
2717839094655623861,train_batch_24,291
2696945199660207808,train_batch_24,292
2701026341634892313,train_batch_24,293
2737442317661282770,train_batch_24,294
2708392168650886311,train_batch_24,295
2710148727654679931,train_batch_24,296
2683010216669113148,train_batch_24,297
2681914142646179660,train_batch_24,298
2667349061670841082,train_batch_24,299
2721475139665060421,train_batch_24,300
2723053168672405650,train_batch_24,301
2688538575636499565,train_batch_24,302
2703241463661611602,train_batch_24,303
2679709111675771306,train_batch_24,304
2683865390671907326,train_batch_24,305
2702359366647135860,train_batch_24,306
2681903575634582172,train_batch_24,307
2692410686645243084,train_batch_24,308
2687282034667289299,train_batch_24,309
2698124137638255180,train_batch_24,310
2715124849664240161,train_batch_24,311
2724898086653715118,train_batch_24,312
2665818162660530391,train_batch_24,313
2713730736671812299,train_batch_24,314
2710739562661177806,train_batch_24,315
2675015178673643985,train_batch_24,316
2713682958654869406,train_batch_24,317
2681587065634342843,train_batch_24,318
2684143812651489106,train_batch_24,319
2726269276664739233,train_batch_24,320
2675418462658430926,train_batch_24,321
2726094966649578973,train_batch_24,322
2671986482667918266,train_batch_24,323
2658396301656378424,train_batch_24,324
2733883348663030872,train_batch_24,325
2673635569672004767,train_batch_24,326
2710505274657089168,train_batch_24,327
2698438050660385715,train_batch_24,328
2714325619639401477,train_batch_24,329
2680652864658665868,train_batch_24,330
2702910436635879259,train_batch_24,331
2686601408640042087,train_batch_24,332
2669504373656255916,train_batch_24,333
2718536055673073122,train_batch_24,334
2718775664669279169,train_batch_24,335
2714776414653997657,train_batch_24,336
2704022417654258385,train_batch_24,337
2710550132655161906,train_batch_24,338
2689258002671718544,train_batch_24,339
2689655274643806133,train_batch_24,340
2681923681663221418,train_batch_24,341
2666982964654775799,train_batch_24,342
2672245757647996866,train_batch_24,343
2703959091662992897,train_batch_24,344
2676241396652660665,train_batch_24,345
2694165188656515893,train_batch_24,346
2705478376640070962,train_batch_24,347
2693173361669094971,train_batch_24,348
2715279259654410407,train_batch_24,349
2734084721661789763,train_batch_24,350
2675999226657978827,train_batch_24,351
2682155315653915416,train_batch_24,352
2713355787659010381,train_batch_24,353
2729238879663947189,train_batch_24,354
2686105130650468992,train_batch_24,355
2671334655654462826,train_batch_24,356
2719942355658220041,train_batch_24,357
2712836828671483937,train_batch_24,358
2701312043637343574,train_batch_24,359
2699851777649066761,train_batch_24,360
2729934209662199761,train_batch_24,361
2732898219652803736,train_batch_24,362
2725461212653860005,train_batch_24,363
2660718373662333337,train_batch_24,364
2724470334653211711,train_batch_24,365
2711573225671507496,train_batch_24,366
2680020061664084285,train_batch_24,367
2686590177653014481,train_batch_24,368
2728316756648878460,train_batch_24,369
2726622186652253603,train_batch_24,370
2691006751647219183,train_batch_24,371
2697179340635701109,train_batch_24,372
2697302846667297411,train_batch_24,373
2670184483633235471,train_batch_24,374
2683013535650136192,train_batch_24,375
2737977399655846342,train_batch_24,376
2672846996654636128,train_batch_24,377
2691372082657909715,train_batch_24,378
2687534980638971967,train_batch_24,379
2670879001660588046,train_batch_24,380
2675471576662245258,train_batch_24,381
2699404859669707336,train_batch_24,382
2670404773656352467,train_batch_24,383
2669862421648576960,train_batch_24,384
2675201803662657629,train_batch_24,385
2710657168660006421,train_batch_24,386
2698077976660983211,train_batch_24,387
2723900572654578700,train_batch_24,388
2671010644633454310,train_batch_24,389
2702590943637338467,train_batch_24,390
2690726863652169266,train_batch_24,391
2726526027662305250,train_batch_24,392
2692962682663922115,train_batch_24,393
2674732886671515290,train_batch_24,394
2664165992652729997,train_batch_24,395
2704386677666232489,train_batch_24,396
2673384384663039666,train_batch_24,397
2711717870648376877,train_batch_24,398
2680949706665208595,train_batch_24,399
2701739891674686666,train_batch_24,400
2711001967645045726,train_batch_24,401
2699802332644322132,train_batch_24,402
2689614042663032804,train_batch_24,403
2712561695673164632,train_batch_24,404
2670761696671970265,train_batch_24,405
2693063508651002824,train_batch_24,406
2659816846653758184,train_batch_24,407
2695697759646594185,train_batch_24,408
2675307943648357148,train_batch_24,409
2696771396640018642,train_batch_24,410
2672583214647718903,train_batch_24,411
2681415098648000285,train_batch_24,412
2700324600647013703,train_batch_24,413
2717428993645679610,train_batch_24,414
2680737222636818013,train_batch_24,415
2710898835661165209,train_batch_24,416
2659849542656857925,train_batch_24,417
2677733149652800317,train_batch_24,418
2683968830665962277,train_batch_24,419
2729222515652524883,train_batch_24,420
2686593705650660660,train_batch_24,421
2704161428673273656,train_batch_24,422
2687684668633093307,train_batch_24,423
2708575037663704090,train_batch_24,424
2669718927662843558,train_batch_24,425
2685022447656321449,train_batch_24,426
2685356817638605968,train_batch_24,427
2724637872662659477,train_batch_24,428
2712047876671954793,train_batch_24,429
2690648662650681107,train_batch_24,430
2733800466657650175,train_batch_24,431
2687895602650127409,train_batch_24,432
2697336476654126515,train_batch_24,433
2665252797660330193,train_batch_24,434
2724177740647930871,train_batch_24,435
2728972956660727386,train_batch_24,436
2683014478670960128,train_batch_24,437
2715303444671134839,train_batch_24,438
2705875756658489124,train_batch_24,439
2664399508670871190,train_batch_24,440
2710398316659677718,train_batch_24,441
2709592260645030627,train_batch_24,442
2678606976662855689,train_batch_24,443
2669436466652223056,train_batch_24,444
2693689046635383080,train_batch_24,445
2694798488641196536,train_batch_24,446
2711985007655399494,train_batch_24,447
2678080017673920196,train_batch_24,448
2667734491653043573,train_batch_24,449
2718357107663711445,train_batch_24,450
2690895597652552121,train_batch_24,451
2723791614651157854,train_batch_24,452
2670445652647998445,train_batch_24,453
2685282475656277729,train_batch_24,454
2678858610638834871,train_batch_24,455
2676769395659632616,train_batch_24,456
2668743439672817550,train_batch_24,457
2724442057659613030,train_batch_24,458
2713470570646717149,train_batch_24,459
2711901580638549070,train_batch_24,460
2696725924637897901,train_batch_24,461
2671077515673099824,train_batch_24,462
2664189941663120025,train_batch_24,463
2719003463657678537,train_batch_24,464
2722099495654628293,train_batch_24,465
2678819751659567006,train_batch_24,466
2681500475661258821,train_batch_24,467
2718839428637811548,train_batch_24,468
2686556082655518086,train_batch_24,469
2686783873653576812,train_batch_24,470
2700114114634274148,train_batch_24,471
2694662649647783894,train_batch_24,472
2702298431639434952,train_batch_24,473
2687928849655072160,train_batch_24,474
2720455300659597310,train_batch_24,475
2708068668658574971,train_batch_24,476
2691709518665712412,train_batch_24,477
2714942238672787581,train_batch_24,478
2667778092656284807,train_batch_24,479
2722956971659962268,train_batch_24,480
2723023388653203384,train_batch_24,481
2694118877656652185,train_batch_24,482
2706178570638917365,train_batch_24,483
2711220936669189145,train_batch_24,484
2686842308654094507,train_batch_24,485
2705409845654576776,train_batch_24,486
2703256482664703691,train_batch_24,487
2669580608663079390,train_batch_24,488
2686232827651432090,train_batch_24,489
2735825039654585662,train_batch_24,490
2736571486657852260,train_batch_24,491
2678307058636212569,train_batch_24,492
2724507791659164977,train_batch_24,493
2720839652669448829,train_batch_24,494
2719457493663722759,train_batch_24,495
2674233103633479878,train_batch_24,496
2709915362659983430,train_batch_24,497
2703574063647023844,train_batch_24,498
2732269761658148398,train_batch_24,499
2708357695659857974,train_batch_25,0
2707862774648664492,train_batch_25,1
2688151564637386252,train_batch_25,2
2676202785652839950,train_batch_25,3
2711286933658682606,train_batch_25,4
2704115873648892986,train_batch_25,5
2721662283666619146,train_batch_25,6
2691251072654129838,train_batch_25,7
2666510619631859387,train_batch_25,8
2682557500634952840,train_batch_25,9
2676552854665273800,train_batch_25,10
2669633257656422870,train_batch_25,11
2692191435636825230,train_batch_25,12
2689996129644891509,train_batch_25,13
2694871270661685717,train_batch_25,14
2731421580656066768,train_batch_25,15
2669954165647652670,train_batch_25,16
2688542277635057750,train_batch_25,17
2715830324646084338,train_batch_25,18
2684757639643660478,train_batch_25,19
2699642834664626817,train_batch_25,20
2694210606651535132,train_batch_25,21
2674646161654115123,train_batch_25,22
2665287619658869136,train_batch_25,23
2696068944653201307,train_batch_25,24
2668670603660329154,train_batch_25,25
2692750765664249105,train_batch_25,26
2695469038637672789,train_batch_25,27
2688361908649278368,train_batch_25,28
2684863076664364782,train_batch_25,29
2659898879664816658,train_batch_25,30
2681869989661549440,train_batch_25,31
2692396275662103120,train_batch_25,32
2700692089667044903,train_batch_25,33
2717417876650403176,train_batch_25,34
2692262669639743460,train_batch_25,35
2662983784656423144,train_batch_25,36
2694101268665117290,train_batch_25,37
2666290910668318288,train_batch_25,38
2679147208648591272,train_batch_25,39
2708137186670884849,train_batch_25,40
2723571826666983628,train_batch_25,41
2697153012638294511,train_batch_25,42
2732804719660507063,train_batch_25,43
2684487905634501248,train_batch_25,44
2703428657666631660,train_batch_25,45
2697300163644740404,train_batch_25,46
2708564090654537849,train_batch_25,47
2726163853657983781,train_batch_25,48
2674431828654820060,train_batch_25,49
2727871079658674760,train_batch_25,50
2700422680638674791,train_batch_25,51
2725215347658327249,train_batch_25,52
2712862442655992770,train_batch_25,53
2673151202671541654,train_batch_25,54
2717999956653892038,train_batch_25,55
2693358746666753138,train_batch_25,56
2675988498646481649,train_batch_25,57
2719406420662257725,train_batch_25,58
2725951275670425321,train_batch_25,59
2698246226653113281,train_batch_25,60
2689572412633762391,train_batch_25,61
2675977062666111252,train_batch_25,62
2689200790665700029,train_batch_25,63
2706344430655048495,train_batch_25,64
2677966914666264757,train_batch_25,65
2688035277645011917,train_batch_25,66
2717299331649440014,train_batch_25,67
2729483999658650500,train_batch_25,68
2717510751655588063,train_batch_25,69
2724857446648087855,train_batch_25,70
2662061014653302676,train_batch_25,71
2691532629662288078,train_batch_25,72
2686982639663889477,train_batch_25,73
2685381207637025670,train_batch_25,74
2703105129644357100,train_batch_25,75
2674245530634446176,train_batch_25,76
2671209239636898475,train_batch_25,77
2721447991673593017,train_batch_25,78
2686278923651205830,train_batch_25,79
2673693226647017570,train_batch_25,80
2696791037641098542,train_batch_25,81
2657976854656743055,train_batch_25,82
2714174445638288687,train_batch_25,83
2671406920652924627,train_batch_25,84
2685482482666937614,train_batch_25,85
2693341133638846929,train_batch_25,86
2699410089640298886,train_batch_25,87
2698986535642356317,train_batch_25,88
2689798644672169022,train_batch_25,89
2683622066649764257,train_batch_25,90
2728935515662628960,train_batch_25,91
2714780343672723729,train_batch_25,92
2683758536668293614,train_batch_25,93
2701508787672110204,train_batch_25,94
2665378126662920563,train_batch_25,95
2698855599652976158,train_batch_25,96
2696386690652472660,train_batch_25,97
2692071666645702865,train_batch_25,98
2696252927640144763,train_batch_25,99
2690240285654089088,train_batch_25,100
2696139843652276570,train_batch_25,101
2666212331668926878,train_batch_25,102
2702284731638692796,train_batch_25,103
2713770700661638903,train_batch_25,104
2695087299636860912,train_batch_25,105
2717733410669031932,train_batch_25,106
2711417854637414794,train_batch_25,107
2719580208669749241,train_batch_25,108
2729332115667905334,train_batch_25,109
2666083842670884054,train_batch_25,110
2705195462675682152,train_batch_25,111
2680992325636282273,train_batch_25,112
2659353579653211332,train_batch_25,113
2687203163675588840,train_batch_25,114
2692109819644169627,train_batch_25,115
2730471478658519781,train_batch_25,116
2719079165651886704,train_batch_25,117
2703143378652706262,train_batch_25,118
2696704384660660639,train_batch_25,119
2679158599672278788,train_batch_25,120
2721273079671302916,train_batch_25,121
2707805809658955444,train_batch_25,122
2712005528665924853,train_batch_25,123
2666231662651478776,train_batch_25,124
2675885234673673025,train_batch_25,125
2694799230653259757,train_batch_25,126
2679547158659724585,train_batch_25,127
2669183624663709617,train_batch_25,128
2705089289646001893,train_batch_25,129
2676175663634802487,train_batch_25,130
2728807003668612201,train_batch_25,131
2697598017654136819,train_batch_25,132
2714874934660473871,train_batch_25,133
2664855788669125032,train_batch_25,134
2707518186666505983,train_batch_25,135
2703041761654212766,train_batch_25,136
2692963500671016713,train_batch_25,137
2686337879670222427,train_batch_25,138
2689430088674199193,train_batch_25,139
2702557300641898741,train_batch_25,140
2692779401656045100,train_batch_25,141
2673858000656503548,train_batch_25,142
2694624915653846346,train_batch_25,143
2708789935664864458,train_batch_25,144
2705423106665906338,train_batch_25,145
2698375752640883003,train_batch_25,146
2705493367647816098,train_batch_25,147
2706736938672492835,train_batch_25,148
2699781828664204974,train_batch_25,149
2707021422662233279,train_batch_25,150
2685989275667806045,train_batch_25,151
2728473514666713820,train_batch_25,152
2709153575669835291,train_batch_25,153
2727223414656827132,train_batch_25,154
2699927017657772663,train_batch_25,155
2679316360652018272,train_batch_25,156
2677953059665453421,train_batch_25,157
2710592138663743661,train_batch_25,158
2668913002659752586,train_batch_25,159
2735870269658689147,train_batch_25,160
2667610088661264100,train_batch_25,161
2695533169647614720,train_batch_25,162
2670626951632304485,train_batch_25,163
2682627483634895201,train_batch_25,164
2675585948672627988,train_batch_25,165
2674435809658544597,train_batch_25,166
2659697425666922934,train_batch_25,167
2704439704649796688,train_batch_25,168
2701123661672375943,train_batch_25,169
2674480456670345557,train_batch_25,170
2671331240662580889,train_batch_25,171
2696031382654646640,train_batch_25,172
2673639151647324882,train_batch_25,173
2701527962644375797,train_batch_25,174
2699363388646766723,train_batch_25,175
2709219534656032230,train_batch_25,176
2719287044670737759,train_batch_25,177
2690093473664439687,train_batch_25,178
2715416140668076180,train_batch_25,179
2677217100661440783,train_batch_25,180
2682199704656675776,train_batch_25,181
2667128432657198680,train_batch_25,182
2690177088672937227,train_batch_25,183
2684466440666877226,train_batch_25,184
2685644732648777474,train_batch_25,185
2673052099636762142,train_batch_25,186
2692416322656271257,train_batch_25,187
2723748225649278220,train_batch_25,188
2706838709664901004,train_batch_25,189
2664827230658438285,train_batch_25,190
2669659347650133444,train_batch_25,191
2698011671638588689,train_batch_25,192
2709279189645790560,train_batch_25,193
2710467492652918745,train_batch_25,194
2711900887658548641,train_batch_25,195
2727814179667456068,train_batch_25,196
2686791321671782900,train_batch_25,197
2681557401665445255,train_batch_25,198
2721980497647780242,train_batch_25,199
2662688963654653291,train_batch_25,200
2689542485637703818,train_batch_25,201
2687412288674168974,train_batch_25,202
2710053584670176679,train_batch_25,203
2713657772666629350,train_batch_25,204
2685111472670398360,train_batch_25,205
2721273417648513390,train_batch_25,206
2685955803662236270,train_batch_25,207
2665279820670248870,train_batch_25,208
2693632463659398317,train_batch_25,209
2677357290655399624,test_batch_1,0
2666169721655799822,test_batch_1,1
2684966134637259297,test_batch_1,2
2699702523646450736,test_batch_1,3
2685752638648844333,test_batch_1,4
2695203148653758542,test_batch_1,5
2693448606669039216,test_batch_1,6
2664799796661964664,test_batch_1,7
2685236870637538280,test_batch_1,8
2707401097636551580,test_batch_1,9
2716619857664416136,test_batch_1,10
2710164713654992778,test_batch_1,11
2680453459636735236,test_batch_1,12
2696412528653989811,test_batch_1,13
2699856315656164599,test_batch_1,14
2702414459653330324,test_batch_1,15
2701887393663152677,test_batch_1,16
2658410275666428984,test_batch_1,17
2694530307642223107,test_batch_1,18
2701218792649971918,test_batch_1,19
2726024116658987390,test_batch_1,20
2675567294666050402,test_batch_1,21
2694923711635348576,test_batch_1,22
2665680071654049225,test_batch_1,23
2688771497639078618,test_batch_1,24
2694706362656487358,test_batch_1,25
2703708365671375279,test_batch_1,26
2670810453634367685,test_batch_1,27
2660589516658550499,test_batch_1,28
2701091631644822032,test_batch_1,29
2680659974638997387,test_batch_1,30
2684720345655833002,test_batch_1,31
2696914026641812781,test_batch_1,32
2710486465672468259,test_batch_1,33
2680351717640025007,test_batch_1,34
2694864286637084735,test_batch_1,35
2675266912653687525,test_batch_1,36
2681282743666581041,test_batch_1,37
2701495963651895298,test_batch_1,38
2667871834652722817,test_batch_1,39
2673102277671145880,test_batch_1,40
2671176169651298182,test_batch_1,41
2707736238638077342,test_batch_1,42
2694815528665892666,test_batch_1,43
2711030505671867477,test_batch_1,44
2675612121657220728,test_batch_1,45
2704257034634066822,test_batch_1,46
2679593421648773390,test_batch_1,47
2726237272665367104,test_batch_1,48
2712435590658137797,test_batch_1,49
2679881164646793994,test_batch_1,50
2688762888665412789,test_batch_1,51
2661612470662936938,test_batch_1,52
2679067137666240795,test_batch_1,53
2679215454636684307,test_batch_1,54
2736104957663777564,test_batch_1,55
2715195619638617698,test_batch_1,56
2684116936663875159,test_batch_1,57
2710299580669811477,test_batch_1,58
2680921426645632930,test_batch_1,59
2719640609667099111,test_batch_1,60
2673148331658215947,test_batch_1,61
2701832621634286559,test_batch_1,62
2671902020632620724,test_batch_1,63
2715296292637079484,test_batch_1,64
2711272507650156371,test_batch_1,65
2666178974653730512,test_batch_1,66
2702485465656894908,test_batch_1,67
2675858475639323449,test_batch_1,68
2711810574671163239,test_batch_1,69
2694845380672737661,test_batch_1,70
2728635419658203046,test_batch_1,71
2677900202647788939,test_batch_1,72
2694245367654441541,test_batch_1,73
2676734734645945340,test_batch_1,74
2710072824659983650,test_batch_1,75
2723294538668198541,test_batch_1,76
2698788906645242118,test_batch_1,77
2718707248665276968,test_batch_1,78
2692837902651825266,test_batch_1,79
2685178243651397509,test_batch_1,80
2670497370662451580,test_batch_1,81
2676623473672748703,test_batch_1,82
2704434308656175051,test_batch_1,83
2684531168676669411,test_batch_1,84
2703820178635004633,test_batch_1,85
2708724634634528268,test_batch_1,86
2672907437635097024,test_batch_1,87
2713138399637008120,test_batch_1,88
2713014817661644120,test_batch_1,89
2706765299664828207,test_batch_1,90
2699862363639598367,test_batch_1,91
2699782801675083628,test_batch_1,92
2715287727645546498,test_batch_1,93
2668142063636289253,test_batch_1,94
2679367030672747534,test_batch_1,95
2669889542660235093,test_batch_1,96
2686871700635889729,test_batch_1,97
2697455317663576021,test_batch_1,98
2678801401658494530,test_batch_1,99
2697162822673831261,test_batch_1,100
2703899655648239096,test_batch_1,101
2729327275653210444,test_batch_1,102
2677148392659932972,test_batch_1,103
2723096915652931594,test_batch_1,104
2722094061659311080,test_batch_1,105
2713902320647342012,test_batch_1,106
2692045518650013208,test_batch_1,107
2673126305652712445,test_batch_1,108
2702913915644346932,test_batch_1,109
2700689024648125473,test_batch_1,110
2669418712666528260,test_batch_1,111
2666737157664807869,test_batch_1,112
2726202162660200075,test_batch_1,113
2679907853674041060,test_batch_1,114
2669577534652697608,test_batch_1,115
2701890207633701709,test_batch_1,116
2721587056670625772,test_batch_1,117
2708670705648939286,test_batch_1,118
2666347710664500458,test_batch_1,119
2677732785675035501,test_batch_1,120
2701906771644198455,test_batch_1,121
2665691140658033437,test_batch_1,122
2674298754660688772,test_batch_1,123
2739073658659395380,test_batch_1,124
2677429499660710653,test_batch_1,125
2720268290661047151,test_batch_1,126
2695093493653147958,test_batch_1,127
2674993181667816669,test_batch_1,128
2685444736648436135,test_batch_1,129
2659219796666297096,test_batch_1,130
2658288139663837155,test_batch_1,131
2705455640657419154,test_batch_1,132
2692764050651067996,test_batch_1,133
2718143752649826585,test_batch_1,134
2704995796646506604,test_batch_1,135
2681425757672041547,test_batch_1,136
2721737924669151407,test_batch_1,137
2671179614662743345,test_batch_1,138
2679334098648088256,test_batch_1,139
2665619511666499469,test_batch_1,140
2678939486645654745,test_batch_1,141
2683464834636756185,test_batch_1,142
2723644065672220416,test_batch_1,143
2672728635656610727,test_batch_1,144
2721165042662016600,test_batch_1,145
2696115655662614588,test_batch_1,146
2703237700639002878,test_batch_1,147
2713201468663415116,test_batch_1,148
2729320007652721804,test_batch_1,149
2708064079659037667,test_batch_1,150
2727533802670814280,test_batch_1,151
2685928398637518129,test_batch_1,152
2681263295652591599,test_batch_1,153
2661991148654236419,test_batch_1,154
2733659516663390000,test_batch_1,155
2721571732659983725,test_batch_1,156
2682921304648423122,test_batch_1,157
2698855861650325611,test_batch_1,158
2706961467656468900,test_batch_1,159
2703881575649854785,test_batch_1,160
2672547280657120347,test_batch_1,161
2707067886637703515,test_batch_1,162
2701950531635373685,test_batch_1,163
2711190834672134043,test_batch_1,164
2663042050665330259,test_batch_1,165
2730670636667996427,test_batch_1,166
2700119848653857865,test_batch_1,167
2672667978636550304,test_batch_1,168
2719256436667940221,test_batch_1,169
2688130462665879382,test_batch_1,170
2683030429653655931,test_batch_1,171
2700893050659505922,test_batch_1,172
2676003363672430411,test_batch_1,173
2729902304657908501,test_batch_1,174
2680969878670475727,test_batch_1,175
2688425270669408001,test_batch_1,176
2667316264665416895,test_batch_1,177
2679296270648794045,test_batch_1,178
2700927380657219226,test_batch_1,179
2681328045659087774,test_batch_1,180
2699652562670081108,test_batch_1,181
2704758091645486086,test_batch_1,182
2680765409652093474,test_batch_1,183
2707440917662787980,test_batch_1,184
2695612896652318632,test_batch_1,185
2719063563669700533,test_batch_1,186
2708629108658201280,test_batch_1,187
2679800867648463363,test_batch_1,188
2657469512663228926,test_batch_1,189
2714678613670905238,test_batch_1,190
2672146554632775484,test_batch_1,191
2708710683637717147,test_batch_1,192
2696697659659612906,test_batch_1,193
2726191216660899099,test_batch_1,194
2676400927661701471,test_batch_1,195
2706157511674165798,test_batch_1,196
2677680024657107187,test_batch_1,197
2705072241633997488,test_batch_1,198
2661695383659377486,test_batch_1,199
2682590876640343284,test_batch_1,200
2695376358657855265,test_batch_1,201
2713497002660859461,test_batch_1,202
2724500308650728507,test_batch_1,203
2690904688638206834,test_batch_1,204
2699751671653355359,test_batch_1,205
2686123823651952969,test_batch_1,206
2715288450650125379,test_batch_1,207
2699672423658999886,test_batch_1,208
2714875119666469552,test_batch_1,209
2737292273659131614,test_batch_1,210
2690457503663177128,test_batch_1,211
2667560496653332118,test_batch_1,212
2706134147673904471,test_batch_1,213
2735991901659872021,test_batch_1,214
2706528337655868149,test_batch_1,215
2726163312668519428,test_batch_1,216
2692457050660755709,test_batch_1,217
2687071355648226540,test_batch_1,218
2733418388668044661,test_batch_1,219
2704631022666752160,test_batch_1,220
2706447878637549531,test_batch_1,221
2724097366653795689,test_batch_1,222
2690607793647007790,test_batch_1,223
2673228967670324314,test_batch_1,224
2716287525638034803,test_batch_1,225
2729208040664135585,test_batch_1,226
2697735434660948885,test_batch_1,227
2697058438655455958,test_batch_1,228
2665484469670869872,test_batch_1,229
2678648569669741405,test_batch_1,230
2702411538654273565,test_batch_1,231
2704830229661794344,test_batch_1,232
2736907317658387386,test_batch_1,233
2673441516663138500,test_batch_1,234
2699561124646784492,test_batch_1,235
2737877203662152884,test_batch_1,236
2682217494659960960,test_batch_1,237
2669644538659247361,test_batch_1,238
2695848227664789398,test_batch_1,239
2707920297638257295,test_batch_1,240
2712012506670091121,test_batch_1,241
2691815255648373583,test_batch_1,242
2702989551645974631,test_batch_1,243
2673668558668951644,test_batch_1,244
2707384135647729640,test_batch_1,245
2733620238657839382,test_batch_1,246
2680783720655792412,test_batch_1,247
2692412190655698842,test_batch_1,248
2709178815657776262,test_batch_1,249
2706643552667796555,test_batch_1,250
2689033644664638061,test_batch_1,251
2725287837657994739,test_batch_1,252
2680279805646386254,test_batch_1,253
2723656136650986679,test_batch_1,254
2697716009659670830,test_batch_1,255
2714172324664568263,test_batch_1,256
2680978668659985672,test_batch_1,257
2702338343672954987,test_batch_1,258
2704195248673553158,test_batch_1,259
2682980698639473169,test_batch_1,260
2671482436670368744,test_batch_1,261
2681608675655432952,test_batch_1,262
2682081144649676917,test_batch_1,263
2718122870636796765,test_batch_1,264
2691438193661635171,test_batch_1,265
2667837569661531759,test_batch_1,266
2716419951662689124,test_batch_1,267
2696236362669694488,test_batch_1,268
2679543300636911384,test_batch_1,269
2675055148666040033,test_batch_1,270
2677229286652816674,test_batch_1,271
2695609596661597472,test_batch_1,272
2732999970652664156,test_batch_1,273
2668337832649724656,test_batch_1,274
2724012460660058670,test_batch_1,275
2671122180660912496,test_batch_1,276
2724582733658609684,test_batch_1,277
2724063185664203432,test_batch_1,278
2693118111646940887,test_batch_1,279
2688777438667314938,test_batch_1,280
2683149186672498744,test_batch_1,281
2663535936657448625,test_batch_1,282
2731539557659792877,test_batch_1,283
2711852311657464271,test_batch_1,284
2673168846652713611,test_batch_1,285
2676653229651848125,test_batch_1,286
2717271717648168937,test_batch_1,287
2721917184655269548,test_batch_1,288
2692939413668640765,test_batch_1,289
2702268602637953695,test_batch_1,290
2706785463653129425,test_batch_1,291
2668376952672097355,test_batch_1,292
2708294728668247725,test_batch_1,293
2693871388639886517,test_batch_1,294
2689228076636225081,test_batch_1,295
2692705941676726702,test_batch_1,296
2723891977650714658,test_batch_1,297
2716704018649123505,test_batch_1,298
2710439513661832016,test_batch_1,299
2679952320664370525,test_batch_1,300
2706657986647667474,test_batch_1,301
2665131574654201617,test_batch_1,302
2714011286659189824,test_batch_1,303
2659210527653387051,test_batch_1,304
2686784258639913142,test_batch_1,305
2706527348636541651,test_batch_1,306
2675179548634254221,test_batch_1,307
2697294035649003882,test_batch_1,308
2700116163636586068,test_batch_1,309
2699895895677271580,test_batch_1,310
2690439785652656719,test_batch_1,311
2695685638658765480,test_batch_1,312
2701495313647987186,test_batch_1,313
2666517806659035455,test_batch_1,314
2662258168658560634,test_batch_1,315
2697211268648976654,test_batch_1,316
2677534267672451797,test_batch_1,317
2696869508667816687,test_batch_1,318
2659466405654943752,test_batch_1,319
2725836659653486261,test_batch_1,320
2664651396665029825,test_batch_1,321
2706095362655759848,test_batch_1,322
2738440914658940857,test_batch_1,323
2668426082665551012,test_batch_1,324
2694194638663251991,test_batch_1,325
2668291115633272108,test_batch_1,326
2669999574633939618,test_batch_1,327
2729577576652888828,test_batch_1,328
2677572877664746687,test_batch_1,329
2699181571656108156,test_batch_1,330
2700424901667514750,test_batch_1,331
2687244123652194623,test_batch_1,332
2695070104669811060,test_batch_1,333
2672898124665949544,test_batch_1,334
2723909854648717827,test_batch_1,335
2665709940649885243,test_batch_1,336
2679091791666920240,test_batch_1,337
2667998716656971474,test_batch_1,338
2697500609654314409,test_batch_1,339
2692797300672063578,test_batch_1,340
2673969463671008105,test_batch_1,341
2719817844656092742,test_batch_1,342
2711113801635634281,test_batch_1,343
2714412401658541384,test_batch_1,344
2710164952665809475,test_batch_1,345
2688299684646782898,test_batch_1,346
2682873272647996271,test_batch_1,347
2677259654648745282,test_batch_1,348
2665570995668825189,test_batch_1,349
2716504137652045313,test_batch_1,350
2686671685668226154,test_batch_1,351
2699035916674994371,test_batch_1,352
2696156904655452690,test_batch_1,353
2714161750650556671,test_batch_1,354
2689274373664388634,test_batch_1,355
2699964506635805062,test_batch_1,356
2680979512671147048,test_batch_1,357
2703344151662863473,test_batch_1,358
2695823480662084531,test_batch_1,359
2688299139665184453,test_batch_1,360
2725129310653447053,test_batch_1,361
2693766772635754067,test_batch_1,362
2677853431664278023,test_batch_1,363
2694930526669056700,test_batch_1,364
2669004815658102806,test_batch_1,365
2729392431663404875,test_batch_1,366
2697362558673604107,test_batch_1,367
2677695098637046784,test_batch_1,368
2684709856653909194,test_batch_1,369
2711631896651531770,test_batch_1,370
2718273900659346779,test_batch_1,371
2693760966647221540,test_batch_1,372
2675551232658656541,test_batch_1,373
2683258421663516323,test_batch_1,374
2680629057655324357,test_batch_1,375
2710465980636447116,test_batch_1,376
2675389545668127627,test_batch_1,377
2706697949671960489,test_batch_1,378
2698689404639047131,test_batch_1,379
2724356615666513878,test_batch_1,380
2708089274657832158,test_batch_1,381
2680080455651711882,test_batch_1,382
2702307260641505972,test_batch_1,383
2714821062645373645,test_batch_1,384
2682641384650686657,test_batch_1,385
2707057693673971679,test_batch_1,386
2708658517671941246,test_batch_1,387
2718720858668074383,test_batch_1,388
2709133134673069983,test_batch_1,389
2709786511636127024,test_batch_1,390
2675666319663070413,test_batch_1,391
2695009072650165695,test_batch_1,392
2684385559658372057,test_batch_1,393
2734651328656220151,test_batch_1,394
2730809882661192857,test_batch_1,395
2702842292635025466,test_batch_1,396
2692183032663091895,test_batch_1,397
2674159544634584524,test_batch_1,398
2688927344665207091,test_batch_1,399
2692335521645052899,test_batch_1,400
2716989202663292992,test_batch_1,401
2695148141669579414,test_batch_1,402
2693579066637500725,test_batch_1,403
2728419199656435037,test_batch_1,404
2697577161657260431,test_batch_1,405
2718048800648912025,test_batch_1,406
2730386542653149130,test_batch_1,407
2679559016654269648,test_batch_1,408
2705065073661664949,test_batch_1,409
2704312506659298033,test_batch_1,410
2662825967658075306,test_batch_1,411
2729253037668613784,test_batch_1,412
2730474951666967537,test_batch_1,413
2725878802654301352,test_batch_1,414
2676750984664884975,test_batch_1,415
2683596454674701804,test_batch_1,416
2716416683657987439,test_batch_1,417
2678381761656080140,test_batch_1,418
2685052688675937892,test_batch_1,419
2694926572640903909,test_batch_1,420
2684003905659246656,test_batch_1,421
2665430116656921939,test_batch_1,422
2688200499665795125,test_batch_1,423
2689718587678273788,test_batch_1,424
2669381301669786057,test_batch_1,425
2705064316648730058,test_batch_1,426
2684917331632813954,test_batch_1,427
2669286879662458705,test_batch_1,428
2717380021655657276,test_batch_1,429
2666685833658806653,test_batch_1,430
2712991483646763217,test_batch_1,431
2688451943662961096,test_batch_1,432
2712837466655732330,test_batch_1,433
2673265121636329908,test_batch_1,434
2720949901649302242,test_batch_1,435
2667616916651959729,test_batch_1,436
2738157362658117041,test_batch_1,437
2725946254672726881,test_batch_1,438
2688922273657323220,test_batch_1,439
2717531014661152340,test_batch_1,440
2706122881671779272,test_batch_1,441
2684417988654861780,test_batch_1,442
2716931382664958219,test_batch_1,443
2701057143672489520,test_batch_1,444
2668117243666387940,test_batch_1,445
2665239115652020564,test_batch_1,446
2733668080656987746,test_batch_1,447
2673432182654189392,test_batch_1,448
2700659461658999250,test_batch_1,449
2684391347664330674,test_batch_1,450
2701568920670372171,test_batch_1,451
2724075311666709387,test_batch_1,452
2670586348661732570,test_batch_1,453
2697014864670392327,test_batch_1,454
2687088914650391343,test_batch_1,455
2719865619651453649,test_batch_1,456
2676569974655474096,test_batch_1,457
2677824330668335080,test_batch_1,458
2712406400661709141,test_batch_1,459
2675620718634504349,test_batch_1,460
2726365655669492081,test_batch_1,461
2687636643637176527,test_batch_1,462
2682563073665267150,test_batch_1,463
2700926744654901506,test_batch_1,464
2704015951652327305,test_batch_1,465
2726854174656004869,test_batch_1,466
2708983691661242222,test_batch_1,467
2696808810647669070,test_batch_1,468
2687865773662078001,test_batch_1,469
2668131347671758255,test_batch_1,470
2699625581667180613,test_batch_1,471
2685490710638126805,test_batch_1,472
2697638901637687468,test_batch_1,473
2721211721661152707,test_batch_1,474
2700028142671613831,test_batch_1,475
2684246741649013381,test_batch_1,476
2662033121662259541,test_batch_1,477
2700333019674601903,test_batch_1,478
2737100823655924337,test_batch_1,479
2720757420663569630,test_batch_1,480
2719148038657608783,test_batch_1,481
2701631622645757531,test_batch_1,482
2729161597663958152,test_batch_1,483
2681502224672100721,test_batch_1,484
2684589929638781720,test_batch_1,485
2687920405650897074,test_batch_1,486
2672969645638269215,test_batch_1,487
2681218252669740505,test_batch_1,488
2689249483634383630,test_batch_1,489
2680804742673837448,test_batch_1,490
2690764210667665543,test_batch_1,491
2676392562664917000,test_batch_1,492
2682415159649473268,test_batch_1,493
2711129086662420577,test_batch_1,494
2690820894668526293,test_batch_1,495
2701282860653095228,test_batch_1,496
2658403237661363878,test_batch_1,497
2694509039657310057,test_batch_1,498
2714046956638340820,test_batch_1,499
2697087463661206396,test_batch_2,0
2708017397650567030,test_batch_2,1
2694952281669970992,test_batch_2,2
2673730800655720729,test_batch_2,3
2692258990664427195,test_batch_2,4
2680565927660987248,test_batch_2,5
2662903222660833052,test_batch_2,6
2661074882655231800,test_batch_2,7
2711795933647974772,test_batch_2,8
2734395820661539473,test_batch_2,9
2671709427648586935,test_batch_2,10
2712019286667017232,test_batch_2,11
2663306217665050672,test_batch_2,12
2712034959647540246,test_batch_2,13
2658410066666890476,test_batch_2,14
2729499051660379946,test_batch_2,15
2716022393657123937,test_batch_2,16
2712527177650233339,test_batch_2,17
2676434029661858333,test_batch_2,18
2709590724662136189,test_batch_2,19
2677724273674849838,test_batch_2,20
2697875877676252819,test_batch_2,21
2726453781661884063,test_batch_2,22
2661009752653689055,test_batch_2,23
2692286596675254425,test_batch_2,24
2719215892646329530,test_batch_2,25
2693092312672925282,test_batch_2,26
2699781822662375472,test_batch_2,27
2667030873671012902,test_batch_2,28
2735591185663308131,test_batch_2,29
2720547346673406817,test_batch_2,30
2684066365649389912,test_batch_2,31
2734804857659972016,test_batch_2,32
2703492701647923658,test_batch_2,33
2730123385652850395,test_batch_2,34
2702261775669046606,test_batch_2,35
2672475698665999595,test_batch_2,36
2716589324663582868,test_batch_2,37
2681468643648040158,test_batch_2,38
2714637424668054645,test_batch_2,39
2672437478650824722,test_batch_2,40
2681748234653181402,test_batch_2,41
2679550382663255241,test_batch_2,42
2722785399673703910,test_batch_2,43
2709969542668156635,test_batch_2,44
2669988711672172736,test_batch_2,45
2693822987666315348,test_batch_2,46
2687216102674262253,test_batch_2,47
2689295180640355774,test_batch_2,48
2721626689662535493,test_batch_2,49
2692795626652150792,test_batch_2,50
2685616992666442700,test_batch_2,51
2661773741659628400,test_batch_2,52
2671733405662718761,test_batch_2,53
2715907809650858549,test_batch_2,54
2680481055672249835,test_batch_2,55
2699299207649092155,test_batch_2,56
2713470391645236082,test_batch_2,57
2709930755661137829,test_batch_2,58
2729936912658019431,test_batch_2,59
2701202781662084746,test_batch_2,60
2711738450659202690,test_batch_2,61
2684183712673538764,test_batch_2,62
2673624894647696062,test_batch_2,63
2714271703665395340,test_batch_2,64
2706512970672329771,test_batch_2,65
2714902632636683158,test_batch_2,66
2694228842667249687,test_batch_2,67
2694661786641352973,test_batch_2,68
2675867861637155584,test_batch_2,69
2693626604645234522,test_batch_2,70
2723292500661103568,test_batch_2,71
2721548042637885666,test_batch_2,72
2680309608663371474,test_batch_2,73
2674665717671990578,test_batch_2,74
2721990999657973537,test_batch_2,75
2678257237669525977,test_batch_2,76
2736122794663996302,test_batch_2,77
2729755600670019715,test_batch_2,78
2733136939656602402,test_batch_2,79
2698772604672312090,test_batch_2,80
2704849145637847369,test_batch_2,81
2686077840637615352,test_batch_2,82
2693534013660349325,test_batch_2,83
2664650322659612563,test_batch_2,84
2672157459654335313,test_batch_2,85
2703006501635364402,test_batch_2,86
2703142841640076469,test_batch_2,87
2704913842674968951,test_batch_2,88
2732914163656841818,test_batch_2,89
2713546209647376511,test_batch_2,90
2678066665650187530,test_batch_2,91
2700435744644371979,test_batch_2,92
2689807737662096194,test_batch_2,93
2697031156661374817,test_batch_2,94
2724299888672456945,test_batch_2,95
2692169837654353438,test_batch_2,96
2716620096669592669,test_batch_2,97
2698094779667818447,test_batch_2,98
2709106907665603675,test_batch_2,99
2734681757657899058,test_batch_2,100
2666686267658745710,test_batch_2,101
2723038385662146130,test_batch_2,102
2683050545635608014,test_batch_2,103
2682673518636186575,test_batch_2,104
2683016623633031473,test_batch_2,105
2661256672656487072,test_batch_2,106
2703145794653970838,test_batch_2,107
2672081021633441827,test_batch_2,108
2693623293646122326,test_batch_2,109
2697102290639311916,test_batch_2,110
2696151018668532386,test_batch_2,111
2719897222645863880,test_batch_2,112
2709933816652019292,test_batch_2,113
2709967768653010997,test_batch_2,114
2715720976664822646,test_batch_2,115
2688875829648096395,test_batch_2,116
2687938957634135345,test_batch_2,117
2676705691654534074,test_batch_2,118
2678549589637402174,test_batch_2,119
2719224709639215828,test_batch_2,120
2669225776669015259,test_batch_2,121
2695751881675147624,test_batch_2,122
2709745537646145468,test_batch_2,123
2667201517666557155,test_batch_2,124
2708800419648851229,test_batch_2,125
2725704245670769574,test_batch_2,126
2696687164670437910,test_batch_2,127
2671207123657554653,test_batch_2,128
2689157241670763008,test_batch_2,129
2666468930670079976,test_batch_2,130
2669885131664012951,test_batch_2,131
2723338363657700619,test_batch_2,132
2708659120667922957,test_batch_2,133
2708595033645140085,test_batch_2,134
2674167091635955692,test_batch_2,135
2688468849654729013,test_batch_2,136
2669914176649936171,test_batch_2,137
2691410341665520975,test_batch_2,138
2716096494655176062,test_batch_2,139
2680037570652640845,test_batch_2,140
2711295500636050815,test_batch_2,141
2726925642649036432,test_batch_2,142
2698117994673407687,test_batch_2,143
2701976640661091187,test_batch_2,144
2695467366635905688,test_batch_2,145
2687373863666803028,test_batch_2,146
2689280252676564692,test_batch_2,147
2680343581637863203,test_batch_2,148
2684935011665212514,test_batch_2,149
2729670842656574826,test_batch_2,150
2702315311633324004,test_batch_2,151
2705976613657559668,test_batch_2,152
2723500875671526591,test_batch_2,153
2691024821661575891,test_batch_2,154
2696406523652465922,test_batch_2,155
2675006401661007934,test_batch_2,156
2689281717673713160,test_batch_2,157
2719538449648499264,test_batch_2,158
2710987185665953155,test_batch_2,159
2665163205662138391,test_batch_2,160
2732801921656053893,test_batch_2,161
2665393189663462016,test_batch_2,162
2700409046637843821,test_batch_2,163
2729107090652373768,test_batch_2,164
2691243315650437520,test_batch_2,165
2688535012667354926,test_batch_2,166
2680318800644663979,test_batch_2,167
2673357499658479641,test_batch_2,168
2712087084651966978,test_batch_2,169
2690204768657814030,test_batch_2,170
2683016455653940823,test_batch_2,171
2690768038651879488,test_batch_2,172
2701081770652769265,test_batch_2,173
2690247130671077677,test_batch_2,174
2693526687652767077,test_batch_2,175
2678442453656380238,test_batch_2,176
2703425933656600980,test_batch_2,177
2687126358663327892,test_batch_2,178
2683770105639076983,test_batch_2,179
2672217525647403279,test_batch_2,180
2665644788668592675,test_batch_2,181
2688500633634595790,test_batch_2,182
2689698981656310683,test_batch_2,183
2681189009635765737,test_batch_2,184
2676831911653190782,test_batch_2,185
2705162730667902133,test_batch_2,186
2714253310661418417,test_batch_2,187
2685053531661146005,test_batch_2,188
2699099655654689538,test_batch_2,189
2700023506655440393,test_batch_2,190
2681441068666988843,test_batch_2,191
2718867259660434411,test_batch_2,192
2685237963652060153,test_batch_2,193
2659452157657715917,test_batch_2,194
2721452568656296022,test_batch_2,195
2683478831651519090,test_batch_2,196
2726204564660641842,test_batch_2,197
2681934958637241693,test_batch_2,198
2714473349656366700,test_batch_2,199
2708436723674979192,test_batch_2,200
2730678542658132193,test_batch_2,201
2662470253659330515,test_batch_2,202
2736825584665594427,test_batch_2,203
2688376575671066404,test_batch_2,204
2680321500638219004,test_batch_2,205
2678408149638618403,test_batch_2,206
2700753169654404148,test_batch_2,207
2670013013653160419,test_batch_2,208
2694972235638302409,test_batch_2,209
2688880955662083121,test_batch_2,210
2713539416668155510,test_batch_2,211
2708837720636900829,test_batch_2,212
2719246293653004986,test_batch_2,213
2722238900672431306,test_batch_2,214
2692881709638155713,test_batch_2,215
2671305151634130132,test_batch_2,216
2671740391650135286,test_batch_2,217
2727730986659677642,test_batch_2,218
2657382266658795734,test_batch_2,219
2720692557668993192,test_batch_2,220
2681484363670756229,test_batch_2,221
2661946537652845947,test_batch_2,222
2680242082656735280,test_batch_2,223
2697610496651837345,test_batch_2,224
2698340823662672027,test_batch_2,225
2704160410661837067,test_batch_2,226
2703313086653330784,test_batch_2,227
2668938913664317366,test_batch_2,228
2733447565652198879,test_batch_2,229
2693475286645740332,test_batch_2,230
2704468495664731787,test_batch_2,231
2671239862658422591,test_batch_2,232
2674152990673498891,test_batch_2,233
2709224071673300735,test_batch_2,234
2665482128667233609,test_batch_2,235
2685071505662598341,test_batch_2,236
2732935908656620641,test_batch_2,237
2713948483653312382,test_batch_2,238
2681457290668714506,test_batch_2,239
2699908382654333559,test_batch_2,240
2690065517660858553,test_batch_2,241
2706402136644157036,test_batch_2,242
2724079177664826084,test_batch_2,243
2727453680667825922,test_batch_2,244
2690896549656932161,test_batch_2,245
2691228605652880252,test_batch_2,246
2698811289647585728,test_batch_2,247
2697135226636035783,test_batch_2,248
2696941011662283864,test_batch_2,249
2690383620674704244,test_batch_2,250
2721632244655767528,test_batch_2,251
2679909392658818216,test_batch_2,252
2691672302640374172,test_batch_2,253
2690741070650747041,test_batch_2,254
2659834006652704129,test_batch_2,255
2723447501669362269,test_batch_2,256
2693829645649501773,test_batch_2,257
2662700549653981317,test_batch_2,258
2674686525637840135,test_batch_2,259
2708690231649352782,test_batch_2,260
2680175865645361856,test_batch_2,261
2696788115649707974,test_batch_2,262
2662442421654018297,test_batch_2,263
2710426864636185984,test_batch_2,264
2714662284652271108,test_batch_2,265
2668938896664079790,test_batch_2,266
2714349666635983951,test_batch_2,267
2684995738661137692,test_batch_2,268
2710911934646135042,test_batch_2,269
2660898566662533539,test_batch_2,270
2666828679672231939,test_batch_2,271
2698350191649618364,test_batch_2,272
2705233426671988356,test_batch_2,273
2712478884671859788,test_batch_2,274
2672471730635142170,test_batch_2,275
2664461730669837394,test_batch_2,276
2665508572667920520,test_batch_2,277
2687833208665380338,test_batch_2,278
2730242305664351938,test_batch_2,279
2663106217652208520,test_batch_2,280
2733924573661558830,test_batch_2,281
2662518415653914827,test_batch_2,282
2693098149677272526,test_batch_2,283
2706220679647350854,test_batch_2,284
2734053912664335524,test_batch_2,285
2660701610662498314,test_batch_2,286
2676024830672648297,test_batch_2,287
2680230499660322850,test_batch_2,288
2704474851654926060,test_batch_2,289
2693124757663627457,test_batch_2,290
2685460745657327513,test_batch_2,291
2703862363653550122,test_batch_2,292
2707511716648880437,test_batch_2,293
2656816420662396188,test_batch_2,294
2683584341675820386,test_batch_2,295
2704266736661813912,test_batch_2,296
2686313965670810959,test_batch_2,297
2696955365651159015,test_batch_2,298
2716385056661500806,test_batch_2,299
2703079813633866580,test_batch_2,300
2694479283669096829,test_batch_2,301
2716851521655315376,test_batch_2,302
2677594665646956715,test_batch_2,303
2697861068659082463,test_batch_2,304
2715257175663717481,test_batch_2,305
2676420516668848165,test_batch_2,306
2684964044664042141,test_batch_2,307
2675258423649247192,test_batch_2,308
2700641233653875193,test_batch_2,309
2692088114647534514,test_batch_2,310
2722287490669277730,test_batch_2,311
2693316853675400827,test_batch_2,312
2679279672672312488,test_batch_2,313
2685840951663857284,test_batch_2,314
2677551202658182421,test_batch_2,315
2683203942672066958,test_batch_2,316
2686558670655913983,test_batch_2,317
2699653750659019812,test_batch_2,318
2713929162662992095,test_batch_2,319
2700980454676100024,test_batch_2,320
2694317533636191892,test_batch_2,321
2718138052652936198,test_batch_2,322
2706635741646673862,test_batch_2,323
2704871445659918838,test_batch_2,324
2701161990675138426,test_batch_2,325
2705900133655263720,test_batch_2,326
2676238230636783678,test_batch_2,327
2691630245633926412,test_batch_2,328
2705501794665603348,test_batch_2,329
2669655713655719597,test_batch_2,330
2723615660671600219,test_batch_2,331
2686848869637423722,test_batch_2,332
2693492623637809836,test_batch_2,333
2709647972662208074,test_batch_2,334
2714864958645711431,test_batch_2,335
2719894803637453975,test_batch_2,336
2735263571662300682,test_batch_2,337
2678535573672784992,test_batch_2,338
2686269048650594805,test_batch_2,339
2677153564674806688,test_batch_2,340
2674758073635135450,test_batch_2,341
2676684977647665218,test_batch_2,342
2709638581635608501,test_batch_2,343
2731097100667206364,test_batch_2,344
2719392005669919452,test_batch_2,345
2704470582654415692,test_batch_2,346
2676560987656845688,test_batch_2,347
2701969559634810363,test_batch_2,348
2701145565649077494,test_batch_2,349
2675470290638515795,test_batch_2,350
2727711211667806845,test_batch_2,351
2673849515655113440,test_batch_2,352
2702408900654543068,test_batch_2,353
2692955614644357268,test_batch_2,354
2658801664666178344,test_batch_2,355
2667980975658604190,test_batch_2,356
2695596912660959508,test_batch_2,357
2689540198656753481,test_batch_2,358
2678644586672247421,test_batch_2,359
2709884207664727518,test_batch_2,360
2708244545657197144,test_batch_2,361
2660865252667796909,test_batch_2,362
2672568184650187170,test_batch_2,363
2725540467663754778,test_batch_2,364
2725334443671042068,test_batch_2,365
2723727115657525046,test_batch_2,366
2707629050669089474,test_batch_2,367
2674982703672214606,test_batch_2,368
2689365455677180936,test_batch_2,369
2695666471651620528,test_batch_2,370
2701152444633768514,test_batch_2,371
2680836039647242314,test_batch_2,372
2709960307644431691,test_batch_2,373
2695181366652198273,test_batch_2,374
2688787367655598118,test_batch_2,375
2671648513670827479,test_batch_2,376
2669782018660274154,test_batch_2,377
2664931986666707333,test_batch_2,378
2679451249673866860,test_batch_2,379
2727076436652696151,test_batch_2,380
2710205763669577734,test_batch_2,381
2709828277671157921,test_batch_2,382
2704207781634172600,test_batch_2,383
2725026765651175422,test_batch_2,384
2699173804675084190,test_batch_2,385
2718880472656165515,test_batch_2,386
2706460819637110243,test_batch_2,387
2699373454661234815,test_batch_2,388
2704270530666006938,test_batch_2,389
2678351751665062447,test_batch_2,390
2711290461653945063,test_batch_2,391
2701796299654682748,test_batch_2,392
2674719088634322421,test_batch_2,393
2687581418639078942,test_batch_2,394
2656415128660373651,test_batch_2,395
2716824851655626445,test_batch_2,396
2694107895649509836,test_batch_2,397
2702227569647460900,test_batch_2,398
2717942915667016958,test_batch_2,399
2675067209662508371,test_batch_2,400
2668618122657505207,test_batch_2,401
2677507511651276858,test_batch_2,402
2729841564651727229,test_batch_2,403
2676843750665731315,test_batch_2,404
2700149722673551389,test_batch_2,405
2688803244655211611,test_batch_2,406
2666240307659897345,test_batch_2,407
2693649923665266780,test_batch_2,408
2664142892663364435,test_batch_2,409
2689982502672313197,test_batch_2,410
2676225238654824994,test_batch_2,411
2675879350650638335,test_batch_2,412
2666844844669714433,test_batch_2,413
2688273524643845189,test_batch_2,414
2717691916659274427,test_batch_2,415
2680610495647322325,test_batch_2,416
2689760755676370506,test_batch_2,417
2699838018667302005,test_batch_2,418
2715251605672230208,test_batch_2,419
2718538429663168081,test_batch_2,420
2681949210661024228,test_batch_2,421
2677711367635826242,test_batch_2,422
2720171791654687844,test_batch_2,423
2688503068659932965,test_batch_2,424
2711680849637761583,test_batch_2,425
2702994317661943738,test_batch_2,426
2709160432660459052,test_batch_2,427
2725996315666754854,test_batch_2,428
2668694445661862757,test_batch_2,429
2715785538652677790,test_batch_2,430
2681411719635534148,test_batch_2,431
2714762807670438754,test_batch_2,432
2714401124654977576,test_batch_2,433
2666346321658793925,test_batch_2,434
2669506787670404290,test_batch_2,435
2680229281649955363,test_batch_2,436
2679554835659254649,test_batch_2,437
2715904575659717747,test_batch_2,438
2680154150639397242,test_batch_2,439
2696844935651424882,test_batch_2,440
2665286662658895239,test_batch_2,441
2723905349650737170,test_batch_2,442
2673511238654092837,test_batch_2,443
2683051537653950229,test_batch_2,444
2689301696669946120,test_batch_2,445
2697175535673924429,test_batch_2,446
2708187396636140219,test_batch_2,447
2659694793664118876,test_batch_2,448
2702817953660148638,test_batch_2,449
2710580403652560836,test_batch_2,450
2685244160635545388,test_batch_2,451
2711760659654960610,test_batch_2,452
2686447298639847807,test_batch_2,453
2663804212664162882,test_batch_2,454
2680292080663041155,test_batch_2,455
2720897879653951650,test_batch_2,456
2716917781656786965,test_batch_2,457
2694218664652439992,test_batch_2,458
2668717850655917217,test_batch_2,459
2685030711637173908,test_batch_2,460
2701184067649856425,test_batch_2,461
2686701034639616359,test_batch_2,462
2707762702654796840,test_batch_2,463
2701491250668288399,test_batch_2,464
2717104264638402563,test_batch_2,465
2711473750635258126,test_batch_2,466
2660112764659977326,test_batch_2,467
2723552123666991580,test_batch_2,468
2672379617653990582,test_batch_2,469
2715904729665064695,test_batch_2,470
2661801070653487451,test_batch_2,471
2682615007669643776,test_batch_2,472
2667885878660313567,test_batch_2,473
2709284648648326168,test_batch_2,474
2726748290651776647,test_batch_2,475
2691861921665360872,test_batch_2,476
2661451841657712141,test_batch_2,477
2667417386666302483,test_batch_2,478
2699617858655006039,test_batch_2,479
2700420482663285098,test_batch_2,480
2685237189657415500,test_batch_2,481
2675842775650711351,test_batch_2,482
2737372276655032212,test_batch_2,483
2734362735655317052,test_batch_2,484
2694092285639131453,test_batch_2,485
2700047250638670129,test_batch_2,486
2700390988652325866,test_batch_2,487
2711584453663674471,test_batch_2,488
2702417680638910207,test_batch_2,489
2722919059665435881,test_batch_2,490
2688524731641201769,test_batch_2,491
2669312820636147261,test_batch_2,492
2697454038636821725,test_batch_2,493
2710334488650691339,test_batch_2,494
2716992063656424683,test_batch_2,495
2701503204636661100,test_batch_2,496
2680600717638301317,test_batch_2,497
2673655790652276378,test_batch_2,498
2670841469650110855,test_batch_2,499
2669903329635583568,test_batch_3,0
2714805040657440898,test_batch_3,1
2722647813665043149,test_batch_3,2
2672164092648310778,test_batch_3,3
2715530151637554551,test_batch_3,4
2692800839662266621,test_batch_3,5
2678589353671583782,test_batch_3,6
2706259967634708837,test_batch_3,7
2727686901657892272,test_batch_3,8
2714869698650016841,test_batch_3,9
2688322886660442503,test_batch_3,10
2682882756669153821,test_batch_3,11
2685488255633483483,test_batch_3,12
2719273481661323624,test_batch_3,13
2684768168663588425,test_batch_3,14
2736829045656665544,test_batch_3,15
2717108135671107399,test_batch_3,16
2670197415669322456,test_batch_3,17
2677033334664948872,test_batch_3,18
2731011002667345385,test_batch_3,19
2668062371650468495,test_batch_3,20
2671507864668404275,test_batch_3,21
2709205899659306915,test_batch_3,22
2689880662649373415,test_batch_3,23
2679077461663653102,test_batch_3,24
2680605122664046518,test_batch_3,25
2722411724661169044,test_batch_3,26
2708108171652840652,test_batch_3,27
2668228983656636011,test_batch_3,28
2701619457664488656,test_batch_3,29
2701437264650387924,test_batch_3,30
2688277047664249218,test_batch_3,31
2683275320673985820,test_batch_3,32
2727732304652966062,test_batch_3,33
2673906705653534836,test_batch_3,34
2711328692662582849,test_batch_3,35
2679155346671394531,test_batch_3,36
2708302000634422864,test_batch_3,37
2725302589671293507,test_batch_3,38
2708507079637442069,test_batch_3,39
2684331969648033135,test_batch_3,40
2696096869645807995,test_batch_3,41
2667797989664151627,test_batch_3,42
2675386446661599598,test_batch_3,43
2697266073674975849,test_batch_3,44
2705987539657718776,test_batch_3,45
2688973167641887108,test_batch_3,46
2706473826657760234,test_batch_3,47
2735473582657219593,test_batch_3,48
2699707889635123596,test_batch_3,49
2703298783641863752,test_batch_3,50
2704756374672875354,test_batch_3,51
2700162213645733973,test_batch_3,52
2710957590663015575,test_batch_3,53
2699531821676087844,test_batch_3,54
2690757098647790042,test_batch_3,55
2669100810661873250,test_batch_3,56
2699645114654696631,test_batch_3,57
2694325946670198503,test_batch_3,58
2688904245648167893,test_batch_3,59
2682337650636729255,test_batch_3,60
2675996966656556289,test_batch_3,61
2689672555671529062,test_batch_3,62
2716615675659902073,test_batch_3,63
2679942331673566129,test_batch_3,64
2713709669670239655,test_batch_3,65
2692005375643883826,test_batch_3,66
2680988868653037790,test_batch_3,67
2702414580656034253,test_batch_3,68
2699184901657812251,test_batch_3,69
2668543119656773884,test_batch_3,70
2677617925656981314,test_batch_3,71
2725536095651918562,test_batch_3,72
2669148432636382657,test_batch_3,73
2729270721653157048,test_batch_3,74
2705859007674854743,test_batch_3,75
2689585848660364301,test_batch_3,76
2704230987670210078,test_batch_3,77
2662008053655818044,test_batch_3,78
2703220003658309171,test_batch_3,79
2695399123640211542,test_batch_3,80
2708023443648532318,test_batch_3,81
2661320850656260643,test_batch_3,82
2701845377657588395,test_batch_3,83
2695487506647406392,test_batch_3,84
2669562358663039319,test_batch_3,85
2714005944656870529,test_batch_3,86
2735456483655436643,test_batch_3,87
2686142836636919812,test_batch_3,88
2706066442655947842,test_batch_3,89
2699739058650136883,test_batch_3,90
2724212784652599416,test_batch_3,91
2666437155633281188,test_batch_3,92
2689237680662398966,test_batch_3,93
2670168302632346479,test_batch_3,94
2704987158670119823,test_batch_3,95
2704903736639158495,test_batch_3,96
2726115267653636266,test_batch_3,97
2709761264672499340,test_batch_3,98
2694454103666805594,test_batch_3,99
2661729812665042385,test_batch_3,100
2682536100655258447,test_batch_3,101
2728523829658992204,test_batch_3,102
2698318473661472500,test_batch_3,103
2676186448661350576,test_batch_3,104
2672666811653561650,test_batch_3,105
2707716658655462122,test_batch_3,106
2716120232663012527,test_batch_3,107
2656317794662123785,test_batch_3,108
2723926788673780741,test_batch_3,109
2677444050670068809,test_batch_3,110
2663242674664270664,test_batch_3,111
2725421831656587604,test_batch_3,112
2669546903653671992,test_batch_3,113
2701516596649461381,test_batch_3,114
2705766920646470757,test_batch_3,115
2668556437648949819,test_batch_3,116
2691386577674015001,test_batch_3,117
2679688028660853563,test_batch_3,118
2687757738651693354,test_batch_3,119
2698410125644795595,test_batch_3,120
2698323408655530183,test_batch_3,121
2669366067633473103,test_batch_3,122
2704835791641422359,test_batch_3,123
2663552208654587034,test_batch_3,124
2670720776633108341,test_batch_3,125
2686631844663278687,test_batch_3,126
2657005664661819309,test_batch_3,127
2725415919662600389,test_batch_3,128
2658764883661576372,test_batch_3,129
2737843888657806300,test_batch_3,130
2708021378654158055,test_batch_3,131
2701192519675191046,test_batch_3,132
2695714302653577076,test_batch_3,133
2722690502658854350,test_batch_3,134
2664633204653479961,test_batch_3,135
2684371176636347794,test_batch_3,136
2687727968645341482,test_batch_3,137
2658199310657035019,test_batch_3,138
2720867041658096291,test_batch_3,139
2712000649669000181,test_batch_3,140
2662253322651486870,test_batch_3,141
2713581358651273977,test_batch_3,142
2715186507667157956,test_batch_3,143
2707739054655014601,test_batch_3,144
2682430911666945227,test_batch_3,145
2721389346655714392,test_batch_3,146
2672641085663262129,test_batch_3,147
2699603181652128203,test_batch_3,148
2673243100645973241,test_batch_3,149
2706692807634730978,test_batch_3,150
2690511743647713560,test_batch_3,151
2701913578638117602,test_batch_3,152
2700104987655817338,test_batch_3,153
2725843397661658901,test_batch_3,154
2718730832652779427,test_batch_3,155
2725684098660296315,test_batch_3,156
2702902181651242577,test_batch_3,157
2678295101672314991,test_batch_3,158
2682752231652005063,test_batch_3,159
2703684342670747746,test_batch_3,160
2719360389655015924,test_batch_3,161
2711631276655258291,test_batch_3,162
2669667279657124222,test_batch_3,163
2702514629651911084,test_batch_3,164
2682129575646912986,test_batch_3,165
2715745875669285367,test_batch_3,166
2701647845651493792,test_batch_3,167
2711794403650436552,test_batch_3,168
2713886111667144720,test_batch_3,169
2685305101646301748,test_batch_3,170
2697088089654211946,test_batch_3,171
2680436874656640512,test_batch_3,172
2683785185649331665,test_batch_3,173
2698722225674989609,test_batch_3,174
2688255368645551264,test_batch_3,175
2688069192660600848,test_batch_3,176
2675771232673419500,test_batch_3,177
2697702728637070063,test_batch_3,178
2702450286649681800,test_batch_3,179
2697819133665458202,test_batch_3,180
2726113496651274203,test_batch_3,181
2682645043654783105,test_batch_3,182
2717465847653448276,test_batch_3,183
2711038629663926920,test_batch_3,184
2735579361659578297,test_batch_3,185
2698840100658700506,test_batch_3,186
2716812945647731779,test_batch_3,187
2725231223652286526,test_batch_3,188
2662611153666983132,test_batch_3,189
2685017777675644306,test_batch_3,190
2681992392663191163,test_batch_3,191
2716958449670960501,test_batch_3,192
2669252670631996933,test_batch_3,193
2713326010665684079,test_batch_3,194
2705740454675385551,test_batch_3,195
2674711608672946104,test_batch_3,196
2712893193672800298,test_batch_3,197
2730372384658458255,test_batch_3,198
2732864334656837470,test_batch_3,199
2694610346659556744,test_batch_3,200
2717496661653966792,test_batch_3,201
2690359782654015143,test_batch_3,202
2670144624660631417,test_batch_3,203
2678212172661503397,test_batch_3,204
2684178681639395023,test_batch_3,205
2704224999675199263,test_batch_3,206
2717214590656080730,test_batch_3,207
2659494579658302574,test_batch_3,208
2705497597669516531,test_batch_3,209
2657560140655039677,test_batch_3,210
2686196693651241373,test_batch_3,211
2710287337638281739,test_batch_3,212
2704865027637027191,test_batch_3,213
2715875770653767400,test_batch_3,214
2662147435657051717,test_batch_3,215
2664740481656945558,test_batch_3,216
2704995738654248894,test_batch_3,217
2689215245673502981,test_batch_3,218
2720495385661194410,test_batch_3,219
2695083752667990772,test_batch_3,220
2679300023670286896,test_batch_3,221
2689302719661433693,test_batch_3,222
2671520694667382464,test_batch_3,223
2669903926656252422,test_batch_3,224
2666375364662930002,test_batch_3,225
2729533747659212237,test_batch_3,226
2666914908631155560,test_batch_3,227
2719999911661092423,test_batch_3,228
2701392295669768354,test_batch_3,229
2678651552661758474,test_batch_3,230
2699468740654966959,test_batch_3,231
2719661230653694654,test_batch_3,232
2691505281661224556,test_batch_3,233
2729699792658459043,test_batch_3,234
2674361596648761333,test_batch_3,235
2702577548634102925,test_batch_3,236
2675973274665570845,test_batch_3,237
2684593138633063618,test_batch_3,238
2674994078634381400,test_batch_3,239
2701930428672906417,test_batch_3,240
2701120181658243938,test_batch_3,241
2704860211674881910,test_batch_3,242
2675996839675019709,test_batch_3,243
2716733656638486119,test_batch_3,244
2717347629636976116,test_batch_3,245
2711652798659406562,test_batch_3,246
2675309116665524715,test_batch_3,247
2707210931645721405,test_batch_3,248
2700208404652559640,test_batch_3,249
2667398363633157456,test_batch_3,250
2693721622653951912,test_batch_3,251
2692401618645787593,test_batch_3,252
2677121112664004157,test_batch_3,253
2670875337653313716,test_batch_3,254
2706871797647397507,test_batch_3,255
2688121150650803198,test_batch_3,256
2729187003650845344,test_batch_3,257
2683630875654090313,test_batch_3,258
2726533055658383001,test_batch_3,259
2721443689665810815,test_batch_3,260
2654189186661329065,test_batch_3,261
2670223888635610588,test_batch_3,262
2691496040676770400,test_batch_3,263
2697905575638487268,test_batch_3,264
2677707661662816644,test_batch_3,265
2725652961668919828,test_batch_3,266
2677459901663513138,test_batch_3,267
2704093225659204092,test_batch_3,268
2681177324648086301,test_batch_3,269
2707873531663964226,test_batch_3,270
2729282292668186428,test_batch_3,271
2677630526652855115,test_batch_3,272
2679950795638662473,test_batch_3,273
2675230060656958168,test_batch_3,274
2711566676668060534,test_batch_3,275
2686172583662479906,test_batch_3,276
2732282620660609176,test_batch_3,277
2716584836661895165,test_batch_3,278
2673482918663504564,test_batch_3,279
2684211877645910378,test_batch_3,280
2730014187657848685,test_batch_3,281
2695737895657822140,test_batch_3,282
2682659595636036069,test_batch_3,283
2723574778672936553,test_batch_3,284
2701661003674034454,test_batch_3,285
2686855325651108603,test_batch_3,286
2679771836652442124,test_batch_3,287
2707533969668320143,test_batch_3,288
2673558905660847529,test_batch_3,289
2707288547665388564,test_batch_3,290
2669782991661029773,test_batch_3,291
2663916871651039217,test_batch_3,292
2703312796648009562,test_batch_3,293
2671622799633866603,test_batch_3,294
2700513640671987471,test_batch_3,295
2676606409653620155,test_batch_3,296
2713616571639014824,test_batch_3,297
2690049878667563066,test_batch_3,298
2720468338652031390,test_batch_3,299
2696578665637993851,test_batch_3,300
2675039252670238116,test_batch_3,301
2692462119636849506,test_batch_3,302
2678332727658044748,test_batch_3,303
2727107999652566726,test_batch_3,304
2686001105650647164,test_batch_3,305
2686057914646524865,test_batch_3,306
2715754776646864460,test_batch_3,307
2682917793660718581,test_batch_3,308
2656023620654017610,test_batch_3,309
2670677448664978430,test_batch_3,310
2678612385672421605,test_batch_3,311
2668883706634084120,test_batch_3,312
2684566183658012289,test_batch_3,313
2674560525635677455,test_batch_3,314
2684811043640914296,test_batch_3,315
2662578442665209721,test_batch_3,316
2681933014658692559,test_batch_3,317
2731597593660531472,test_batch_3,318
2712090543671541717,test_batch_3,319
2718938109666838910,test_batch_3,320
2726751578672743240,test_batch_3,321
2681462077639120341,test_batch_3,322
2678578461669177002,test_batch_3,323
2673324505666362631,test_batch_3,324
2682771786670343668,test_batch_3,325
2669692965655869720,test_batch_3,326
2673351852659496846,test_batch_3,327
2659565219653015650,test_batch_3,328
2702755293652904342,test_batch_3,329
2734731626664524653,test_batch_3,330
2715142430651253800,test_batch_3,331
2678836138662505857,test_batch_3,332
2687991025666880955,test_batch_3,333
2695336943653019194,test_batch_3,334
2709709786661803376,test_batch_3,335
2717924900646463437,test_batch_3,336
2679570421664550718,test_batch_3,337
2674017097673095641,test_batch_3,338
2697738755638256787,test_batch_3,339
2688025755664605528,test_batch_3,340
2737138389659523214,test_batch_3,341
2718873197669114320,test_batch_3,342
2723544900669018379,test_batch_3,343
2679313569637288893,test_batch_3,344
2678025770646712085,test_batch_3,345
2699409181674624963,test_batch_3,346
2705021171671276424,test_batch_3,347
2676900423647856948,test_batch_3,348
2687875931669807020,test_batch_3,349
2664835087659823811,test_batch_3,350
2718831216648476447,test_batch_3,351
2687540612672831578,test_batch_3,352
2660998079660077996,test_batch_3,353
2686726830652679965,test_batch_3,354
2675569275653731148,test_batch_3,355
2671125438657883366,test_batch_3,356
2661439102665229657,test_batch_3,357
2684638776659195005,test_batch_3,358
2726914513657121718,test_batch_3,359
2682222889669351662,test_batch_3,360
2696983948675052764,test_batch_3,361
2686104015674420211,test_batch_3,362
2679676153654630469,test_batch_3,363
2688577843653546944,test_batch_3,364
2699913029635689554,test_batch_3,365
2670784503664800224,test_batch_3,366
2672242598667264899,test_batch_3,367
2674493664656107337,test_batch_3,368
2680129764647309137,test_batch_3,369
2687287531673886396,test_batch_3,370
2695225613676790146,test_batch_3,371
2697225764644687932,test_batch_3,372
2667595362633538974,test_batch_3,373
2682160831671717096,test_batch_3,374
2676026132658904576,test_batch_3,375
2732318603665292116,test_batch_3,376
2701622403657681523,test_batch_3,377
2692660103673732363,test_batch_3,378
2727016212663464525,test_batch_3,379
2675388534634957965,test_batch_3,380
2672822686662838210,test_batch_3,381
2705020809637624555,test_batch_3,382
2700044940672690602,test_batch_3,383
2707229574647306334,test_batch_3,384
2673114952634617603,test_batch_3,385
2700723708665279999,test_batch_3,386
2732454474664919667,test_batch_3,387
2682728430645011516,test_batch_3,388
2670204244663876016,test_batch_3,389
2687825398650018890,test_batch_3,390
2716301989648049408,test_batch_3,391
2700403327665069669,test_batch_3,392
2699890224676475103,test_batch_3,393
2677561377656868923,test_batch_3,394
2698747110675016151,test_batch_3,395
2676508614662192637,test_batch_3,396
2706153467660013092,test_batch_3,397
2667521787653678159,test_batch_3,398
2665979168667586337,test_batch_3,399
2688734396675848669,test_batch_3,400
2705443615659493262,test_batch_3,401
2681679534645277042,test_batch_3,402
2708570485650948452,test_batch_3,403
2668635154650963921,test_batch_3,404
2703581530668091815,test_batch_3,405
2701845264648637329,test_batch_3,406
2720068278637434860,test_batch_3,407
2687927600634156480,test_batch_3,408
2681754415661546367,test_batch_3,409
2718536932663555565,test_batch_3,410
2675768417656905481,test_batch_3,411
2689569119672657499,test_batch_3,412
2706899360665632274,test_batch_3,413
2700680638653805420,test_batch_3,414
2674938346666035486,test_batch_3,415
2678902754645614248,test_batch_3,416
2712338530667861370,test_batch_3,417
2687167869672300890,test_batch_3,418
2674288356670646329,test_batch_3,419
2707355438658324569,test_batch_3,420
2696361390643887087,test_batch_3,421
2671849518661893390,test_batch_3,422
2678244069675307408,test_batch_3,423
2720659700670164702,test_batch_3,424
2734094103661424333,test_batch_3,425
2690171000648338331,test_batch_3,426
2729982483663646176,test_batch_3,427
2700021409675246149,test_batch_3,428
2705136007672358319,test_batch_3,429
2736602241660237411,test_batch_3,430
2705056234658425188,test_batch_3,431
2717896543667990489,test_batch_3,432
2680279460670969782,test_batch_3,433
2669748004636387105,test_batch_3,434
2685137796657355032,test_batch_3,435
2690287236646747824,test_batch_3,436
2679021336654270405,test_batch_3,437
2724348485670062111,test_batch_3,438
2711975208672418593,test_batch_3,439
2693297961651072758,test_batch_3,440
2699527223658993759,test_batch_3,441
2703724926635766552,test_batch_3,442
2692553135634425735,test_batch_3,443
2681967045671079870,test_batch_3,444
2687363106647343101,test_batch_3,445
2689863023664383012,test_batch_3,446
2724167398647508713,test_batch_3,447
2692150770651649021,test_batch_3,448
2721426914649683805,test_batch_3,449
2667337257631507067,test_batch_3,450
2696456665668677211,test_batch_3,451
2702376778650901828,test_batch_3,452
2692802700655976671,test_batch_3,453
2683828343656499764,test_batch_3,454
2690015497659468493,test_batch_3,455
2726659106658744321,test_batch_3,456
2676319737653170095,test_batch_3,457
2659542496657400749,test_batch_3,458
2707397295652858756,test_batch_3,459
2720854827668188234,test_batch_3,460
2675117425657481049,test_batch_3,461
2695658677653389736,test_batch_3,462
2662623878658505519,test_batch_3,463
2697859604676418679,test_batch_3,464
2687963632664237024,test_batch_3,465
2688444309640701321,test_batch_3,466
2709281263658722132,test_batch_3,467
2657916568662255285,test_batch_3,468
2706769702665821860,test_batch_3,469
2694066677642075991,test_batch_3,470
2676284547649428980,test_batch_3,471
2703901146659024308,test_batch_3,472
2671105530661660283,test_batch_3,473
2682687309650477564,test_batch_3,474
2671940092654486217,test_batch_3,475
2713672729652219270,test_batch_3,476
2680078580656311630,test_batch_3,477
2686321997662434294,test_batch_3,478
2687298988657946674,test_batch_3,479
2671717355664266028,test_batch_3,480
2712011714673519784,test_batch_3,481
2671470090660441287,test_batch_3,482
2668545030650695687,test_batch_3,483
2696990985652766495,test_batch_3,484
2696809499668049111,test_batch_3,485
2688078007655900629,test_batch_3,486
2698175411655310491,test_batch_3,487
2682924071635444292,test_batch_3,488
2681625628639082941,test_batch_3,489
2686393947666782985,test_batch_3,490
2689213523639492437,test_batch_3,491
2707036155646779897,test_batch_3,492
2699339280664435304,test_batch_3,493
2668922036648220530,test_batch_3,494
2695383207652901353,test_batch_3,495
2716593524660826137,test_batch_3,496
2731471478661512764,test_batch_3,497
2664936918664867330,test_batch_3,498
2695014740677380382,test_batch_3,499
2676437477653196014,test_batch_4,0
2689581676638641996,test_batch_4,1
2687244389640306174,test_batch_4,2
2698899135652599785,test_batch_4,3
2711980258655589562,test_batch_4,4
2663982510667974662,test_batch_4,5
2663501596660277163,test_batch_4,6
2687496995652290883,test_batch_4,7
2715798188656099826,test_batch_4,8
2671002197658696109,test_batch_4,9
2727114576651450735,test_batch_4,10
2701814939639461902,test_batch_4,11
2689013081646169451,test_batch_4,12
2681806083660510826,test_batch_4,13
2679401479651430364,test_batch_4,14
2715367354667995489,test_batch_4,15
2697689332649715276,test_batch_4,16
2700879500644889570,test_batch_4,17
2724432014661459627,test_batch_4,18
2670730215656107299,test_batch_4,19
2710493905664893207,test_batch_4,20
2713290271654009053,test_batch_4,21
2712235130645489360,test_batch_4,22
2669137343633324286,test_batch_4,23
2669751805662706299,test_batch_4,24
2701979129666832323,test_batch_4,25
2719416357668472791,test_batch_4,26
2681130370646678117,test_batch_4,27
2724022837670330491,test_batch_4,28
2710359658673020943,test_batch_4,29
2698966970665384166,test_batch_4,30
2710223993661604872,test_batch_4,31
2672098718649968451,test_batch_4,32
2678637718652883902,test_batch_4,33
2728084751655799983,test_batch_4,34
2683212527666531000,test_batch_4,35
2725060999660898821,test_batch_4,36
2674654839656849196,test_batch_4,37
2662219958653080469,test_batch_4,38
2672484982657060340,test_batch_4,39
2677432554651276407,test_batch_4,40
2681745629668601117,test_batch_4,41
2679187754671024642,test_batch_4,42
2697679387677137478,test_batch_4,43
2718120457669713491,test_batch_4,44
2688005075664847848,test_batch_4,45
2705643103666578330,test_batch_4,46
2699214091656398506,test_batch_4,47
2674076691671683105,test_batch_4,48
2732389226660315644,test_batch_4,49
2694482257661660650,test_batch_4,50
2685819544672679451,test_batch_4,51
2699647793651514468,test_batch_4,52
2687907645651778665,test_batch_4,53
2686006696636220096,test_batch_4,54
2697111062657201052,test_batch_4,55
2713473168663234489,test_batch_4,56
2668187612656507277,test_batch_4,57
2714213809665273237,test_batch_4,58
2710668535647373289,test_batch_4,59
2664297689664363186,test_batch_4,60
2700217676638507146,test_batch_4,61
2666624284660932751,test_batch_4,62
2704185681636724223,test_batch_4,63
2702688317675266764,test_batch_4,64
2671360165659436351,test_batch_4,65
2719618116656235870,test_batch_4,66
2706999066665625304,test_batch_4,67
2705921850638663395,test_batch_4,68
2732198296665878802,test_batch_4,69
2711863137671932618,test_batch_4,70
2698490757636475077,test_batch_4,71
2733185003655795643,test_batch_4,72
2669913800657257730,test_batch_4,73
2664731103651935512,test_batch_4,74
2694529085649508310,test_batch_4,75
2672313030661675765,test_batch_4,76
2671489483637834533,test_batch_4,77
2722121814647015177,test_batch_4,78
2698674009653655390,test_batch_4,79
2692853349676265981,test_batch_4,80
2663676751655386029,test_batch_4,81
2692909484652873977,test_batch_4,82
2698144944651686747,test_batch_4,83
2713954525672762507,test_batch_4,84
2685924994671245066,test_batch_4,85
2680092420662943916,test_batch_4,86
2668705351662807823,test_batch_4,87
2706160422647463999,test_batch_4,88
2716734199664137489,test_batch_4,89
2687925621634369311,test_batch_4,90
2676702039636419551,test_batch_4,91
2689240597657880644,test_batch_4,92
2691265550668981073,test_batch_4,93
2729618239658745840,test_batch_4,94
2674105100638852450,test_batch_4,95
2717924036661550129,test_batch_4,96
2708294396658669425,test_batch_4,97
2689312278651646129,test_batch_4,98
2673550728658261794,test_batch_4,99
2675696795646858134,test_batch_4,100
2662776932658357830,test_batch_4,101
2671643775649225338,test_batch_4,102
2668244787658819670,test_batch_4,103
2681263206663086771,test_batch_4,104
2683930224661356862,test_batch_4,105
2699230614655547018,test_batch_4,106
2680717837667664526,test_batch_4,107
2703769194673252038,test_batch_4,108
2719250220657196236,test_batch_4,109
2718481065657834582,test_batch_4,110
2675550195633952474,test_batch_4,111
2672740466663973097,test_batch_4,112
2709618880661374141,test_batch_4,113
2683143871632504845,test_batch_4,114
2719732656664084464,test_batch_4,115
2685748671660455507,test_batch_4,116
2679397160638900402,test_batch_4,117
2687411550665920341,test_batch_4,118
2676039910668568038,test_batch_4,119
2698663726641481319,test_batch_4,120
2663644179653384378,test_batch_4,121
2688141073639544965,test_batch_4,122
2684861877675996654,test_batch_4,123
2675748604647747306,test_batch_4,124
2689571771649724107,test_batch_4,125
2704332466662788598,test_batch_4,126
2696477013671097395,test_batch_4,127
2694105268641800257,test_batch_4,128
2694524823650288746,test_batch_4,129
2702668203648245484,test_batch_4,130
2677315309634993171,test_batch_4,131
2681002873634378503,test_batch_4,132
2685641184645515183,test_batch_4,133
2672676050646999910,test_batch_4,134
2707249254655748106,test_batch_4,135
2707235766644768245,test_batch_4,136
2698492142670734805,test_batch_4,137
2695396065661654981,test_batch_4,138
2709567580668868313,test_batch_4,139
2731619598652743093,test_batch_4,140
2713979696645049314,test_batch_4,141
2706168456670045721,test_batch_4,142
2721022576652109316,test_batch_4,143
2708949097645682581,test_batch_4,144
2692778604656325589,test_batch_4,145
2733459660654815514,test_batch_4,146
2671904991664462643,test_batch_4,147
2709570382645599802,test_batch_4,148
2708490487672412291,test_batch_4,149
2712771168649302043,test_batch_4,150
2730409967664605472,test_batch_4,151
2687712348664738334,test_batch_4,152
2698342660650991659,test_batch_4,153
2696425100674497501,test_batch_4,154
2666078805660880091,test_batch_4,155
2701021917662686873,test_batch_4,156
2677225162667715247,test_batch_4,157
2684243437649177015,test_batch_4,158
2705690771656191109,test_batch_4,159
2711749920651421345,test_batch_4,160
2709967264650703343,test_batch_4,161
2675979938667148736,test_batch_4,162
2689960764662417294,test_batch_4,163
2666590472661700948,test_batch_4,164
2696035556669633497,test_batch_4,165
2665028337662138219,test_batch_4,166
2733478640654962729,test_batch_4,167
2734287688666223743,test_batch_4,168
2688597532673609114,test_batch_4,169
2673215849659135639,test_batch_4,170
2703027274666650389,test_batch_4,171
2703211466662946420,test_batch_4,172
2698667126644399018,test_batch_4,173
2710704886672614082,test_batch_4,174
2695794014653601358,test_batch_4,175
2694813899653848934,test_batch_4,176
2678167401674419976,test_batch_4,177
2664754648656217377,test_batch_4,178
2678061664655853661,test_batch_4,179
2675190847669134981,test_batch_4,180
2678930350651642177,test_batch_4,181
2707769818651448747,test_batch_4,182
2702847453640018646,test_batch_4,183
2687584925671999594,test_batch_4,184
2692493933639804802,test_batch_4,185
2684313969635582034,test_batch_4,186
2678146241674102075,test_batch_4,187
2718339964666866405,test_batch_4,188
2706791309649553847,test_batch_4,189
2684064262666642615,test_batch_4,190
2700843234671420155,test_batch_4,191
2725007814668494922,test_batch_4,192
2685929522663552248,test_batch_4,193
2697832634646885445,test_batch_4,194
2704258287647116451,test_batch_4,195
2734911525666457323,test_batch_4,196
2703170481674463334,test_batch_4,197
2719126061655988610,test_batch_4,198
2732807588652477208,test_batch_4,199
2669835671666723171,test_batch_4,200
2681856594652210076,test_batch_4,201
2688710819659060600,test_batch_4,202
2668691489669946853,test_batch_4,203
2723448596665798791,test_batch_4,204
2714303921664426118,test_batch_4,205
2682794960640158743,test_batch_4,206
2717625082660467421,test_batch_4,207
2721127659669223735,test_batch_4,208
2701923019655448058,test_batch_4,209
2675292112657433769,test_batch_4,210
2693729342646533290,test_batch_4,211
2665846167654062224,test_batch_4,212
2675900290666834967,test_batch_4,213
2697419307640475438,test_batch_4,214
2697042786663844801,test_batch_4,215
2720525388662945503,test_batch_4,216
2709131659635839654,test_batch_4,217
2701669213655825830,test_batch_4,218
2669185638658795044,test_batch_4,219
2678365414673321478,test_batch_4,220
2704072288670014978,test_batch_4,221
2701866897677150201,test_batch_4,222
2690223556634498187,test_batch_4,223
2696750256653538470,test_batch_4,224
2732156627659191171,test_batch_4,225
2726919352667637334,test_batch_4,226
2721613403666156302,test_batch_4,227
2698058502657521568,test_batch_4,228
2692442768651542184,test_batch_4,229
2725256634651079899,test_batch_4,230
2721826051657135841,test_batch_4,231
2719132357637857973,test_batch_4,232
2702324159654744827,test_batch_4,233
2671636232655373855,test_batch_4,234
2655530646659837603,test_batch_4,235
2731224207664773770,test_batch_4,236
2733602969659525042,test_batch_4,237
2708269092674787459,test_batch_4,238
2708910944668184001,test_batch_4,239
2707662096653762169,test_batch_4,240
2672082007655938063,test_batch_4,241
2691972712671410395,test_batch_4,242
2674662536645433520,test_batch_4,243
2665840447656558204,test_batch_4,244
2729615548654995464,test_batch_4,245
2725025722655818043,test_batch_4,246
2693878162651451396,test_batch_4,247
2709492668653721136,test_batch_4,248
2704670832664719224,test_batch_4,249
2704923171659527131,test_batch_4,250
2696585985650199418,test_batch_4,251
2720119742647320801,test_batch_4,252
2704201655647901405,test_batch_4,253
2692689731662179113,test_batch_4,254
2701249614674844946,test_batch_4,255
2685793822650368929,test_batch_4,256
2679790914653242692,test_batch_4,257
2675990787647067057,test_batch_4,258
2707159584659644918,test_batch_4,259
2691892569641021035,test_batch_4,260
2714101077647945647,test_batch_4,261
2727787975662637333,test_batch_4,262
2707651291658422005,test_batch_4,263
2720932281647449767,test_batch_4,264
2671014416671840180,test_batch_4,265
2693730026675677278,test_batch_4,266
2701360622661531885,test_batch_4,267
2671427405666844461,test_batch_4,268
2729946674655996666,test_batch_4,269
2713352637665227256,test_batch_4,270
2727861854654993484,test_batch_4,271
2676383194644398088,test_batch_4,272
2720466804657826298,test_batch_4,273
2669148104673189914,test_batch_4,274
2725469910659719076,test_batch_4,275
2735252933655286654,test_batch_4,276
2695822066648955173,test_batch_4,277
2696219130639207298,test_batch_4,278
2723815171658100898,test_batch_4,279
2725139564653514130,test_batch_4,280
2670404948671776202,test_batch_4,281
2681940744654432981,test_batch_4,282
2687141303659783101,test_batch_4,283
2697115559652777464,test_batch_4,284
2693218559676575731,test_batch_4,285
2672420773656029492,test_batch_4,286
2675073556637694947,test_batch_4,287
2708015861637139285,test_batch_4,288
2680218027655234530,test_batch_4,289
2727567972656333682,test_batch_4,290
2713026682636947743,test_batch_4,291
2664563366669658854,test_batch_4,292
2700051511672695667,test_batch_4,293
2665906260651672535,test_batch_4,294
2721891286663646229,test_batch_4,295
2713891295670340056,test_batch_4,296
2687493214639287033,test_batch_4,297
2681242513647070405,test_batch_4,298
2699220776657915145,test_batch_4,299
2703477470634548833,test_batch_4,300
2662046430665645887,test_batch_4,301
2684083906647955929,test_batch_4,302
2698638570669320021,test_batch_4,303
2681202111664463354,test_batch_4,304
2706805351655713360,test_batch_4,305
2711123900638202481,test_batch_4,306
2661358907652967531,test_batch_4,307
2726587963669860101,test_batch_4,308
2695753796675254865,test_batch_4,309
2682420693637320913,test_batch_4,310
2667887366664153136,test_batch_4,311
2697632817645578719,test_batch_4,312
2718927711669614087,test_batch_4,313
2735626833665251550,test_batch_4,314
2722099905654949861,test_batch_4,315
2705847321646815552,test_batch_4,316
2707202546658647001,test_batch_4,317
2673067683658364003,test_batch_4,318
2722301454659581434,test_batch_4,319
2663790263664899084,test_batch_4,320
2694547614662275984,test_batch_4,321
2681446194651523622,test_batch_4,322
2666279680651913965,test_batch_4,323
2692382250646954605,test_batch_4,324
2688385941657278466,test_batch_4,325
2712421793657308891,test_batch_4,326
2682354833649705974,test_batch_4,327
2715254835639062602,test_batch_4,328
2678246956656770309,test_batch_4,329
2705594657649924106,test_batch_4,330
2717568693647296714,test_batch_4,331
2694319381657688992,test_batch_4,332
2668116249650960313,test_batch_4,333
2671643161667460182,test_batch_4,334
2667557643653296497,test_batch_4,335
2681417318649269572,test_batch_4,336
2711372136669518747,test_batch_4,337
2685624806662707311,test_batch_4,338
2681988722674281648,test_batch_4,339
2726244787670393341,test_batch_4,340
2726225654659445998,test_batch_4,341
2691992659674502761,test_batch_4,342
2672534739662009372,test_batch_4,343
2673237929647966959,test_batch_4,344
2716531044646299693,test_batch_4,345
2708898476660443352,test_batch_4,346
2686640338667656742,test_batch_4,347
2662396045657833577,test_batch_4,348
2675539266672993537,test_batch_4,349
2703226942671045782,test_batch_4,350
2701318940663822500,test_batch_4,351
2666760671660179179,test_batch_4,352
2694933676660236182,test_batch_4,353
2692439083674329653,test_batch_4,354
2664020458654220499,test_batch_4,355
2660557470661889158,test_batch_4,356
2720516870667251189,test_batch_4,357
2671490669658758194,test_batch_4,358
2671809620672181197,test_batch_4,359
2729480979656844545,test_batch_4,360
2664396982663837457,test_batch_4,361
2721094842649482697,test_batch_4,362
2690177623671064595,test_batch_4,363
2684123710673639065,test_batch_4,364
2675313620634476593,test_batch_4,365
2667470468669001316,test_batch_4,366
2684599726659988811,test_batch_4,367
2685629957657497124,test_batch_4,368
2679118508651976835,test_batch_4,369
2668857820660949739,test_batch_4,370
2729694923658224432,test_batch_4,371
2717811217672380332,test_batch_4,372
2716440033652774431,test_batch_4,373
2728121464666737759,test_batch_4,374
2666184200668540678,test_batch_4,375
2658061258656249691,test_batch_4,376
2714153053653927507,test_batch_4,377
2735620262656468704,test_batch_4,378
2717099959660839871,test_batch_4,379
2719850019652013172,test_batch_4,380
2685937949646669730,test_batch_4,381
2690041758638040584,test_batch_4,382
2667106936662346316,test_batch_4,383
2670996157669114509,test_batch_4,384
2693330277644154760,test_batch_4,385
2678191176670479666,test_batch_4,386
2713133988635721464,test_batch_4,387
2702171430663698679,test_batch_4,388
2697352073671468324,test_batch_4,389
2698847765652450245,test_batch_4,390
2686548726672666134,test_batch_4,391
2707208526634228201,test_batch_4,392
2701842977634760004,test_batch_4,393
2709561064635440628,test_batch_4,394
2722663444660528122,test_batch_4,395
2675641802647463263,test_batch_4,396
2657232724661247750,test_batch_4,397
2659432015654159510,test_batch_4,398
2693920392675471275,test_batch_4,399
2718856121655628741,test_batch_4,400
2687883988675607057,test_batch_4,401
2733137351659947066,test_batch_4,402
2692899525672657444,test_batch_4,403
2712903878658108886,test_batch_4,404
2690046351662105958,test_batch_4,405
2678992696636812890,test_batch_4,406
2682732776673332951,test_batch_4,407
2697455494667830118,test_batch_4,408
2666675279669175549,test_batch_4,409
2672904076648186880,test_batch_4,410
2685734587658313427,test_batch_4,411
2724738923654709361,test_batch_4,412
2685797861638059402,test_batch_4,413
2664976396653316188,test_batch_4,414
2697211662655777927,test_batch_4,415
2677189814655905730,test_batch_4,416
2700103695651254423,test_batch_4,417
2715551396665764215,test_batch_4,418
2700101277649061687,test_batch_4,419
2700412953646407212,test_batch_4,420
2720861371649992316,test_batch_4,421
2680835031651345634,test_batch_4,422
2734048763661728009,test_batch_4,423
2722625650667644021,test_batch_4,424
2703679872640185317,test_batch_4,425
2718707172658359234,test_batch_4,426
2693018068647062915,test_batch_4,427
2704649161676822674,test_batch_4,428
2675446920658270095,test_batch_4,429
2698885657641012401,test_batch_4,430
2702332461672784306,test_batch_4,431
2716769580662242604,test_batch_4,432
2690930680666949797,test_batch_4,433
2697263350648377811,test_batch_4,434
2703407875676630632,test_batch_4,435
2676395611670570513,test_batch_4,436
2694225241668160159,test_batch_4,437
2680171759634200925,test_batch_4,438
2717828353639145356,test_batch_4,439
2699202231657351476,test_batch_4,440
2683883465634036175,test_batch_4,441
2699156057661589608,test_batch_4,442
2701480472643162013,test_batch_4,443
2699421528674617953,test_batch_4,444
2682024195651957405,test_batch_4,445
2676990181650193145,test_batch_4,446
2683579985673566047,test_batch_4,447
2659472684664363276,test_batch_4,448
2697074764670859789,test_batch_4,449
2660087872666952640,test_batch_4,450
2721173130668720413,test_batch_4,451
2695238505649867673,test_batch_4,452
2680827783658774353,test_batch_4,453
2719948586647588335,test_batch_4,454
2677973177673988148,test_batch_4,455
2705982279633647447,test_batch_4,456
2729649273654966760,test_batch_4,457
2678479168664762518,test_batch_4,458
2673793573672740576,test_batch_4,459
2670888569667738134,test_batch_4,460
2686094343674442438,test_batch_4,461
2731319100652917086,test_batch_4,462
2699563501659039371,test_batch_4,463
2695631622636274749,test_batch_4,464
2719888237638571046,test_batch_4,465
2707594538634514900,test_batch_4,466
2665480356658253001,test_batch_4,467
2728713281670176995,test_batch_4,468
2659621648657086951,test_batch_4,469
2677909120660270759,test_batch_4,470
2671990349653586942,test_batch_4,471
2720336243670224721,test_batch_4,472
2735409222663872782,test_batch_4,473
2700948784663199718,test_batch_4,474
2680631335665617394,test_batch_4,475
2679932036645644449,test_batch_4,476
2684824706665464993,test_batch_4,477
2726646352668131858,test_batch_4,478
2729487129651426222,test_batch_4,479
2709511190636687714,test_batch_4,480
2702948765639839853,test_batch_4,481
2677295406664820158,test_batch_4,482
2694402116652252434,test_batch_4,483
2725627394662822599,test_batch_4,484
2696802128649679027,test_batch_4,485
2663692007668067443,test_batch_4,486
2725354568657093871,test_batch_4,487
2682869975663596004,test_batch_4,488
2692114234638827660,test_batch_4,489
2669348433653439746,test_batch_4,490
2734525644655880126,test_batch_4,491
2734364255656214633,test_batch_4,492
2684680695638383656,test_batch_4,493
2672314404635949631,test_batch_4,494
2666784222653401749,test_batch_4,495
2732206944656529828,test_batch_4,496
2678587324634829676,test_batch_4,497
2663279130665917952,test_batch_4,498
2695081166670099158,test_batch_4,499
2700830780676338915,test_batch_5,0
2675524144662849751,test_batch_5,1
2675622672674761711,test_batch_5,2
2682054218656495442,test_batch_5,3
2671719236666147461,test_batch_5,4
2688167554658983922,test_batch_5,5
2714998141673469358,test_batch_5,6
2694964201639293557,test_batch_5,7
2681737093647264898,test_batch_5,8
2680787604649426491,test_batch_5,9
2699611056647693148,test_batch_5,10
2716188376673772852,test_batch_5,11
2662108627652089387,test_batch_5,12
2729976564662251778,test_batch_5,13
2661109347652624676,test_batch_5,14
2706815000646712133,test_batch_5,15
2684607690650838729,test_batch_5,16
2680005099661181364,test_batch_5,17
2679728262634901990,test_batch_5,18
2700818488640024451,test_batch_5,19
2727686997666518075,test_batch_5,20
2691527439655088925,test_batch_5,21
2702348529673777901,test_batch_5,22
2677603323646904914,test_batch_5,23
2706285845636357415,test_batch_5,24
2710594880673871661,test_batch_5,25
2701866004656883973,test_batch_5,26
2715468485664266476,test_batch_5,27
2703154566633678504,test_batch_5,28
2724397002659505311,test_batch_5,29
2728299026656805959,test_batch_5,30
2683447070650147837,test_batch_5,31
2732112876663699398,test_batch_5,32
2705561858647328885,test_batch_5,33
2674512897637760009,test_batch_5,34
2691845418634558224,test_batch_5,35
2685916958673728902,test_batch_5,36
2686809486645874380,test_batch_5,37
2727848196652654081,test_batch_5,38
2676979380651074854,test_batch_5,39
2690892234668920388,test_batch_5,40
2697275077657814272,test_batch_5,41
2704912645645867532,test_batch_5,42
2687274430666212131,test_batch_5,43
2713841809638882223,test_batch_5,44
2707484350667388030,test_batch_5,45
2686030791676253877,test_batch_5,46
2693337774635206486,test_batch_5,47
2678965439651650433,test_batch_5,48
2704495921677798846,test_batch_5,49
2662679892652884219,test_batch_5,50
2672306730671740719,test_batch_5,51
2672686193646281558,test_batch_5,52
2687565969658571455,test_batch_5,53
2658683653662886458,test_batch_5,54
2694732987652510297,test_batch_5,55
2657095418662142679,test_batch_5,56
2721725650649587295,test_batch_5,57
2709228119670626277,test_batch_5,58
2686031603650074614,test_batch_5,59
2671174988663691314,test_batch_5,60
2673260181656504784,test_batch_5,61
2665312507662686871,test_batch_5,62
2689518647664286088,test_batch_5,63
2656333271663112674,test_batch_5,64
2726897557661105296,test_batch_5,65
2674996954635126765,test_batch_5,66
2683043541663382848,test_batch_5,67
2721308774651364019,test_batch_5,68
2715359481650300401,test_batch_5,69
2686025775662683559,test_batch_5,70
2697167391656557456,test_batch_5,71
2715043324657807561,test_batch_5,72
2687157275676429771,test_batch_5,73
2675876669674056927,test_batch_5,74
2687145397670086184,test_batch_5,75
2701445704636870742,test_batch_5,76
2694343195649450856,test_batch_5,77
2679534160647654498,test_batch_5,78
2690949005645758253,test_batch_5,79
2710499425644135521,test_batch_5,80
2697870440669048113,test_batch_5,81
2680988082662419331,test_batch_5,82
2677564883652181890,test_batch_5,83
2679206518652632812,test_batch_5,84
2670444620646047615,test_batch_5,85
2698659349641223212,test_batch_5,86
2718747200667533511,test_batch_5,87
2699498061637407695,test_batch_5,88
2729126401661759889,test_batch_5,89
2673130104664307960,test_batch_5,90
2683166966639248566,test_batch_5,91
2685063936650413167,test_batch_5,92
2709563938653121570,test_batch_5,93
2718253364657008648,test_batch_5,94
2673886538672946935,test_batch_5,95
2699610277661861961,test_batch_5,96
2686832154660418946,test_batch_5,97
2689053168650601874,test_batch_5,98
2708264269659508784,test_batch_5,99
2695898508652661987,test_batch_5,100
2658254317656024507,test_batch_5,101
2678431340648023205,test_batch_5,102
2688292465660391322,test_batch_5,103
2672615749637435683,test_batch_5,104
2708487594646517028,test_batch_5,105
2689173521664787901,test_batch_5,106
2666133109654664345,test_batch_5,107
2704564867654755825,test_batch_5,108
2695844607636813392,test_batch_5,109
2684378976658427696,test_batch_5,110
2683705563665771095,test_batch_5,111
2672158999637066432,test_batch_5,112
2690060848665226346,test_batch_5,113
2690545083637712358,test_batch_5,114
2663260030664287820,test_batch_5,115
2711815511636613849,test_batch_5,116
2668652400667745410,test_batch_5,117
2686385688675755899,test_batch_5,118
2694238192658351405,test_batch_5,119
2712950531657936072,test_batch_5,120
2679352113636554205,test_batch_5,121
2725770531669780941,test_batch_5,122
2708542888672845598,test_batch_5,123
2668664870633673858,test_batch_5,124
2695673498652600670,test_batch_5,125
2719053044672079576,test_batch_5,126
2706223438664329903,test_batch_5,127
2690141355640318576,test_batch_5,128
2674157147637730755,test_batch_5,129
2697395466636319643,test_batch_5,130
2697699461638419076,test_batch_5,131
2710008196637060726,test_batch_5,132
2713438334663574307,test_batch_5,133
2670460868632971564,test_batch_5,134
2689785299649746079,test_batch_5,135
2660550703656706434,test_batch_5,136
2721850641662699190,test_batch_5,137
2672505751665518724,test_batch_5,138
2697487446644963957,test_batch_5,139
2729201973662936581,test_batch_5,140
2713623622670448797,test_batch_5,141
2713429652649968193,test_batch_5,142
2726222403655453355,test_batch_5,143
2724611771668373989,test_batch_5,144
2715037022639133952,test_batch_5,145
2699932230636991828,test_batch_5,146
2677390854670650263,test_batch_5,147
2690378801666518144,test_batch_5,148
2673764288661035011,test_batch_5,149
2723086892666014407,test_batch_5,150
2715948990666036626,test_batch_5,151
2700380173654270982,test_batch_5,152
2700058751655590440,test_batch_5,153
2665339224660855800,test_batch_5,154
2714799352671621301,test_batch_5,155
2724022710657089579,test_batch_5,156
2682017420648174991,test_batch_5,157
2658936989656427404,test_batch_5,158
2688905189648241340,test_batch_5,159
2685478650647395087,test_batch_5,160
2677797449663987489,test_batch_5,161
2712051273658763389,test_batch_5,162
2666398598654272543,test_batch_5,163
2681694019636347177,test_batch_5,164
2666680658667120909,test_batch_5,165
2692001095646214658,test_batch_5,166
2702497102655397463,test_batch_5,167
2702419063663334202,test_batch_5,168
2685260720650873837,test_batch_5,169
2677564571654234542,test_batch_5,170
2671578409634355172,test_batch_5,171
2667999520651163175,test_batch_5,172
2732790387655964945,test_batch_5,173
2688722652666265737,test_batch_5,174
2665304636658628934,test_batch_5,175
2712636029660235634,test_batch_5,176
2716697084671250276,test_batch_5,177
2660865533653086542,test_batch_5,178
2686948644675439622,test_batch_5,179
2709115530673732397,test_batch_5,180
2666964519635158133,test_batch_5,181
2719008867637461215,test_batch_5,182
2724388807647755059,test_batch_5,183
2689429313639068754,test_batch_5,184
2678246610651055139,test_batch_5,185
2704262760651329755,test_batch_5,186
2678653403674156418,test_batch_5,187
2676456571664500208,test_batch_5,188
2670650079656987662,test_batch_5,189
2665151763632267152,test_batch_5,190
2689434769635013409,test_batch_5,191
2703786596674303127,test_batch_5,192
2686986658643901746,test_batch_5,193
2677372408673177398,test_batch_5,194
2701698367662484213,test_batch_5,195
2667096486665987960,test_batch_5,196
2704219922638864329,test_batch_5,197
2693366539652311339,test_batch_5,198
2695975154674975970,test_batch_5,199
2717303653649047561,test_batch_5,200
2702476433673246138,test_batch_5,201
2700554896666940755,test_batch_5,202
2725120679657270862,test_batch_5,203
2699242003655701309,test_batch_5,204
2679209505666168180,test_batch_5,205
2698923261673378418,test_batch_5,206
2716482679646356757,test_batch_5,207
2667191433656210968,test_batch_5,208
2662437889657449735,test_batch_5,209
2714983248670710107,test_batch_5,210
2695492894661495416,test_batch_5,211
2698853562670933147,test_batch_5,212
2715765470649440577,test_batch_5,213
2696834406659641246,test_batch_5,214
2721312621653672640,test_batch_5,215
2719533983660633935,test_batch_5,216
2676701639649773740,test_batch_5,217
2705492647637353755,test_batch_5,218
2709156929634427265,test_batch_5,219
2670897733663289359,test_batch_5,220
2697790120663340085,test_batch_5,221
2677331759673978752,test_batch_5,222
2725592265665940370,test_batch_5,223
2717213796646295562,test_batch_5,224
2696471297668436210,test_batch_5,225
2661216036664142847,test_batch_5,226
2671570556654518638,test_batch_5,227
2678828891663256389,test_batch_5,228
2691591131662373387,test_batch_5,229
2679286251669802638,test_batch_5,230
2709753164644567427,test_batch_5,231
2729237348659741124,test_batch_5,232
2690610357649869325,test_batch_5,233
2730142455660500255,test_batch_5,234
2699661984676151033,test_batch_5,235
2709563526658623289,test_batch_5,236
2730882084662478338,test_batch_5,237
2667138810659498182,test_batch_5,238
2685717358663116507,test_batch_5,239
2695428803661433641,test_batch_5,240
2727354277660696389,test_batch_5,241
2658750730656220135,test_batch_5,242
2730437341651406487,test_batch_5,243
2694672817660179702,test_batch_5,244
2706346738655813025,test_batch_5,245
2735748285660906192,test_batch_5,246
2669786927671933859,test_batch_5,247
2687530044635746215,test_batch_5,248
2691771047668412080,test_batch_5,249
2709538171657970450,test_batch_5,250
2699604641654964231,test_batch_5,251
2696748772656475446,test_batch_5,252
2713660557649154130,test_batch_5,253
2712910953646503903,test_batch_5,254
2707410194645778923,test_batch_5,255
2715896015636146149,test_batch_5,256
2683815188658637838,test_batch_5,257
2674416788670963494,test_batch_5,258
2661960036651115472,test_batch_5,259
2681509677637663852,test_batch_5,260
2692890101656898768,test_batch_5,261
2664447929668509221,test_batch_5,262
2729949282658339625,test_batch_5,263
2687807954660430211,test_batch_5,264
2712644198663741891,test_batch_5,265
2693915579659922594,test_batch_5,266
2718798126659556087,test_batch_5,267
2706364009637059316,test_batch_5,268
2679680675646511973,test_batch_5,269
2712317447672879648,test_batch_5,270
2735791796667411826,test_batch_5,271
2668528956669548298,test_batch_5,272
2711831960672212668,test_batch_5,273
2714714545653277520,test_batch_5,274
2706227298643759879,test_batch_5,275
2717031702667607059,test_batch_5,276
2724412684649958774,test_batch_5,277
2703727902677792099,test_batch_5,278
2709060832668409631,test_batch_5,279
2687360748665772129,test_batch_5,280
2686199247645888008,test_batch_5,281
2700654078638625600,test_batch_5,282
2718685299647730111,test_batch_5,283
2734290940660778401,test_batch_5,284
2680035311651997139,test_batch_5,285
2713530780661641248,test_batch_5,286
2669423328667796116,test_batch_5,287
2697363195653519014,test_batch_5,288
2705875154636746058,test_batch_5,289
2668421754650885181,test_batch_5,290
2695893426664821550,test_batch_5,291
2673386637661796520,test_batch_5,292
2697170023637706743,test_batch_5,293
2680725565650321324,test_batch_5,294
2707952189669622513,test_batch_5,295
2692806416652682145,test_batch_5,296
2695873425649249908,test_batch_5,297
2718296770638320221,test_batch_5,298
2681236404634435204,test_batch_5,299
2657071469654804755,test_batch_5,300
2719399588655279261,test_batch_5,301
2709860246636782596,test_batch_5,302
2680431910647275227,test_batch_5,303
2723045492664343307,test_batch_5,304
2693832917644141062,test_batch_5,305
2731896273661561295,test_batch_5,306
2698889416653998651,test_batch_5,307
2684401410644370577,test_batch_5,308
2699865139649471066,test_batch_5,309
2667756561662722941,test_batch_5,310
2714436185657387765,test_batch_5,311
2724131884670393282,test_batch_5,312
2728258073666591112,test_batch_5,313
2734827245661320544,test_batch_5,314
2700189649661824322,test_batch_5,315
2665509053632224999,test_batch_5,316
2699538813647612439,test_batch_5,317
2695103797649596536,test_batch_5,318
2715315818636613369,test_batch_5,319
2730692988659294370,test_batch_5,320
2696714556660843315,test_batch_5,321
2697794712645227413,test_batch_5,322
2678652041672886729,test_batch_5,323
2700322756641893834,test_batch_5,324
2692396934673662232,test_batch_5,325
2730460890663383394,test_batch_5,326
2681770725640372591,test_batch_5,327
2658642826660340144,test_batch_5,328
2708877796669048864,test_batch_5,329
2669706243654639600,test_batch_5,330
2670092807633544584,test_batch_5,331
2681357611673416284,test_batch_5,332
2686919842668705198,test_batch_5,333
2705962907647287262,test_batch_5,334
2665983123670702465,test_batch_5,335
2698194068644539008,test_batch_5,336
2706755864638707567,test_batch_5,337
2719823470662901441,test_batch_5,338
2695945420652750586,test_batch_5,339
2704073583667408909,test_batch_5,340
2693940631673793722,test_batch_5,341
2707287196634517519,test_batch_5,342
2689462231638361426,test_batch_5,343
2699305900644368454,test_batch_5,344
2708555159668464330,test_batch_5,345
2702537377655230515,test_batch_5,346
2668324615658164290,test_batch_5,347
2716507761665382875,test_batch_5,348
2702100162636047535,test_batch_5,349
2726417070651179762,test_batch_5,350
2709348789637496141,test_batch_5,351
2719691152671633356,test_batch_5,352
2693109523640039318,test_batch_5,353
2679651325663908764,test_batch_5,354
2694573921652233883,test_batch_5,355
2682486412655318095,test_batch_5,356
2674143652658841847,test_batch_5,357
2679717668660815088,test_batch_5,358
2690623268654446743,test_batch_5,359
2681185287662429042,test_batch_5,360
2716191133653741825,test_batch_5,361
2662120530656859229,test_batch_5,362
2697665300658183322,test_batch_5,363
2699674050652682073,test_batch_5,364
2691879527650416016,test_batch_5,365
2672767959633897935,test_batch_5,366
2720109142637620964,test_batch_5,367
2700011323655387276,test_batch_5,368
2692562951678452283,test_batch_5,369
2711880294659133105,test_batch_5,370
2669258320659848394,test_batch_5,371
2700663138675019748,test_batch_5,372
2707042502654635752,test_batch_5,373
2665051748654832019,test_batch_5,374
2682875883650708258,test_batch_5,375
2684141886651208712,test_batch_5,376
2689460544668597607,test_batch_5,377
2695228780649837053,test_batch_5,378
2660071709665340937,test_batch_5,379
2695253507654043737,test_batch_5,380
2697777941643478599,test_batch_5,381
2688958171658028912,test_batch_5,382
2719912134646057944,test_batch_5,383
2702501200670873705,test_batch_5,384
2683215297659146447,test_batch_5,385
2703144102637757848,test_batch_5,386
2708640191673697468,test_batch_5,387
2694975647636420809,test_batch_5,388
2663848397653749449,test_batch_5,389
2668840274650161242,test_batch_5,390
2705261804649822918,test_batch_5,391
2712130690658310175,test_batch_5,392
2700057259640130707,test_batch_5,393
2699932527645249123,test_batch_5,394
2727183817665851402,test_batch_5,395
2726300142660274900,test_batch_5,396
2702279611665640914,test_batch_5,397
2731093459654957497,test_batch_5,398
2673332448670388863,test_batch_5,399
2684609356673915845,test_batch_5,400
2676907651635021451,test_batch_5,401
2691149582663810492,test_batch_5,402
2700202148670367108,test_batch_5,403
2681660800645392740,test_batch_5,404
2664799098650467320,test_batch_5,405
2715411728653659068,test_batch_5,406
2722142798673163775,test_batch_5,407
2687040870674061047,test_batch_5,408
2701506931663306104,test_batch_5,409
2683623807671090864,test_batch_5,410
2690213205640042358,test_batch_5,411
2691721108648931259,test_batch_5,412
2672860859673915070,test_batch_5,413
2692589360643872043,test_batch_5,414
2680939029655608287,test_batch_5,415
2726094975671853481,test_batch_5,416
2694569796666473901,test_batch_5,417
2669361506632303937,test_batch_5,418
2724182232648914614,test_batch_5,419
2699361348674639997,test_batch_5,420
2690677818659489617,test_batch_5,421
2676953404674982045,test_batch_5,422
2706865767660148817,test_batch_5,423
2711001879653977913,test_batch_5,424
2709998608663659736,test_batch_5,425
2688269764674422744,test_batch_5,426
2709206029669069251,test_batch_5,427
2721742411647056268,test_batch_5,428
2674175095646950649,test_batch_5,429
2697448607648505309,test_batch_5,430
2710006392635654686,test_batch_5,431
2684758813670030585,test_batch_5,432
2704241813666184882,test_batch_5,433
2702936144647167480,test_batch_5,434
2726040103667837300,test_batch_5,435
2674645258649044831,test_batch_5,436
2692677043663511614,test_batch_5,437
2729881114653348137,test_batch_5,438
2718306312637623871,test_batch_5,439
2664112915631937400,test_batch_5,440
2673839940666454823,test_batch_5,441
2689758947675079008,test_batch_5,442
2680393380673478522,test_batch_5,443
2737001613664112080,test_batch_5,444
2690521197658317438,test_batch_5,445
2692866096675456317,test_batch_5,446
2707780017652506316,test_batch_5,447
2673149444656472346,test_batch_5,448
2675929272673079469,test_batch_5,449
2724691198651343472,test_batch_5,450
2662853088661268745,test_batch_5,451
2698501718656145520,test_batch_5,452
2699988191651291247,test_batch_5,453
2677465109671754392,test_batch_5,454
2658443416660648935,test_batch_5,455
2667002546654891637,test_batch_5,456
2673957038655696591,test_batch_5,457
2668179289666557627,test_batch_5,458
2711438413647868434,test_batch_5,459
2706487993643426878,test_batch_5,460
2677964999651676886,test_batch_5,461
2721941083659225531,test_batch_5,462
2708430518658230140,test_batch_5,463
2682204307638850739,test_batch_5,464
2664092510659120217,test_batch_5,465
2728428955653358039,test_batch_5,466
2724953491659857930,test_batch_5,467
2730508364666217578,test_batch_5,468
2713065830668854629,test_batch_5,469
2707794230673563855,test_batch_5,470
2668554044667470456,test_batch_5,471
2729394871661695538,test_batch_5,472
2685563923666885263,test_batch_5,473
2691943254656878671,test_batch_5,474
2722141865659025980,test_batch_5,475
2679130654656361081,test_batch_5,476
2679994246653960882,test_batch_5,477
2665390931670450934,test_batch_5,478
2713469591656394541,test_batch_5,479
2663316906665790169,test_batch_5,480
2716140843639704374,test_batch_5,481
2693764265664640823,test_batch_5,482
2682450467663675741,test_batch_5,483
2684448035669599268,test_batch_5,484
2697476704649680977,test_batch_5,485
2706560531673402490,test_batch_5,486
2675044260649519423,test_batch_5,487
2702524515675923118,test_batch_5,488
2664700926666258209,test_batch_5,489
2700819911655064800,test_batch_5,490
2691082667674161022,test_batch_5,491
2687353112649842730,test_batch_5,492
2720755532657779421,test_batch_5,493
2671716499646654046,test_batch_5,494
2670540976671502532,test_batch_5,495
2703702846655293016,test_batch_5,496
2680086804637948939,test_batch_5,497
2714433139649624008,test_batch_5,498
2661554711664556914,test_batch_5,499
2698048761655186764,test_batch_6,0
2675840014636164777,test_batch_6,1
2672372126671745930,test_batch_6,2
2704577344657263825,test_batch_6,3
2664504554662056193,test_batch_6,4
2682450061656520692,test_batch_6,5
2703990432654680973,test_batch_6,6
2688196320676043351,test_batch_6,7
2706644285661833298,test_batch_6,8
2687686194664268340,test_batch_6,9
2676730805665371988,test_batch_6,10
2687165373652119120,test_batch_6,11
2686366413633538650,test_batch_6,12
2676591820660660303,test_batch_6,13
2732482943665558299,test_batch_6,14
2703184947633210540,test_batch_6,15
2685177411659886814,test_batch_6,16
2665180809630894339,test_batch_6,17
2718492537668094851,test_batch_6,18
2708099844643695993,test_batch_6,19
2706128556672769983,test_batch_6,20
2688088243657181380,test_batch_6,21
2728419468668759244,test_batch_6,22
2709486698650347159,test_batch_6,23
2708110718638120228,test_batch_6,24
2674800789668595453,test_batch_6,25
2702824425664443376,test_batch_6,26
2710183208667193080,test_batch_6,27
2664725180660679375,test_batch_6,28
2670900135660832884,test_batch_6,29
2694408760638325314,test_batch_6,30
2690185713640419169,test_batch_6,31
2666943497633887321,test_batch_6,32
2708744411663827177,test_batch_6,33
2726250784652294759,test_batch_6,34
2667239585650811730,test_batch_6,35
2674172283668328507,test_batch_6,36
2727913757649027845,test_batch_6,37
2731210762667326516,test_batch_6,38
2699306098649548447,test_batch_6,39
2693976990667766326,test_batch_6,40
2706992835655926335,test_batch_6,41
2683412911646367911,test_batch_6,42
2663214757668968604,test_batch_6,43
2689087801660206554,test_batch_6,44
2706874392658060828,test_batch_6,45
2707661398648526076,test_batch_6,46
2691575082664050029,test_batch_6,47
2712399508665251982,test_batch_6,48
2732366495659236209,test_batch_6,49
2673460687662735081,test_batch_6,50
2707624458636426820,test_batch_6,51
2705466565641540688,test_batch_6,52
2705633174674558156,test_batch_6,53
2685505714656310354,test_batch_6,54
2684223822662016967,test_batch_6,55
2681164420646933093,test_batch_6,56
2691017078659300106,test_batch_6,57
2719394373672032128,test_batch_6,58
2672953080657839932,test_batch_6,59
2716462302671321849,test_batch_6,60
2675350021669264315,test_batch_6,61
2717984971670377063,test_batch_6,62
2708125652674221748,test_batch_6,63
2720525842638113977,test_batch_6,64
2716458924666761617,test_batch_6,65
2717926951654445280,test_batch_6,66
2707250128653977568,test_batch_6,67
2687728203633104975,test_batch_6,68
2690065049660464144,test_batch_6,69
2732926102664901130,test_batch_6,70
2695599849646906691,test_batch_6,71
2726739704670325568,test_batch_6,72
2702176558665566416,test_batch_6,73
2706039002668542734,test_batch_6,74
2671605050656714037,test_batch_6,75
2703889113649257696,test_batch_6,76
2704601623668552180,test_batch_6,77
2689960587663647979,test_batch_6,78
2727598926655976662,test_batch_6,79
2667126163666592899,test_batch_6,80
2710470665672293782,test_batch_6,81
2698984982665654623,test_batch_6,82
2724313165664733559,test_batch_6,83
2697168031654302198,test_batch_6,84
2721872542655026991,test_batch_6,85
2709344149655818490,test_batch_6,86
2702841968664072422,test_batch_6,87
2692351164653391037,test_batch_6,88
2700707947652951391,test_batch_6,89
2701492163673808528,test_batch_6,90
2697708631638954423,test_batch_6,91
2687967045637513198,test_batch_6,92
2697573557661444902,test_batch_6,93
2697161939654345223,test_batch_6,94
2663898574666849667,test_batch_6,95
2701989993663274315,test_batch_6,96
2689640056667457552,test_batch_6,97
2716559859656484319,test_batch_6,98
2692169545651718795,test_batch_6,99
2688984652647798120,test_batch_6,100
2721018513650757713,test_batch_6,101
2709999676652696068,test_batch_6,102
2729242756662128286,test_batch_6,103
2675841814637214573,test_batch_6,104
2711165975667631592,test_batch_6,105
2722405452650310706,test_batch_6,106
2725571013662092069,test_batch_6,107
2684902295657169588,test_batch_6,108
2708317072659803617,test_batch_6,109
2692310436651610162,test_batch_6,110
2714644494638631203,test_batch_6,111
2724711630669429830,test_batch_6,112
2659624396656140916,test_batch_6,113
2734310811654858571,test_batch_6,114
2718837602657239095,test_batch_6,115
2676389176668247044,test_batch_6,116
2700794334649232220,test_batch_6,117
2692829316636813987,test_batch_6,118
2690293962662783413,test_batch_6,119
2676318293650986718,test_batch_6,120
2733056855660929425,test_batch_6,121
2692347188638610044,test_batch_6,122
2689246002651874154,test_batch_6,123
2691061644658789563,test_batch_6,124
2686405315637556762,test_batch_6,125
2685265463664595341,test_batch_6,126
2697251170661095457,test_batch_6,127
2702757647675783400,test_batch_6,128
2681025318657683318,test_batch_6,129
2687288950662602824,test_batch_6,130
2698983555652091802,test_batch_6,131
2732417766655746990,test_batch_6,132
2684344404659650725,test_batch_6,133
2669246687632079742,test_batch_6,134
2673498340666768879,test_batch_6,135
2695562245638934787,test_batch_6,136
2697463393673248858,test_batch_6,137
2731964927665420487,test_batch_6,138
2720027573655065539,test_batch_6,139
2664253433657490209,test_batch_6,140
2684353990670105577,test_batch_6,141
2688569908646339092,test_batch_6,142
2710202075659019016,test_batch_6,143
2665591657662322219,test_batch_6,144
2698168636670061902,test_batch_6,145
2667123703653881822,test_batch_6,146
2701810521639789938,test_batch_6,147
2694738029652772386,test_batch_6,148
2732485910655369358,test_batch_6,149
2660146019654331453,test_batch_6,150
2663453274666721474,test_batch_6,151
2729320039654488171,test_batch_6,152
2667887083652391549,test_batch_6,153
2710507745647609531,test_batch_6,154
2673157534637942336,test_batch_6,155
2695229330654397761,test_batch_6,156
2717141071672336920,test_batch_6,157
2716143080656791572,test_batch_6,158
2674556720669419263,test_batch_6,159
2706760101669180935,test_batch_6,160
2726517928659136197,test_batch_6,161
2692031361674494193,test_batch_6,162
2672611607633118308,test_batch_6,163
2715008357656366822,test_batch_6,164
2699348800655713080,test_batch_6,165
2688170456658010520,test_batch_6,166
2718729510649169949,test_batch_6,167
2663604874654089830,test_batch_6,168
2701337237675056279,test_batch_6,169
2687691849665571112,test_batch_6,170
2701708715641179145,test_batch_6,171
2686112317636551219,test_batch_6,172
2733327333655259504,test_batch_6,173
2678538692635022607,test_batch_6,174
2669584878635871991,test_batch_6,175
2705741185650978673,test_batch_6,176
2690778220651280505,test_batch_6,177
2673722256646072919,test_batch_6,178
2721878533661107892,test_batch_6,179
2693656531674833824,test_batch_6,180
2696308952652124144,test_batch_6,181
2664575752657402116,test_batch_6,182
2674765512657866693,test_batch_6,183
2684077522654965784,test_batch_6,184
2712905177648488879,test_batch_6,185
2666982473670005527,test_batch_6,186
2714283105645343539,test_batch_6,187
2685690459668572683,test_batch_6,188
2731823331656496107,test_batch_6,189
2662563125667188944,test_batch_6,190
2670131783667841668,test_batch_6,191
2714485830646245787,test_batch_6,192
2693147765659765135,test_batch_6,193
2715196179671510501,test_batch_6,194
2692765730635610217,test_batch_6,195
2722810878663502001,test_batch_6,196
2665743038665534236,test_batch_6,197
2671815548665905328,test_batch_6,198
2722144326666954545,test_batch_6,199
2672614698652757209,test_batch_6,200
2726547619650667231,test_batch_6,201
2665353975667208765,test_batch_6,202
2719297302668025256,test_batch_6,203
2709777115652884447,test_batch_6,204
2683781255638998817,test_batch_6,205
2709606301650560305,test_batch_6,206
2667814647668970740,test_batch_6,207
2704418919655838900,test_batch_6,208
2718809452659294267,test_batch_6,209
2718964932658936815,test_batch_6,210
2690474956660556537,test_batch_6,211
2701550906651970620,test_batch_6,212
2711197722648173153,test_batch_6,213
2727776964666962023,test_batch_6,214
2719309035667317714,test_batch_6,215
2721678860650536508,test_batch_6,216
2696980774658149933,test_batch_6,217
2683327521669325779,test_batch_6,218
2708501914637068680,test_batch_6,219
2734863391656991663,test_batch_6,220
2716831544665935462,test_batch_6,221
2671681091671092718,test_batch_6,222
2705271266639434525,test_batch_6,223
2695865763655090281,test_batch_6,224
2669386994667600750,test_batch_6,225
2695654259668385782,test_batch_6,226
2676650996647641374,test_batch_6,227
2667471677656840901,test_batch_6,228
2718457159672253630,test_batch_6,229
2716100247664592817,test_batch_6,230
2700017110675824399,test_batch_6,231
2687915459652777748,test_batch_6,232
2688312128650562436,test_batch_6,233
2701577310638006558,test_batch_6,234
2681664817657872496,test_batch_6,235
2677555141670109168,test_batch_6,236
2668032417657993862,test_batch_6,237
2665984121669860326,test_batch_6,238
2708017626635268943,test_batch_6,239
2666706485665107202,test_batch_6,240
2690553393638781479,test_batch_6,241
2666220155663783819,test_batch_6,242
2723370814663785313,test_batch_6,243
2721770533655977607,test_batch_6,244
2669715703672463271,test_batch_6,245
2684937323638634379,test_batch_6,246
2686710882638471739,test_batch_6,247
2692384305645209612,test_batch_6,248
2715600480672581749,test_batch_6,249
2695359736672650260,test_batch_6,250
2671451524654042720,test_batch_6,251
2712561453672071893,test_batch_6,252
2678484450635107732,test_batch_6,253
2677624236654538082,test_batch_6,254
2733986700661739073,test_batch_6,255
2683402828648115964,test_batch_6,256
2712008117646518848,test_batch_6,257
2695302377676930187,test_batch_6,258
2671424205669691867,test_batch_6,259
2697306620654187273,test_batch_6,260
2668822451668103430,test_batch_6,261
2732569963664611379,test_batch_6,262
2674362513658773479,test_batch_6,263
2696986154645925081,test_batch_6,264
2702269817663837741,test_batch_6,265
2669112400660460981,test_batch_6,266
2719077094650750164,test_batch_6,267
2716743002663890378,test_batch_6,268
2669264430658845689,test_batch_6,269
2661394003667376793,test_batch_6,270
2692280766654916033,test_batch_6,271
2710374412673496953,test_batch_6,272
2678831019660582591,test_batch_6,273
2689628072660525081,test_batch_6,274
2730300134652199130,test_batch_6,275
2706246613637198157,test_batch_6,276
2696374045646755828,test_batch_6,277
2709147882636006063,test_batch_6,278
2717415212656015950,test_batch_6,279
2695281382670576768,test_batch_6,280
2714540765637496902,test_batch_6,281
2691322978640661593,test_batch_6,282
2660722153653565598,test_batch_6,283
2686205274663630890,test_batch_6,284
2693388972674615016,test_batch_6,285
2698882525651115386,test_batch_6,286
2732567296662237227,test_batch_6,287
2705093788634104753,test_batch_6,288
2678934802648709728,test_batch_6,289
2674495332658588230,test_batch_6,290
2688851774645095187,test_batch_6,291
2677139139637265302,test_batch_6,292
2694195867646649107,test_batch_6,293
2698648932647611080,test_batch_6,294
2684178287673256372,test_batch_6,295
2658910211655585126,test_batch_6,296
2700447874647677497,test_batch_6,297
2731036854661899111,test_batch_6,298
2679074631654036202,test_batch_6,299
2687755964654874533,test_batch_6,300
2684307089655281086,test_batch_6,301
2719029678650755837,test_batch_6,302
2671496974663548830,test_batch_6,303
2679072874648246493,test_batch_6,304
2687460760633584796,test_batch_6,305
2718838975660265979,test_batch_6,306
2673916347674448693,test_batch_6,307
2666275677662978981,test_batch_6,308
2728153938669506211,test_batch_6,309
2698194100644368343,test_batch_6,310
2708082379636626450,test_batch_6,311
2703269758649973885,test_batch_6,312
2712867707667866217,test_batch_6,313
2675141224660385424,test_batch_6,314
2702712214663213126,test_batch_6,315
2699722525667844208,test_batch_6,316
2722451553650908235,test_batch_6,317
2712175420662279855,test_batch_6,318
2676845845635376029,test_batch_6,319
2702398635655132032,test_batch_6,320
2713308722673491505,test_batch_6,321
2658629061665121654,test_batch_6,322
2673077102661193513,test_batch_6,323
2708051856656094305,test_batch_6,324
2673454099665073704,test_batch_6,325
2703182509633230941,test_batch_6,326
2722900310662957352,test_batch_6,327
2728494073666277320,test_batch_6,328
2677347887669252914,test_batch_6,329
2701465325662292388,test_batch_6,330
2677303288666942609,test_batch_6,331
2694661310655196286,test_batch_6,332
2698829806640851707,test_batch_6,333
2689228858652115961,test_batch_6,334
2716993844653411034,test_batch_6,335
2685890085632433644,test_batch_6,336
2685455115654066191,test_batch_6,337
2665899421653321609,test_batch_6,338
2718402881662767921,test_batch_6,339
2670811029655661209,test_batch_6,340
2678180424652801690,test_batch_6,341
2691950281648684984,test_batch_6,342
2658354170653774952,test_batch_6,343
2675443145672475496,test_batch_6,344
2675642178655833877,test_batch_6,345
2673854614650412457,test_batch_6,346
2690925962655762749,test_batch_6,347
2674785411649835607,test_batch_6,348
2700659451646849670,test_batch_6,349
2660129676666393693,test_batch_6,350
2694189257646661777,test_batch_6,351
2657797830655716808,test_batch_6,352
2726765889666800066,test_batch_6,353
2673574429652995124,test_batch_6,354
2730959292653489306,test_batch_6,355
2706163498650134657,test_batch_6,356
2722125851655265302,test_batch_6,357
2726862977655630206,test_batch_6,358
2691298714668963139,test_batch_6,359
2711634554657763639,test_batch_6,360
2701333134652488877,test_batch_6,361
2662641633654261581,test_batch_6,362
2713066261653145880,test_batch_6,363
2701407005644832030,test_batch_6,364
2723644159653011322,test_batch_6,365
2702613382664875657,test_batch_6,366
2676625477661299776,test_batch_6,367
2707779818658597158,test_batch_6,368
2694902854662974168,test_batch_6,369
2678410037675229696,test_batch_6,370
2710472034653301902,test_batch_6,371
2712983070667797169,test_batch_6,372
2687130886645999843,test_batch_6,373
2662131167654419979,test_batch_6,374
2695318167636584965,test_batch_6,375
2721754003665361689,test_batch_6,376
2676786343651902790,test_batch_6,377
2672799399666794297,test_batch_6,378
2688641679634826988,test_batch_6,379
2699603107673182102,test_batch_6,380
2711686567636404356,test_batch_6,381
2706387437662148755,test_batch_6,382
2679787063672781787,test_batch_6,383
2689880961638546101,test_batch_6,384
2691229666636018009,test_batch_6,385
2695360134650613907,test_batch_6,386
2699238618641269563,test_batch_6,387
2661484015659729998,test_batch_6,388
2670112094661165551,test_batch_6,389
2665031544662212628,test_batch_6,390
2670971029658449159,test_batch_6,391
2669678128659552122,test_batch_6,392
2663853011657043094,test_batch_6,393
2667688874632683411,test_batch_6,394
2695027673635892324,test_batch_6,395
2683825193652443674,test_batch_6,396
2677890445672116453,test_batch_6,397
2703282488654625155,test_batch_6,398
2704186586671642906,test_batch_6,399
2706366315667779006,test_batch_6,400
2736496868655914332,test_batch_6,401
2679626864639680720,test_batch_6,402
2724546190669913122,test_batch_6,403
2732786760660051800,test_batch_6,404
2689799088663992905,test_batch_6,405
2697316461647067949,test_batch_6,406
2698962167646134203,test_batch_6,407
2695610067676772516,test_batch_6,408
2710823210650373341,test_batch_6,409
2683549575664269771,test_batch_6,410
2728208415663173977,test_batch_6,411
2693668608666388770,test_batch_6,412
2690498518670458581,test_batch_6,413
2696988410668211650,test_batch_6,414
2713673447671868101,test_batch_6,415
2676056803670026870,test_batch_6,416
2711989471650069290,test_batch_6,417
2671219915663426493,test_batch_6,418
2698413307645204004,test_batch_6,419
2681948566662332064,test_batch_6,420
2701503168674919072,test_batch_6,421
2678916704671004079,test_batch_6,422
2709921453668058722,test_batch_6,423
2661587292653476839,test_batch_6,424
2706666999645849472,test_batch_6,425
2717042427670273928,test_batch_6,426
2730531157656617908,test_batch_6,427
2674226028635457431,test_batch_6,428
2697544703673646481,test_batch_6,429
2704234298673172758,test_batch_6,430
2695032445656669540,test_batch_6,431
2679899238651831777,test_batch_6,432
2701790538639725548,test_batch_6,433
2680870400635953769,test_batch_6,434
2702693816636356358,test_batch_6,435
2716687616663403964,test_batch_6,436
2706839236660552066,test_batch_6,437
2683075613655231060,test_batch_6,438
2699279752673266561,test_batch_6,439
2674110558661102961,test_batch_6,440
2684504642637873785,test_batch_6,441
2679725312652177541,test_batch_6,442
2698393518644817191,test_batch_6,443
2669840828659740698,test_batch_6,444
2673930321665554557,test_batch_6,445
2723041944656109855,test_batch_6,446
2686457600640922456,test_batch_6,447
2672520412654156453,test_batch_6,448
2694672804649506603,test_batch_6,449
2720199461671579486,test_batch_6,450
2682565256633247292,test_batch_6,451
2667059723661998615,test_batch_6,452
2668534840654766819,test_batch_6,453
2678639153656715538,test_batch_6,454
2707665379655493823,test_batch_6,455
2698261823640471473,test_batch_6,456
2681723833670647701,test_batch_6,457
2699403036639540842,test_batch_6,458
2688568928669603161,test_batch_6,459
2721839399652821708,test_batch_6,460
2679728097658844171,test_batch_6,461
2721676237664120403,test_batch_6,462
2670807212656816040,test_batch_6,463
2705975321653725134,test_batch_6,464
2680416077670470866,test_batch_6,465
2708290924635394329,test_batch_6,466
2704212515660902966,test_batch_6,467
2709235628672452100,test_batch_6,468
2667986412647418530,test_batch_6,469
2694889137638156834,test_batch_6,470
2661359622655217052,test_batch_6,471
2700053560662062136,test_batch_6,472
2680625029668465864,test_batch_6,473
2698703659666793829,test_batch_6,474
2667251147648175136,test_batch_6,475
2717847201657197076,test_batch_6,476
2662391175658587992,test_batch_6,477
2663436429660436551,test_batch_6,478
2670846402665980782,test_batch_6,479
2696454819649998439,test_batch_6,480
2702083822647430797,test_batch_6,481
2668834103655911267,test_batch_6,482
2698101120652924038,test_batch_6,483
2682404145661827488,test_batch_6,484
2717460897652431209,test_batch_6,485
2732053554658545590,test_batch_6,486
2678713293647407413,test_batch_6,487
2688756889659338492,test_batch_6,488
2714216368646546797,test_batch_6,489
2701421200635907779,test_batch_6,490
2719892953663277006,test_batch_6,491
2729354274656382483,test_batch_6,492
2678241083672090465,test_batch_6,493
2673794007662920428,test_batch_6,494
2694515730648668291,test_batch_6,495
2663581565663394914,test_batch_6,496
2708064516667587201,test_batch_6,497
2706755616656775467,test_batch_6,498
2683086001652333242,test_batch_6,499
2694456032638388754,test_batch_7,0
2679790639654340218,test_batch_7,1
2705431168675758975,test_batch_7,2
2699354295638133887,test_batch_7,3
2716863248659724251,test_batch_7,4
2694649107643595654,test_batch_7,5
2697918131673855808,test_batch_7,6
2669180146632345002,test_batch_7,7
2658007620651877767,test_batch_7,8
2701597162653772795,test_batch_7,9
2700158069638381261,test_batch_7,10
2676454210663072284,test_batch_7,11
2710476368638028547,test_batch_7,12
2677901962651842143,test_batch_7,13
2686192848668466009,test_batch_7,14
2673151949654717896,test_batch_7,15
2669247836648436276,test_batch_7,16
2727405242671336567,test_batch_7,17
2683627117656435801,test_batch_7,18
2727822584660104811,test_batch_7,19
2683232623664276145,test_batch_7,20
2693126013641139330,test_batch_7,21
2688583417637415999,test_batch_7,22
2660487916664382306,test_batch_7,23
2675649982656851039,test_batch_7,24
2717707004648502366,test_batch_7,25
2717433780636730627,test_batch_7,26
2723076686658857016,test_batch_7,27
2681358239664448629,test_batch_7,28
2724928444661179739,test_batch_7,29
2682534167674599842,test_batch_7,30
2679715160658101116,test_batch_7,31
2714398242662484379,test_batch_7,32
2692466479654499624,test_batch_7,33
2664236089658083701,test_batch_7,34
2730866099655468622,test_batch_7,35
2705974543668012583,test_batch_7,36
2707245148660702287,test_batch_7,37
2696056790655188759,test_batch_7,38
2706938355663556101,test_batch_7,39
2679760658663477726,test_batch_7,40
2675695098655363908,test_batch_7,41
2693576994674941355,test_batch_7,42
2673016701653598916,test_batch_7,43
2731592922660820815,test_batch_7,44
2717504196656525278,test_batch_7,45
2731347977664017752,test_batch_7,46
2700299005661865745,test_batch_7,47
2720738701672897816,test_batch_7,48
2711387791646489402,test_batch_7,49
2699601344673978282,test_batch_7,50
2714266281645074109,test_batch_7,51
2680989387668536435,test_batch_7,52
